-- --------------------------------------------------------
-- Host:                         onelastlegacy.cf
-- Server version:               5.6.48-log - Source distribution
-- Server OS:                    Linux
-- HeidiSQL Version:             10.3.0.5771
-- --------------------------------------------------------

/*!40101 SET @OLD_CHARACTER_SET_CLIENT=@@CHARACTER_SET_CLIENT */;
/*!40101 SET NAMES utf8 */;
/*!50503 SET NAMES utf8mb4 */;
/*!40014 SET @OLD_FOREIGN_KEY_CHECKS=@@FOREIGN_KEY_CHECKS, FOREIGN_KEY_CHECKS=0 */;
/*!40101 SET @OLD_SQL_MODE=@@SQL_MODE, SQL_MODE='NO_AUTO_VALUE_ON_ZERO' */;

-- Dumping structure for table essentialmode.addon_account
DROP TABLE IF EXISTS `addon_account`;
CREATE TABLE IF NOT EXISTS `addon_account` (
  `name` varchar(60) COLLATE utf8mb4_bin NOT NULL,
  `label` varchar(100) COLLATE utf8mb4_bin NOT NULL,
  `shared` int(11) NOT NULL,
  PRIMARY KEY (`name`)
) ENGINE=InnoDB DEFAULT CHARSET=utf8mb4 COLLATE=utf8mb4_bin;

-- Dumping data for table essentialmode.addon_account: ~10 rows (approximately)
DELETE FROM `addon_account`;
/*!40000 ALTER TABLE `addon_account` DISABLE KEYS */;
INSERT INTO `addon_account` (`name`, `label`, `shared`) VALUES
	('bank_savings', 'Bank Savings', 0),
	('caution', 'Caution', 0),
	('property_black_money', 'Black Money', 0),
	('society_ambulance', 'EMS', 1),
	('society_banker', 'Bank', 1),
	('society_cardealer', 'Cardealer', 1),
	('society_groove', 'groove', 1),
	('society_mechanic', 'Mechanic', 1),
	('society_police', 'Police', 1),
	('society_taxi', 'Taxi', 1);
/*!40000 ALTER TABLE `addon_account` ENABLE KEYS */;

-- Dumping structure for table essentialmode.addon_account_data
DROP TABLE IF EXISTS `addon_account_data`;
CREATE TABLE IF NOT EXISTS `addon_account_data` (
  `id` int(11) NOT NULL AUTO_INCREMENT,
  `account_name` varchar(100) COLLATE utf8mb4_bin DEFAULT NULL,
  `money` int(11) NOT NULL,
  `owner` varchar(100) COLLATE utf8mb4_bin DEFAULT NULL,
  PRIMARY KEY (`id`),
  UNIQUE KEY `index_addon_account_data_account_name_owner` (`account_name`,`owner`),
  KEY `index_addon_account_data_account_name` (`account_name`)
) ENGINE=InnoDB DEFAULT CHARSET=utf8mb4 COLLATE=utf8mb4_bin;

-- Dumping data for table essentialmode.addon_account_data: ~177 rows (approximately)
DELETE FROM `addon_account_data`;
/*!40000 ALTER TABLE `addon_account_data` DISABLE KEYS */;
INSERT INTO `addon_account_data` (`id`, `account_name`, `money`, `owner`) VALUES
	(276, 'society_ambulance', 8000, NULL),
	(277, 'society_banker', 0, NULL),
	(278, 'society_cardealer', 2713260, NULL),
	(279, 'society_mechanic', 0, NULL),
	(280, 'society_police', 400, NULL),
	(281, 'society_taxi', 0, NULL),
	(285, 'bank_savings', 0, 'Char1:1100001333322a0'),
	(286, 'property_black_money', 0, 'Char1:1100001333322a0'),
	(287, 'caution', 0, 'Char1:1100001333322a0'),
	(291, 'bank_savings', 0, 'steam:11000011986d23d'),
	(292, 'caution', 0, 'steam:11000011986d23d'),
	(293, 'property_black_money', 0, 'steam:11000011986d23d'),
	(294, 'bank_savings', 0, 'Char5:11000013425c1d8'),
	(295, 'caution', 0, 'Char5:11000013425c1d8'),
	(296, 'property_black_money', 0, 'Char5:11000013425c1d8'),
	(300, 'caution', 0, 'steam:1100001333b2bd2'),
	(301, 'property_black_money', 0, 'steam:1100001333b2bd2'),
	(302, 'bank_savings', 0, 'steam:1100001333b2bd2'),
	(303, 'caution', 0, 'steam:11000013d08c2fd'),
	(304, 'property_black_money', 0, 'steam:11000013d08c2fd'),
	(305, 'bank_savings', 0, 'steam:11000013d08c2fd'),
	(306, 'bank_savings', 0, 'steam:110000131e1a905'),
	(307, 'caution', 0, 'steam:110000131e1a905'),
	(308, 'property_black_money', 0, 'steam:110000131e1a905'),
	(309, 'bank_savings', 0, 'Char1:1100001164c12c1'),
	(310, 'caution', 0, 'Char1:1100001164c12c1'),
	(311, 'property_black_money', 0, 'Char1:1100001164c12c1'),
	(312, 'bank_savings', 0, 'steam:110000117729806'),
	(313, 'caution', 0, 'steam:110000117729806'),
	(314, 'property_black_money', 0, 'steam:110000117729806'),
	(315, 'bank_savings', 0, 'Char1:1100001007891ea'),
	(316, 'caution', 0, 'Char1:1100001007891ea'),
	(317, 'property_black_money', 0, 'Char1:1100001007891ea'),
	(321, 'bank_savings', 0, 'Char1:110000136fdeee3'),
	(322, 'caution', 0, 'Char1:110000136fdeee3'),
	(323, 'property_black_money', 0, 'Char1:110000136fdeee3'),
	(324, 'bank_savings', 0, 'steam:11000011ae6ed83'),
	(325, 'caution', 0, 'steam:11000011ae6ed83'),
	(326, 'property_black_money', 0, 'steam:11000011ae6ed83'),
	(327, 'bank_savings', 0, 'steam:1100001082331e8'),
	(328, 'property_black_money', 0, 'steam:1100001082331e8'),
	(329, 'caution', 0, 'steam:1100001082331e8'),
	(330, 'caution', 0, 'steam:11000013715099c'),
	(331, 'property_black_money', 0, 'steam:11000013715099c'),
	(332, 'bank_savings', 0, 'steam:11000013715099c'),
	(333, 'bank_savings', 0, 'steam:11000010ff2dbf8'),
	(334, 'caution', 0, 'steam:11000010ff2dbf8'),
	(335, 'property_black_money', 0, 'steam:11000010ff2dbf8'),
	(336, 'bank_savings', 0, 'steam:11000013530cf85'),
	(337, 'caution', 0, 'steam:11000013530cf85'),
	(338, 'property_black_money', 0, 'steam:11000013530cf85'),
	(339, 'bank_savings', 0, 'steam:110000115baa4fb'),
	(340, 'property_black_money', 0, 'steam:110000115baa4fb'),
	(341, 'caution', 0, 'steam:110000115baa4fb'),
	(363, 'bank_savings', 0, 'steam:110000115e9b4f0'),
	(364, 'property_black_money', 0, 'steam:110000115e9b4f0'),
	(365, 'caution', 0, 'steam:110000115e9b4f0'),
	(369, 'property_black_money', 0, 'steam:1100001121236d9'),
	(370, 'caution', 0, 'steam:1100001121236d9'),
	(371, 'bank_savings', 0, 'steam:1100001121236d9'),
	(372, 'bank_savings', 0, 'Char2:11000013d08c2fd'),
	(373, 'caution', 0, 'Char2:11000013d08c2fd'),
	(374, 'property_black_money', 0, 'Char2:11000013d08c2fd'),
	(390, 'bank_savings', 0, 'steam:1100001007891ea'),
	(391, 'caution', 0, 'steam:1100001007891ea'),
	(392, 'property_black_money', 0, 'steam:1100001007891ea'),
	(396, 'bank_savings', 0, 'steam:11000011b0b9af1'),
	(397, 'property_black_money', 0, 'steam:11000011b0b9af1'),
	(398, 'caution', 0, 'steam:11000011b0b9af1'),
	(399, 'bank_savings', 0, 'steam:11000013bab8789'),
	(400, 'caution', 0, 'steam:11000013bab8789'),
	(401, 'property_black_money', 0, 'steam:11000013bab8789'),
	(405, 'bank_savings', 0, 'steam:1100001158c1b21'),
	(406, 'caution', 0, 'steam:1100001158c1b21'),
	(407, 'property_black_money', 0, 'steam:1100001158c1b21'),
	(411, 'bank_savings', 0, 'Char3:1100001007891ea'),
	(412, 'caution', 0, 'Char3:1100001007891ea'),
	(413, 'property_black_money', 0, 'Char3:1100001007891ea'),
	(417, 'bank_savings', 0, 'steam:11000013b8a3d20'),
	(418, 'caution', 0, 'steam:11000013b8a3d20'),
	(419, 'property_black_money', 0, 'steam:11000013b8a3d20'),
	(420, 'bank_savings', 0, 'steam:110000106ec637b'),
	(421, 'caution', 0, 'steam:110000106ec637b'),
	(422, 'property_black_money', 0, 'steam:110000106ec637b'),
	(423, 'bank_savings', 0, 'steam:110000134f38b7d'),
	(424, 'caution', 0, 'steam:110000134f38b7d'),
	(425, 'property_black_money', 0, 'steam:110000134f38b7d'),
	(429, 'bank_savings', 0, 'steam:11000010d5c1009'),
	(430, 'caution', 0, 'steam:11000010d5c1009'),
	(431, 'property_black_money', 0, 'steam:11000010d5c1009'),
	(453, 'bank_savings', 0, 'steam:1100001345e5866'),
	(454, 'caution', 0, 'steam:1100001345e5866'),
	(455, 'property_black_money', 0, 'steam:1100001345e5866'),
	(456, 'bank_savings', 0, 'steam:11000013b7d5760'),
	(457, 'caution', 0, 'steam:11000013b7d5760'),
	(458, 'property_black_money', 0, 'steam:11000013b7d5760'),
	(459, 'bank_savings', 0, 'steam:11000013a5dc04d'),
	(460, 'caution', 0, 'steam:11000013a5dc04d'),
	(461, 'property_black_money', 0, 'steam:11000013a5dc04d'),
	(462, 'bank_savings', 0, 'Char1:110000134481ed5'),
	(463, 'caution', 0, 'Char1:110000134481ed5'),
	(464, 'property_black_money', 0, 'Char1:110000134481ed5'),
	(468, 'bank_savings', 0, 'steam:11000011cb32a67'),
	(469, 'caution', 0, 'steam:11000011cb32a67'),
	(470, 'property_black_money', 0, 'steam:11000011cb32a67'),
	(471, 'bank_savings', 0, 'steam:11000013d408968'),
	(472, 'caution', 0, 'steam:11000013d408968'),
	(473, 'property_black_money', 0, 'steam:11000013d408968'),
	(474, 'caution', 0, 'steam:110000137972c5f'),
	(475, 'bank_savings', 0, 'steam:110000137972c5f'),
	(476, 'property_black_money', 0, 'steam:110000137972c5f'),
	(477, 'caution', 0, 'steam:11000013425c1d8'),
	(478, 'property_black_money', 0, 'steam:11000013425c1d8'),
	(479, 'bank_savings', 0, 'steam:11000013425c1d8'),
	(483, 'bank_savings', 0, 'steam:11000011b23ad9b'),
	(484, 'caution', 0, 'steam:11000011b23ad9b'),
	(485, 'property_black_money', 0, 'steam:11000011b23ad9b'),
	(486, 'bank_savings', 0, 'steam:110000139b0479e'),
	(487, 'caution', 0, 'steam:110000139b0479e'),
	(488, 'property_black_money', 0, 'steam:110000139b0479e'),
	(510, 'motels_bed_black_money', 0, 'steam:110000139b0479e'),
	(511, 'motels_black_money', 0, 'steam:110000139b0479e'),
	(512, 'society_groove', 0, NULL),
	(513, 'bank_savings', 0, 'steam:11000013d80c34f'),
	(514, 'caution', 0, 'steam:11000013d80c34f'),
	(515, 'property_black_money', 0, 'steam:11000013d80c34f'),
	(516, 'bank_savings', 0, 'steam:11000013cf6131e'),
	(517, 'caution', 0, 'steam:11000013cf6131e'),
	(518, 'property_black_money', 0, 'steam:11000013cf6131e'),
	(519, 'bank_savings', 0, 'steam:11000013e6ab42b'),
	(520, 'caution', 0, 'steam:11000013e6ab42b'),
	(521, 'property_black_money', 0, 'steam:11000013e6ab42b'),
	(522, 'bank_savings', 0, 'steam:11000013fa72798'),
	(523, 'caution', 0, 'steam:11000013fa72798'),
	(524, 'property_black_money', 0, 'steam:11000013fa72798'),
	(525, 'bank_savings', 0, 'steam:110000119bd7bda'),
	(526, 'caution', 0, 'steam:110000119bd7bda'),
	(527, 'property_black_money', 0, 'steam:110000119bd7bda'),
	(528, 'bank_savings', 0, 'steam:11000013d9ceb45'),
	(529, 'caution', 0, 'steam:11000013d9ceb45'),
	(530, 'property_black_money', 0, 'steam:11000013d9ceb45'),
	(531, 'bank_savings', 0, 'steam:110000135a2dcb0'),
	(532, 'caution', 0, 'steam:110000135a2dcb0'),
	(533, 'property_black_money', 0, 'steam:110000135a2dcb0'),
	(534, 'bank_savings', 0, 'steam:110000141badbd7'),
	(535, 'caution', 0, 'steam:110000141badbd7'),
	(536, 'property_black_money', 0, 'steam:110000141badbd7'),
	(537, 'bank_savings', 0, 'steam:11000013f7c200c'),
	(538, 'caution', 0, 'steam:11000013f7c200c'),
	(539, 'property_black_money', 0, 'steam:11000013f7c200c'),
	(540, 'bank_savings', 0, 'steam:11000013643f404'),
	(541, 'caution', 0, 'steam:11000013643f404'),
	(542, 'property_black_money', 0, 'steam:11000013643f404'),
	(543, 'bank_savings', 0, 'steam:11000013c71edd7'),
	(544, 'caution', 0, 'steam:11000013c71edd7'),
	(545, 'property_black_money', 0, 'steam:11000013c71edd7'),
	(546, 'bank_savings', 0, 'steam:110000112bdd6a2'),
	(547, 'caution', 0, 'steam:110000112bdd6a2'),
	(548, 'property_black_money', 0, 'steam:110000112bdd6a2'),
	(549, 'bank_savings', 0, 'steam:110000140ec1768'),
	(550, 'caution', 0, 'steam:110000140ec1768'),
	(551, 'property_black_money', 0, 'steam:110000140ec1768'),
	(552, 'bank_savings', 0, 'steam:1100001407e52c2'),
	(553, 'caution', 0, 'steam:1100001407e52c2'),
	(554, 'property_black_money', 0, 'steam:1100001407e52c2'),
	(558, 'bank_savings', 0, 'steam:11000013ee8da84'),
	(559, 'caution', 0, 'steam:11000013ee8da84'),
	(560, 'property_black_money', 0, 'steam:11000013ee8da84'),
	(561, 'bank_savings', 0, 'steam:11000013e171b9d'),
	(562, 'caution', 0, 'steam:11000013e171b9d'),
	(563, 'property_black_money', 0, 'steam:11000013e171b9d'),
	(564, 'bank_savings', 0, 'steam:110000112d5aa7b'),
	(565, 'caution', 0, 'steam:110000112d5aa7b'),
	(566, 'property_black_money', 0, 'steam:110000112d5aa7b'),
	(567, 'bank_savings', 0, 'steam:11000013ec6f59b'),
	(568, 'caution', 0, 'steam:11000013ec6f59b'),
	(569, 'property_black_money', 0, 'steam:11000013ec6f59b'),
	(570, 'bank_savings', 0, 'steam:11000013df98c58'),
	(571, 'caution', 0, 'steam:11000013df98c58'),
	(572, 'property_black_money', 0, 'steam:11000013df98c58');
/*!40000 ALTER TABLE `addon_account_data` ENABLE KEYS */;

-- Dumping structure for table essentialmode.addon_inventory
DROP TABLE IF EXISTS `addon_inventory`;
CREATE TABLE IF NOT EXISTS `addon_inventory` (
  `name` varchar(60) COLLATE utf8mb4_bin NOT NULL,
  `label` varchar(100) COLLATE utf8mb4_bin NOT NULL,
  `shared` int(11) NOT NULL,
  PRIMARY KEY (`name`)
) ENGINE=InnoDB DEFAULT CHARSET=utf8mb4 COLLATE=utf8mb4_bin;

-- Dumping data for table essentialmode.addon_inventory: ~8 rows (approximately)
DELETE FROM `addon_inventory`;
/*!40000 ALTER TABLE `addon_inventory` DISABLE KEYS */;
INSERT INTO `addon_inventory` (`name`, `label`, `shared`) VALUES
	('housing', 'Housing', 0),
	('property', 'Property', 0),
	('society_ambulance', 'EMS', 1),
	('society_cardealer', 'Cardealer', 1),
	('society_groove', 'groove', 1),
	('society_mechanic', 'Mechanic', 1),
	('society_police', 'Police', 1),
	('society_taxi', 'Taxi', 1);
/*!40000 ALTER TABLE `addon_inventory` ENABLE KEYS */;

-- Dumping structure for table essentialmode.addon_inventory_items
DROP TABLE IF EXISTS `addon_inventory_items`;
CREATE TABLE IF NOT EXISTS `addon_inventory_items` (
  `id` int(11) NOT NULL AUTO_INCREMENT,
  `inventory_name` varchar(100) COLLATE utf8mb4_bin NOT NULL,
  `name` varchar(100) COLLATE utf8mb4_bin NOT NULL,
  `count` int(11) NOT NULL,
  `owner` varchar(60) COLLATE utf8mb4_bin DEFAULT NULL,
  PRIMARY KEY (`id`),
  KEY `index_addon_inventory_items_inventory_name_name` (`inventory_name`,`name`),
  KEY `index_addon_inventory_items_inventory_name_name_owner` (`inventory_name`,`name`,`owner`),
  KEY `index_addon_inventory_inventory_name` (`inventory_name`)
) ENGINE=InnoDB DEFAULT CHARSET=utf8mb4 COLLATE=utf8mb4_bin;

-- Dumping data for table essentialmode.addon_inventory_items: ~0 rows (approximately)
DELETE FROM `addon_inventory_items`;
/*!40000 ALTER TABLE `addon_inventory_items` DISABLE KEYS */;
/*!40000 ALTER TABLE `addon_inventory_items` ENABLE KEYS */;

-- Dumping structure for table essentialmode.arrests_list
DROP TABLE IF EXISTS `arrests_list`;
CREATE TABLE IF NOT EXISTS `arrests_list` (
  `id` int(11) NOT NULL AUTO_INCREMENT,
  `json_data` longtext NOT NULL,
  PRIMARY KEY (`id`)
) ENGINE=InnoDB DEFAULT CHARSET=utf8;

-- Dumping data for table essentialmode.arrests_list: ~0 rows (approximately)
DELETE FROM `arrests_list`;
/*!40000 ALTER TABLE `arrests_list` DISABLE KEYS */;
/*!40000 ALTER TABLE `arrests_list` ENABLE KEYS */;

-- Dumping structure for table essentialmode.billing
DROP TABLE IF EXISTS `billing`;
CREATE TABLE IF NOT EXISTS `billing` (
  `id` int(11) NOT NULL AUTO_INCREMENT,
  `identifier` varchar(255) COLLATE utf8mb4_bin NOT NULL,
  `sender` varchar(255) COLLATE utf8mb4_bin NOT NULL,
  `target_type` varchar(50) COLLATE utf8mb4_bin NOT NULL,
  `target` varchar(255) COLLATE utf8mb4_bin NOT NULL,
  `label` varchar(255) COLLATE utf8mb4_bin NOT NULL,
  `amount` int(11) NOT NULL,
  PRIMARY KEY (`id`)
) ENGINE=InnoDB DEFAULT CHARSET=utf8mb4 COLLATE=utf8mb4_bin;

-- Dumping data for table essentialmode.billing: ~75 rows (approximately)
DELETE FROM `billing`;
/*!40000 ALTER TABLE `billing` DISABLE KEYS */;
INSERT INTO `billing` (`id`, `identifier`, `sender`, `target_type`, `target`, `label`, `amount`) VALUES
	(1, 'steam:11000013d80c34f', 'steam:11000013d80c34f', 'society', 'society_police', 'Speedcamera (80KM/H)', 100),
	(2, 'steam:11000013d80c34f', 'steam:11000013d80c34f', 'society', 'society_police', 'Speedcamera (80KM/H)', 100),
	(3, 'steam:11000013d80c34f', 'steam:11000013d80c34f', 'society', 'society_police', 'Speedcamera (80KM/H)', 100),
	(4, 'steam:11000013d80c34f', 'steam:11000013d80c34f', 'society', 'society_police', 'Speedcamera (80KM/H)', 100),
	(5, 'steam:11000013d80c34f', 'steam:11000013d80c34f', 'society', 'society_police', 'Speedcamera (80KM/H)', 100),
	(6, 'steam:11000013d80c34f', 'steam:11000013d80c34f', 'society', 'society_police', 'Speedcamera (80KM/H)', 100),
	(7, 'steam:11000013d80c34f', 'steam:11000013d80c34f', 'society', 'society_police', 'Speedcamera (120KM/H)', 500),
	(8, 'steam:11000013d80c34f', 'steam:11000013d80c34f', 'society', 'society_police', 'Speedcamera (120KM/H)', 500),
	(9, 'steam:11000013cf6131e', 'steam:11000013cf6131e', 'society', 'society_police', 'Speedcamera (80KM/H)', 100),
	(10, 'steam:11000013cf6131e', 'steam:11000013cf6131e', 'society', 'society_police', 'Speedcamera (120KM/H)', 500),
	(11, 'steam:110000119bd7bda', 'steam:110000119bd7bda', 'society', 'society_police', 'Speedcamera (80KM/H)', 100),
	(12, 'Char2:11000013fa72798', 'steam:11000013fa72798', 'society', 'society_police', 'Speedcamera (80KM/H)', 100),
	(13, 'steam:11000013d80c34f', 'steam:11000013d80c34f', 'society', 'society_police', 'Speedcamera (80KM/H)', 100),
	(14, 'steam:11000013d9ceb45', 'steam:11000013d9ceb45', 'society', 'society_police', 'Speedcamera (80KM/H)', 100),
	(15, 'steam:11000013d9ceb45', 'steam:11000013d9ceb45', 'society', 'society_police', 'Speedcamera (80KM/H)', 100),
	(16, 'steam:11000013d9ceb45', 'steam:11000013d9ceb45', 'society', 'society_police', 'Speedcamera (80KM/H)', 100),
	(17, 'steam:11000013d9ceb45', 'steam:11000013d9ceb45', 'society', 'society_police', 'Speedcamera (80KM/H)', 100),
	(18, 'steam:11000013d80c34f', 'steam:11000013d80c34f', 'society', 'society_police', 'Speedcamera (80KM/H)', 100),
	(19, 'steam:11000013d80c34f', 'steam:11000013d80c34f', 'society', 'society_police', 'Speedcamera (80KM/H)', 100),
	(20, 'steam:11000013d80c34f', 'steam:11000013d80c34f', 'society', 'society_police', 'Speedcamera (80KM/H)', 100),
	(21, 'steam:11000013d80c34f', 'steam:11000013d80c34f', 'society', 'society_police', 'Speedcamera (80KM/H)', 100),
	(22, 'steam:11000013d80c34f', 'steam:11000013d80c34f', 'society', 'society_police', 'Speedcamera (80KM/H)', 100),
	(23, 'steam:11000013f7c200c', 'steam:11000013f7c200c', 'society', 'society_police', 'Speedcamera (80KM/H)', 100),
	(24, 'steam:11000013f7c200c', 'steam:11000013f7c200c', 'society', 'society_police', 'Speedcamera (80KM/H)', 100),
	(25, 'steam:11000013f7c200c', 'steam:11000013f7c200c', 'society', 'society_police', 'Speedcamera (80KM/H)', 100),
	(26, 'steam:11000013643f404', 'steam:11000013643f404', 'society', 'society_police', 'Speedcamera (80KM/H)', 100),
	(27, 'steam:11000013f7c200c', 'steam:11000013f7c200c', 'society', 'society_police', 'Speedcamera (80KM/H)', 100),
	(28, 'steam:11000013f7c200c', 'steam:11000013f7c200c', 'society', 'society_police', 'Speedcamera (80KM/H)', 100),
	(29, 'steam:11000013643f404', 'steam:11000013643f404', 'society', 'society_police', 'Speedcamera (80KM/H)', 100),
	(30, 'steam:11000013643f404', 'steam:11000013643f404', 'society', 'society_police', 'Speedcamera (80KM/H)', 100),
	(31, 'steam:11000013643f404', 'steam:11000013643f404', 'society', 'society_police', 'Speedcamera (80KM/H)', 100),
	(32, 'steam:11000013643f404', 'steam:11000013643f404', 'society', 'society_police', 'Speedcamera (80KM/H)', 100),
	(34, 'steam:110000119bd7bda', 'steam:110000119bd7bda', 'society', 'society_police', 'Speedcamera (80KM/H)', 100),
	(35, 'steam:110000119bd7bda', 'steam:110000119bd7bda', 'society', 'society_police', 'Speedcamera (80KM/H)', 100),
	(36, 'steam:110000119bd7bda', 'steam:110000119bd7bda', 'society', 'society_police', 'Speedcamera (80KM/H)', 100),
	(37, 'steam:110000119bd7bda', 'steam:110000119bd7bda', 'society', 'society_police', 'Speedcamera (80KM/H)', 100),
	(38, 'steam:110000119bd7bda', 'steam:110000119bd7bda', 'society', 'society_police', 'Speedcamera (80KM/H)', 100),
	(39, 'steam:110000119bd7bda', 'steam:110000119bd7bda', 'society', 'society_police', 'Speedcamera (80KM/H)', 100),
	(40, 'steam:110000119bd7bda', 'steam:110000119bd7bda', 'society', 'society_police', 'Speedcamera (80KM/H)', 100),
	(41, 'steam:110000119bd7bda', 'steam:110000119bd7bda', 'society', 'society_police', 'Speedcamera (80KM/H)', 100),
	(42, 'steam:11000013d9ceb45', 'steam:11000013d9ceb45', 'society', 'society_police', 'Speedcamera (80KM/H)', 100),
	(43, 'steam:11000013d9ceb45', 'steam:11000013d9ceb45', 'society', 'society_police', 'Speedcamera (80KM/H)', 100),
	(44, 'steam:11000013d9ceb45', 'steam:11000013d9ceb45', 'society', 'society_police', 'Speedcamera (80KM/H)', 100),
	(45, 'steam:11000013d9ceb45', 'steam:11000013d9ceb45', 'society', 'society_police', 'Speedcamera (80KM/H)', 100),
	(46, 'steam:11000013d9ceb45', 'steam:11000013d9ceb45', 'society', 'society_police', 'Speedcamera (80KM/H)', 100),
	(47, 'steam:11000013d9ceb45', 'steam:11000013d9ceb45', 'society', 'society_police', 'Speedcamera (80KM/H)', 100),
	(48, 'steam:11000013d9ceb45', 'steam:11000013d9ceb45', 'society', 'society_police', 'Speedcamera (80KM/H)', 100),
	(49, 'steam:110000119bd7bda', 'steam:110000119bd7bda', 'society', 'society_police', 'Speedcamera (80KM/H)', 100),
	(50, 'steam:110000119bd7bda', 'steam:110000119bd7bda', 'society', 'society_police', 'Speedcamera (80KM/H)', 100),
	(51, 'steam:110000119bd7bda', 'steam:110000119bd7bda', 'society', 'society_police', 'Speedcamera (80KM/H)', 100),
	(52, 'steam:110000119bd7bda', 'steam:110000119bd7bda', 'society', 'society_police', 'Speedcamera (120KM/H)', 500),
	(53, 'steam:110000119bd7bda', 'steam:110000119bd7bda', 'society', 'society_police', 'Speedcamera (80KM/H)', 100),
	(54, 'steam:110000119bd7bda', 'steam:110000119bd7bda', 'society', 'society_police', 'Speedcamera (80KM/H)', 100),
	(55, 'steam:11000013d80c34f', 'steam:11000013d80c34f', 'society', 'society_police', 'Speedcamera (80KM/H)', 100),
	(56, 'steam:11000013d80c34f', 'steam:11000013d80c34f', 'society', 'society_police', 'Speedcamera (80KM/H)', 100),
	(58, 'steam:11000013d80c34f', 'steam:11000013d80c34f', 'society', 'society_police', 'Speedcamera (80KM/H)', 100),
	(61, 'steam:11000013ec6f59b', 'steam:11000013ec6f59b', 'society', 'society_police', 'Speedcamera (80KM/H)', 100),
	(62, 'steam:11000013ec6f59b', 'steam:11000013ec6f59b', 'society', 'society_police', 'Speedcamera (80KM/H)', 100),
	(63, 'steam:11000013fa72798', 'steam:11000013fa72798', 'society', 'society_police', 'Speedcamera (80KM/H)', 100),
	(64, 'steam:11000013d80c34f', 'steam:11000013d80c34f', 'society', 'society_police', 'Speedcamera (80KM/H)', 100),
	(65, 'steam:11000013d80c34f', 'steam:11000013d80c34f', 'society', 'society_police', 'Speedcamera (80KM/H)', 100),
	(66, 'steam:11000013d80c34f', 'steam:11000013d80c34f', 'society', 'society_police', 'Speedcamera (80KM/H)', 100),
	(67, 'steam:11000013d80c34f', 'steam:11000013d80c34f', 'society', 'society_police', 'Speedcamera (80KM/H)', 100),
	(68, 'steam:11000013d80c34f', 'steam:11000013d80c34f', 'society', 'society_police', 'Speedcamera (80KM/H)', 100),
	(69, 'steam:11000013d80c34f', 'steam:11000013d80c34f', 'society', 'society_police', 'Speedcamera (80KM/H)', 100),
	(70, 'steam:11000013d80c34f', 'steam:11000013d80c34f', 'society', 'society_police', 'Speedcamera (80KM/H)', 100),
	(71, 'steam:11000013d80c34f', 'steam:11000013d80c34f', 'society', 'society_police', 'Speedcamera (80KM/H)', 100),
	(72, 'steam:11000013d80c34f', 'steam:11000013d80c34f', 'society', 'society_police', 'Speedcamera (80KM/H)', 100),
	(73, 'steam:11000013d80c34f', 'steam:11000013d80c34f', 'society', 'society_police', 'Speedcamera (80KM/H)', 100),
	(74, 'steam:11000013d80c34f', 'steam:11000013d80c34f', 'society', 'society_police', 'Speedcamera (80KM/H)', 100),
	(75, 'steam:11000013d80c34f', 'steam:11000013d80c34f', 'society', 'society_police', 'Speedcamera (80KM/H)', 100),
	(76, 'steam:11000013d80c34f', 'steam:11000013d80c34f', 'society', 'society_police', 'Speedcamera (80KM/H)', 100),
	(77, 'steam:11000013d80c34f', 'steam:11000013d80c34f', 'society', 'society_police', 'Speedcamera (80KM/H)', 100),
	(78, 'steam:11000013d80c34f', 'steam:11000013d80c34f', 'society', 'society_police', 'Speedcamera (80KM/H)', 100),
	(79, 'steam:11000013d80c34f', 'steam:11000013d80c34f', 'society', 'society_police', 'Speedcamera (80KM/H)', 100);
/*!40000 ALTER TABLE `billing` ENABLE KEYS */;

-- Dumping structure for table essentialmode.bolos_list
DROP TABLE IF EXISTS `bolos_list`;
CREATE TABLE IF NOT EXISTS `bolos_list` (
  `id` int(11) NOT NULL AUTO_INCREMENT,
  `json_data` longtext NOT NULL,
  PRIMARY KEY (`id`)
) ENGINE=InnoDB DEFAULT CHARSET=utf8;

-- Dumping data for table essentialmode.bolos_list: ~0 rows (approximately)
DELETE FROM `bolos_list`;
/*!40000 ALTER TABLE `bolos_list` DISABLE KEYS */;
/*!40000 ALTER TABLE `bolos_list` ENABLE KEYS */;

-- Dumping structure for table essentialmode.bought_houses
DROP TABLE IF EXISTS `bought_houses`;
CREATE TABLE IF NOT EXISTS `bought_houses` (
  `houseid` int(50) NOT NULL,
  PRIMARY KEY (`houseid`)
) ENGINE=InnoDB DEFAULT CHARSET=utf8;

-- Dumping data for table essentialmode.bought_houses: ~0 rows (approximately)
DELETE FROM `bought_houses`;
/*!40000 ALTER TABLE `bought_houses` DISABLE KEYS */;
/*!40000 ALTER TABLE `bought_houses` ENABLE KEYS */;

-- Dumping structure for table essentialmode.cardealer_vehicles
DROP TABLE IF EXISTS `cardealer_vehicles`;
CREATE TABLE IF NOT EXISTS `cardealer_vehicles` (
  `id` int(11) NOT NULL AUTO_INCREMENT,
  `vehicle` varchar(255) COLLATE utf8mb4_bin NOT NULL,
  `price` int(11) NOT NULL,
  PRIMARY KEY (`id`)
) ENGINE=InnoDB DEFAULT CHARSET=utf8mb4 COLLATE=utf8mb4_bin;

-- Dumping data for table essentialmode.cardealer_vehicles: ~0 rows (approximately)
DELETE FROM `cardealer_vehicles`;
/*!40000 ALTER TABLE `cardealer_vehicles` DISABLE KEYS */;
/*!40000 ALTER TABLE `cardealer_vehicles` ENABLE KEYS */;

-- Dumping structure for table essentialmode.characters
DROP TABLE IF EXISTS `characters`;
CREATE TABLE IF NOT EXISTS `characters` (
  `id` int(11) NOT NULL AUTO_INCREMENT,
  `identifier` varchar(255) COLLATE utf8mb4_bin NOT NULL,
  `firstname` varchar(255) COLLATE utf8mb4_bin NOT NULL,
  `lastname` varchar(255) COLLATE utf8mb4_bin NOT NULL,
  `dateofbirth` varchar(255) COLLATE utf8mb4_bin NOT NULL,
  `sex` varchar(1) COLLATE utf8mb4_bin NOT NULL DEFAULT 'M',
  `height` varchar(128) COLLATE utf8mb4_bin NOT NULL,
  `lastdigits` varchar(255) COLLATE utf8mb4_bin DEFAULT NULL,
  PRIMARY KEY (`id`)
) ENGINE=InnoDB DEFAULT CHARSET=utf8mb4 COLLATE=utf8mb4_bin;

-- Dumping data for table essentialmode.characters: ~20 rows (approximately)
DELETE FROM `characters`;
/*!40000 ALTER TABLE `characters` DISABLE KEYS */;
INSERT INTO `characters` (`id`, `identifier`, `firstname`, `lastname`, `dateofbirth`, `sex`, `height`, `lastdigits`) VALUES
	(1, 'steam:11000013d80c34f', 'Zitu', 'Baba', '25-04-1995', 'm', '200', NULL),
	(2, 'steam:11000013e6ab42b', 'Mr', 'Nucleya', '16-12-1997', 'm', '200', NULL),
	(3, 'steam:11000013cf6131e', 'MR', 'JOKER', '05-08-1996', 'm', '190', NULL),
	(4, 'steam:11000013fa72798', 'Neck', 'Rae', '02-02-2001', 'm', '200', NULL),
	(5, 'steam:110000119bd7bda', 'Alamin', 'Hossain', '20-06-1955', 'm', '180', NULL),
	(6, 'Char2:11000013fa72798', 'Neck', 'Raee', '02-02-2002', 'm', '200', NULL),
	(7, 'steam:11000013d9ceb45', 'ADIL', 'KHAN', '01-04-1996', 'm', '200', NULL),
	(8, 'steam:110000135a2dcb0', 'Rahat ', 'Hasan', '21-01-1997', 'm', '190', NULL),
	(9, 'steam:110000141badbd7', 'RTH', 'AL-AMIN', '05-06-1996', 'm', '200', NULL),
	(10, 'steam:11000013f7c200c', 'Skull', 'Crusher', '04-12-1998', 'm', '200', NULL),
	(11, 'steam:11000013643f404', 'Bangla', 'Bhai', '27-12-1995', 'm', '200', NULL),
	(12, 'steam:11000013c71edd7', 'SHRABON', 'OO', '10/08/1994', 'm', '200', NULL),
	(13, 'steam:110000112bdd6a2', 'Mohammed', 'Intishar', '2000', 'm', '200', NULL),
	(14, 'steam:110000140ec1768', 'Tonix', 'Vau', '4-12-1998', 'm', '200', NULL),
	(15, 'steam:1100001417afcc9', 'Kala', 'Can', '11-16-1995', 'm', '150', NULL),
	(16, 'steam:11000013ee8da84', 'Mr', 'Alien', '29-03-1994', 'm', '200', NULL),
	(17, 'steam:11000013e171b9d', 'FF', 'dF', 'gfhuyi', 'm', '150', NULL),
	(18, 'steam:110000112d5aa7b', 'Potato', 'Bhai', '18-01-1995', 'm', '180', NULL),
	(19, 'Char2:11000013643f404', 'Prince', 'Shakil', '01-11-1995', 'm', '200', NULL),
	(20, 'steam:11000013ec6f59b', 'Zarin ', 'Tasnim', '16July199', 'f', '200', NULL),
	(21, 'steam:11000013df98c58', 'Lil', 'Zayn', '18 06 2000', 'm', '180', NULL);
/*!40000 ALTER TABLE `characters` ENABLE KEYS */;

-- Dumping structure for table essentialmode.criminal_records
DROP TABLE IF EXISTS `criminal_records`;
CREATE TABLE IF NOT EXISTS `criminal_records` (
  `id` int(11) NOT NULL AUTO_INCREMENT,
  `offence` varchar(250) NOT NULL,
  `user_id` varchar(250) NOT NULL,
  `officer_id` varchar(250) NOT NULL,
  `jail` int(11) DEFAULT NULL,
  `created_at` timestamp NOT NULL DEFAULT CURRENT_TIMESTAMP,
  PRIMARY KEY (`id`),
  UNIQUE KEY `id` (`id`)
) ENGINE=InnoDB DEFAULT CHARSET=latin1;

-- Dumping data for table essentialmode.criminal_records: ~0 rows (approximately)
DELETE FROM `criminal_records`;
/*!40000 ALTER TABLE `criminal_records` DISABLE KEYS */;
/*!40000 ALTER TABLE `criminal_records` ENABLE KEYS */;

-- Dumping structure for table essentialmode.datastore
DROP TABLE IF EXISTS `datastore`;
CREATE TABLE IF NOT EXISTS `datastore` (
  `name` varchar(60) COLLATE utf8mb4_bin NOT NULL,
  `label` varchar(100) COLLATE utf8mb4_bin NOT NULL,
  `shared` int(11) NOT NULL,
  PRIMARY KEY (`name`)
) ENGINE=InnoDB DEFAULT CHARSET=utf8mb4 COLLATE=utf8mb4_bin;

-- Dumping data for table essentialmode.datastore: ~9 rows (approximately)
DELETE FROM `datastore`;
/*!40000 ALTER TABLE `datastore` DISABLE KEYS */;
INSERT INTO `datastore` (`name`, `label`, `shared`) VALUES
	('housing', 'Housing', 0),
	('property', 'Property', 1),
	('society_ambulance', 'EMS', 1),
	('society_police', 'Police', 1),
	('society_taxi', 'Taxi', 1),
	('user_ears', 'Ears', 0),
	('user_glasses', 'Glasses', 0),
	('user_helmet', 'Helmet', 0),
	('user_mask', 'Mask', 0);
/*!40000 ALTER TABLE `datastore` ENABLE KEYS */;

-- Dumping structure for table essentialmode.datastore_data
DROP TABLE IF EXISTS `datastore_data`;
CREATE TABLE IF NOT EXISTS `datastore_data` (
  `id` int(11) NOT NULL AUTO_INCREMENT,
  `name` varchar(60) COLLATE utf8mb4_bin NOT NULL,
  `owner` varchar(60) COLLATE utf8mb4_bin DEFAULT NULL,
  `data` longtext COLLATE utf8mb4_bin,
  PRIMARY KEY (`id`),
  UNIQUE KEY `index_datastore_data_name_owner` (`name`,`owner`),
  KEY `index_datastore_data_name` (`name`)
) ENGINE=InnoDB DEFAULT CHARSET=utf8mb4 COLLATE=utf8mb4_bin;

-- Dumping data for table essentialmode.datastore_data: ~99 rows (approximately)
DELETE FROM `datastore_data`;
/*!40000 ALTER TABLE `datastore_data` DISABLE KEYS */;
INSERT INTO `datastore_data` (`id`, `name`, `owner`, `data`) VALUES
	(1, 'property', NULL, '{}'),
	(2, 'society_ambulance', NULL, '{}'),
	(3, 'society_police', NULL, '{}'),
	(4, 'society_taxi', NULL, '{}'),
	(5, 'housing', 'steam:110000137972c5f', '{}'),
	(6, 'user_ears', 'steam:110000137972c5f', '{}'),
	(7, 'user_glasses', 'steam:110000137972c5f', '{}'),
	(8, 'user_helmet', 'steam:110000137972c5f', '{}'),
	(9, 'user_mask', 'steam:110000137972c5f', '{}'),
	(10, 'housing', 'steam:11000013d80c34f', '{}'),
	(11, 'user_ears', 'steam:11000013d80c34f', '{}'),
	(12, 'user_glasses', 'steam:11000013d80c34f', '{}'),
	(13, 'user_helmet', 'steam:11000013d80c34f', '{}'),
	(14, 'user_mask', 'steam:11000013d80c34f', '{}'),
	(15, 'housing', 'steam:11000013cf6131e', '{}'),
	(16, 'user_ears', 'steam:11000013cf6131e', '{}'),
	(17, 'user_glasses', 'steam:11000013cf6131e', '{}'),
	(18, 'user_helmet', 'steam:11000013cf6131e', '{}'),
	(19, 'user_mask', 'steam:11000013cf6131e', '{}'),
	(20, 'housing', 'steam:11000013e6ab42b', '{}'),
	(21, 'user_ears', 'steam:11000013e6ab42b', '{}'),
	(22, 'user_glasses', 'steam:11000013e6ab42b', '{}'),
	(23, 'user_helmet', 'steam:11000013e6ab42b', '{}'),
	(24, 'user_mask', 'steam:11000013e6ab42b', '{}'),
	(25, 'housing', 'steam:11000013fa72798', '{}'),
	(26, 'user_ears', 'steam:11000013fa72798', '{}'),
	(27, 'user_glasses', 'steam:11000013fa72798', '{}'),
	(28, 'user_helmet', 'steam:11000013fa72798', '{}'),
	(29, 'user_mask', 'steam:11000013fa72798', '{}'),
	(30, 'housing', 'steam:110000119bd7bda', '{}'),
	(31, 'user_ears', 'steam:110000119bd7bda', '{}'),
	(32, 'user_glasses', 'steam:110000119bd7bda', '{}'),
	(33, 'user_helmet', 'steam:110000119bd7bda', '{}'),
	(34, 'user_mask', 'steam:110000119bd7bda', '{}'),
	(35, 'housing', 'steam:11000013d9ceb45', '{}'),
	(36, 'user_ears', 'steam:11000013d9ceb45', '{}'),
	(37, 'user_glasses', 'steam:11000013d9ceb45', '{}'),
	(38, 'user_helmet', 'steam:11000013d9ceb45', '{}'),
	(39, 'user_mask', 'steam:11000013d9ceb45', '{}'),
	(40, 'housing', 'steam:110000135a2dcb0', '{}'),
	(41, 'user_ears', 'steam:110000135a2dcb0', '{}'),
	(42, 'user_glasses', 'steam:110000135a2dcb0', '{}'),
	(43, 'user_helmet', 'steam:110000135a2dcb0', '{}'),
	(44, 'user_mask', 'steam:110000135a2dcb0', '{}'),
	(45, 'housing', 'steam:110000141badbd7', '{}'),
	(46, 'user_ears', 'steam:110000141badbd7', '{}'),
	(47, 'user_glasses', 'steam:110000141badbd7', '{}'),
	(48, 'user_helmet', 'steam:110000141badbd7', '{}'),
	(49, 'user_mask', 'steam:110000141badbd7', '{}'),
	(50, 'housing', 'steam:11000013f7c200c', '{}'),
	(51, 'user_ears', 'steam:11000013f7c200c', '{}'),
	(52, 'user_glasses', 'steam:11000013f7c200c', '{}'),
	(53, 'user_helmet', 'steam:11000013f7c200c', '{}'),
	(54, 'user_mask', 'steam:11000013f7c200c', '{}'),
	(55, 'housing', 'steam:11000013643f404', '{}'),
	(56, 'user_ears', 'steam:11000013643f404', '{}'),
	(57, 'user_glasses', 'steam:11000013643f404', '{}'),
	(58, 'user_helmet', 'steam:11000013643f404', '{}'),
	(59, 'user_mask', 'steam:11000013643f404', '{}'),
	(60, 'housing', 'steam:11000013c71edd7', '{}'),
	(61, 'user_ears', 'steam:11000013c71edd7', '{}'),
	(62, 'user_glasses', 'steam:11000013c71edd7', '{}'),
	(63, 'user_helmet', 'steam:11000013c71edd7', '{}'),
	(64, 'user_mask', 'steam:11000013c71edd7', '{}'),
	(65, 'housing', 'steam:110000112bdd6a2', '{}'),
	(66, 'user_ears', 'steam:110000112bdd6a2', '{}'),
	(67, 'user_glasses', 'steam:110000112bdd6a2', '{}'),
	(68, 'user_helmet', 'steam:110000112bdd6a2', '{}'),
	(69, 'user_mask', 'steam:110000112bdd6a2', '{}'),
	(70, 'housing', 'steam:110000140ec1768', '{}'),
	(71, 'user_ears', 'steam:110000140ec1768', '{}'),
	(72, 'user_glasses', 'steam:110000140ec1768', '{}'),
	(73, 'user_helmet', 'steam:110000140ec1768', '{}'),
	(74, 'user_mask', 'steam:110000140ec1768', '{}'),
	(75, 'housing', 'steam:1100001407e52c2', '{}'),
	(76, 'user_ears', 'steam:1100001407e52c2', '{}'),
	(77, 'user_glasses', 'steam:1100001407e52c2', '{}'),
	(78, 'user_helmet', 'steam:1100001407e52c2', '{}'),
	(79, 'user_mask', 'steam:1100001407e52c2', '{}'),
	(85, 'housing', 'steam:11000013ee8da84', '{}'),
	(86, 'user_ears', 'steam:11000013ee8da84', '{}'),
	(87, 'user_glasses', 'steam:11000013ee8da84', '{}'),
	(88, 'user_helmet', 'steam:11000013ee8da84', '{}'),
	(89, 'user_mask', 'steam:11000013ee8da84', '{}'),
	(90, 'housing', 'steam:11000013e171b9d', '{}'),
	(91, 'user_ears', 'steam:11000013e171b9d', '{}'),
	(92, 'user_glasses', 'steam:11000013e171b9d', '{}'),
	(93, 'user_helmet', 'steam:11000013e171b9d', '{}'),
	(94, 'user_mask', 'steam:11000013e171b9d', '{}'),
	(95, 'housing', 'steam:110000112d5aa7b', '{}'),
	(96, 'user_ears', 'steam:110000112d5aa7b', '{}'),
	(97, 'user_glasses', 'steam:110000112d5aa7b', '{}'),
	(98, 'user_helmet', 'steam:110000112d5aa7b', '{}'),
	(99, 'user_mask', 'steam:110000112d5aa7b', '{}'),
	(100, 'housing', 'steam:11000013ec6f59b', '{}'),
	(101, 'user_ears', 'steam:11000013ec6f59b', '{}'),
	(102, 'user_glasses', 'steam:11000013ec6f59b', '{}'),
	(103, 'user_helmet', 'steam:11000013ec6f59b', '{}'),
	(104, 'user_mask', 'steam:11000013ec6f59b', '{}'),
	(105, 'housing', 'steam:11000013df98c58', '{}'),
	(106, 'user_ears', 'steam:11000013df98c58', '{}'),
	(107, 'user_glasses', 'steam:11000013df98c58', '{}'),
	(108, 'user_helmet', 'steam:11000013df98c58', '{}'),
	(109, 'user_mask', 'steam:11000013df98c58', '{}');
/*!40000 ALTER TABLE `datastore_data` ENABLE KEYS */;

-- Dumping structure for table essentialmode.disc_ammo
DROP TABLE IF EXISTS `disc_ammo`;
CREATE TABLE IF NOT EXISTS `disc_ammo` (
  `id` bigint(20) unsigned NOT NULL AUTO_INCREMENT,
  `owner` text NOT NULL,
  `hash` text NOT NULL,
  `count` int(11) NOT NULL DEFAULT '0',
  PRIMARY KEY (`id`),
  UNIQUE KEY `id` (`id`)
) ENGINE=InnoDB DEFAULT CHARSET=latin1;

-- Dumping data for table essentialmode.disc_ammo: ~0 rows (approximately)
DELETE FROM `disc_ammo`;
/*!40000 ALTER TABLE `disc_ammo` DISABLE KEYS */;
/*!40000 ALTER TABLE `disc_ammo` ENABLE KEYS */;

-- Dumping structure for table essentialmode.disc_inventory
DROP TABLE IF EXISTS `disc_inventory`;
CREATE TABLE IF NOT EXISTS `disc_inventory` (
  `id` int(11) NOT NULL AUTO_INCREMENT,
  `owner` text NOT NULL,
  `type` text,
  `data` longtext NOT NULL,
  PRIMARY KEY (`id`)
) ENGINE=InnoDB DEFAULT CHARSET=latin1;

-- Dumping data for table essentialmode.disc_inventory: ~0 rows (approximately)
DELETE FROM `disc_inventory`;
/*!40000 ALTER TABLE `disc_inventory` DISABLE KEYS */;
/*!40000 ALTER TABLE `disc_inventory` ENABLE KEYS */;

-- Dumping structure for table essentialmode.disc_inventory_itemdata
DROP TABLE IF EXISTS `disc_inventory_itemdata`;
CREATE TABLE IF NOT EXISTS `disc_inventory_itemdata` (
  `id` bigint(20) unsigned NOT NULL AUTO_INCREMENT,
  `name` text NOT NULL,
  `description` text,
  `weight` int(11) NOT NULL DEFAULT '0',
  `closeonuse` tinyint(1) NOT NULL DEFAULT '0',
  `max` int(11) NOT NULL DEFAULT '100',
  UNIQUE KEY `id` (`id`)
) ENGINE=InnoDB DEFAULT CHARSET=latin1;

-- Dumping data for table essentialmode.disc_inventory_itemdata: ~0 rows (approximately)
DELETE FROM `disc_inventory_itemdata`;
/*!40000 ALTER TABLE `disc_inventory_itemdata` DISABLE KEYS */;
/*!40000 ALTER TABLE `disc_inventory_itemdata` ENABLE KEYS */;

-- Dumping structure for table essentialmode.dpkeybinds
DROP TABLE IF EXISTS `dpkeybinds`;
CREATE TABLE IF NOT EXISTS `dpkeybinds` (
  `id` varchar(50) DEFAULT NULL,
  `keybind1` varchar(50) DEFAULT 'num4',
  `emote1` varchar(255) DEFAULT '',
  `keybind2` varchar(50) DEFAULT 'num5',
  `emote2` varchar(255) DEFAULT '',
  `keybind3` varchar(50) DEFAULT 'num6',
  `emote3` varchar(255) DEFAULT '',
  `keybind4` varchar(50) DEFAULT 'num7',
  `emote4` varchar(255) DEFAULT '',
  `keybind5` varchar(50) DEFAULT 'num8',
  `emote5` varchar(255) DEFAULT '',
  `keybind6` varchar(50) DEFAULT 'num9',
  `emote6` varchar(255) DEFAULT ''
) ENGINE=InnoDB DEFAULT CHARSET=latin1;

-- Dumping data for table essentialmode.dpkeybinds: ~0 rows (approximately)
DELETE FROM `dpkeybinds`;
/*!40000 ALTER TABLE `dpkeybinds` DISABLE KEYS */;
/*!40000 ALTER TABLE `dpkeybinds` ENABLE KEYS */;

-- Dumping structure for table essentialmode.fine_types
DROP TABLE IF EXISTS `fine_types`;
CREATE TABLE IF NOT EXISTS `fine_types` (
  `id` int(11) NOT NULL AUTO_INCREMENT,
  `label` varchar(255) COLLATE utf8mb4_bin DEFAULT NULL,
  `amount` int(11) DEFAULT NULL,
  `category` int(11) DEFAULT NULL,
  PRIMARY KEY (`id`)
) ENGINE=InnoDB DEFAULT CHARSET=utf8mb4 COLLATE=utf8mb4_bin;

-- Dumping data for table essentialmode.fine_types: ~52 rows (approximately)
DELETE FROM `fine_types`;
/*!40000 ALTER TABLE `fine_types` DISABLE KEYS */;
INSERT INTO `fine_types` (`id`, `label`, `amount`, `category`) VALUES
	(1, 'Misuse of a horn', 30, 0),
	(2, 'Illegally Crossing a continuous Line', 40, 0),
	(3, 'Driving on the wrong side of the road', 250, 0),
	(4, 'Illegal U-Turn', 250, 0),
	(5, 'Illegally Driving Off-road', 170, 0),
	(6, 'Refusing a Lawful Command', 30, 0),
	(7, 'Illegally Stopping a Vehicle', 150, 0),
	(8, 'Illegal Parking', 70, 0),
	(9, 'Failing to Yield to the right', 70, 0),
	(10, 'Failure to comply with Vehicle Information', 90, 0),
	(11, 'Failing to stop at a Stop Sign ', 105, 0),
	(12, 'Failing to stop at a Red Light', 130, 0),
	(13, 'Illegal Passing', 100, 0),
	(14, 'Driving an illegal Vehicle', 100, 0),
	(15, 'Driving without a License', 1500, 0),
	(16, 'Hit and Run', 800, 0),
	(17, 'Exceeding Speeds Over < 5 mph', 90, 0),
	(18, 'Exceeding Speeds Over 5-15 mph', 120, 0),
	(19, 'Exceeding Speeds Over 15-30 mph', 180, 0),
	(20, 'Exceeding Speeds Over > 30 mph', 300, 0),
	(21, 'Impeding traffic flow', 110, 1),
	(22, 'Public Intoxication', 90, 1),
	(23, 'Disorderly conduct', 90, 1),
	(24, 'Obstruction of Justice', 130, 1),
	(25, 'Insults towards Civilans', 75, 1),
	(26, 'Disrespecting of an LEO', 110, 1),
	(27, 'Verbal Threat towards a Civilan', 90, 1),
	(28, 'Verbal Threat towards an LEO', 150, 1),
	(29, 'Providing False Information', 250, 1),
	(30, 'Attempt of Corruption', 1500, 1),
	(31, 'Brandishing a weapon in city Limits', 120, 2),
	(32, 'Brandishing a Lethal Weapon in city Limits', 300, 2),
	(33, 'No Firearms License', 600, 2),
	(34, 'Possession of an Illegal Weapon', 700, 2),
	(35, 'Possession of Burglary Tools', 300, 2),
	(36, 'Grand Theft Auto', 1800, 2),
	(37, 'Intent to Sell/Distrube of an illegal Substance', 1500, 2),
	(38, 'Frabrication of an Illegal Substance', 1500, 2),
	(39, 'Possession of an Illegal Substance ', 650, 2),
	(40, 'Kidnapping of a Civilan', 1500, 2),
	(41, 'Kidnapping of an LEO', 2000, 2),
	(42, 'Robbery', 650, 2),
	(43, 'Armed Robbery of a Store', 650, 2),
	(44, 'Armed Robbery of a Bank', 1500, 2),
	(45, 'Assault on a Civilian', 2000, 3),
	(46, 'Assault of an LEO', 2500, 3),
	(47, 'Attempt of Murder of a Civilian', 3000, 3),
	(48, 'Attempt of Murder of an LEO', 5000, 3),
	(49, 'Murder of a Civilian', 10000, 3),
	(50, 'Murder of an LEO', 30000, 3),
	(51, 'Involuntary manslaughter', 1800, 3),
	(52, 'Fraud', 2000, 2);
/*!40000 ALTER TABLE `fine_types` ENABLE KEYS */;

-- Dumping structure for table essentialmode.fivem_fishing
DROP TABLE IF EXISTS `fivem_fishing`;
CREATE TABLE IF NOT EXISTS `fivem_fishing` (
  `fish` varchar(30) NOT NULL,
  `data` longtext,
  PRIMARY KEY (`fish`)
) ENGINE=InnoDB DEFAULT CHARSET=latin1;

-- Dumping data for table essentialmode.fivem_fishing: ~10 rows (approximately)
DELETE FROM `fivem_fishing`;
/*!40000 ALTER TABLE `fivem_fishing` DISABLE KEYS */;
INSERT INTO `fivem_fishing` (`fish`, `data`) VALUES
	('char', NULL),
	('crawfish', '{"name":"crawfish","weight":163,"owner":"KEN MAGE"}'),
	('goldfish', '{"weight":267,"name":"goldfish","owner":"Chasham Singh"}'),
	('lobster', NULL),
	('mackerel', '{"weight":1245,"name":"mackerel","owner":"Chasham Singh"}'),
	('pike', '{"name":"pike","owner":"Luke Hobbs","weight":4810}'),
	('roach', '{"weight":683,"name":"roach","owner":"Drake Pheonix"}'),
	('salmon', NULL),
	('trout', '{"weight":2094,"name":"trout","owner":"Drake Pheonix"}'),
	('whitefish', '{"owner":"Zorawar SIngh","name":"whitefish","weight":5475}');
/*!40000 ALTER TABLE `fivem_fishing` ENABLE KEYS */;

-- Dumping structure for table essentialmode.glovebox_inventory
DROP TABLE IF EXISTS `glovebox_inventory`;
CREATE TABLE IF NOT EXISTS `glovebox_inventory` (
  `id` int(11) NOT NULL AUTO_INCREMENT,
  `plate` varchar(8) NOT NULL,
  `data` text NOT NULL,
  `owned` int(11) NOT NULL,
  PRIMARY KEY (`id`),
  UNIQUE KEY `plate` (`plate`)
) ENGINE=InnoDB DEFAULT CHARSET=latin1;

-- Dumping data for table essentialmode.glovebox_inventory: ~0 rows (approximately)
DELETE FROM `glovebox_inventory`;
/*!40000 ALTER TABLE `glovebox_inventory` DISABLE KEYS */;
/*!40000 ALTER TABLE `glovebox_inventory` ENABLE KEYS */;

-- Dumping structure for table essentialmode.items
DROP TABLE IF EXISTS `items`;
CREATE TABLE IF NOT EXISTS `items` (
  `name` varchar(50) CHARACTER SET utf8mb4 COLLATE utf8mb4_bin NOT NULL,
  `label` varchar(50) CHARACTER SET utf8mb4 COLLATE utf8mb4_bin NOT NULL,
  `weight` int(11) NOT NULL DEFAULT '1',
  `rare` tinyint(1) NOT NULL DEFAULT '0',
  `can_remove` tinyint(1) NOT NULL DEFAULT '1',
  `price` int(11) NOT NULL DEFAULT '0',
  `id` int(11) NOT NULL,
  `limit` varchar(50) DEFAULT NULL,
  PRIMARY KEY (`name`)
) ENGINE=InnoDB DEFAULT CHARSET=latin1;

-- Dumping data for table essentialmode.items: ~251 rows (approximately)
DELETE FROM `items`;
/*!40000 ALTER TABLE `items` DISABLE KEYS */;
INSERT INTO `items` (`name`, `label`, `weight`, `rare`, `can_remove`, `price`, `id`, `limit`) VALUES
	('10', 'diamond', 3, 0, 1, 10, 176, '50'),
	('100gbag', 'Ziploc Bag[100g]', 2, 0, 1, 1, 21, '20'),
	('1gbag', 'Ziploc Bag[1g]', 1, 0, 1, 1, 22, '20'),
	('50gbag', 'Ziploc Bag[50g]', 10, 0, 1, 1, 23, '20'),
	('5gbag', 'Ziploc Bag[5g]', 5, 0, 1, 10, 24, '20'),
	('9mm_rounds', '9mm Rounds', 20, 0, 1, 0, 0, NULL),
	('MountedScope', 'Scope Pistols MK2', 130, 0, 1, 10, 143, '-1'),
	('Suppressor', 'Suppressor', 1, 0, 1, 10, 162, '-1'),
	('WEAPON_ADVANCEDRIFLE', 'Advanced Rifle', 110, 0, 1, 10, 25, '20'),
	('WEAPON_ADVANCEDRIFLE_AMMO', 'Advanced Rifle Ammo', 10, 0, 1, 10, 26, '20'),
	('WEAPON_APPISTOL', 'AP Pistol', 60, 0, 1, 10, 27, '20'),
	('WEAPON_APPISTOL_AMMO', 'AP Pistol Ammo', 3, 0, 1, 10, 28, '20'),
	('WEAPON_ASSAULTRIFLE', 'Assault Rifle', 90, 0, 1, 10, 29, '20'),
	('WEAPON_ASSAULTRIFLE_AMMO', 'Assault Rifle Ammo', 10, 0, 1, 10, 30, '20'),
	('WEAPON_ASSAULTSHOTGUN', 'Assault Shotgun', 80, 0, 1, 10, 31, '20'),
	('WEAPON_ASSAULTSHOTGUN_AMMO', 'Assault Shotgun Ammo', 5, 0, 1, 10, 32, '20'),
	('WEAPON_ASSAULTSMG', 'Assault SMG', 70, 0, 1, 10, 33, '20'),
	('WEAPON_ASSAULTSMG_AMMO', 'Assault SMG Ammo', 5, 0, 1, 10, 34, '20'),
	('WEAPON_AUTOSHOTGUN', 'Auto Shotgun', 90, 0, 1, 10, 35, '20'),
	('WEAPON_AUTOSHOTGUN_AMMO', 'Auto Shotgun Ammo', 10, 0, 1, 10, 36, '20'),
	('WEAPON_BAT', 'Baseball Bat', 30, 0, 1, 10, 37, '20'),
	('WEAPON_CARBINERIFLE', 'Carbine Rifle', 100, 0, 1, 10, 38, '20'),
	('WEAPON_CARBINERIFLE_AMMO', 'Carbin Rifle Ammo', 10, 0, 1, 10, 39, '20'),
	('WEAPON_COMBATPISTOL', 'Combat Pistol', 50, 0, 1, 10, 40, '20'),
	('WEAPON_COMBATPISTOL_AMMO', 'Combat Pistol Ammo', 3, 0, 1, 10, 41, '20'),
	('WEAPON_FLASHLIGHT', 'Flashlight', 20, 0, 1, 10, 42, '20'),
	('WEAPON_KNIFE', 'Knife', 40, 1, 1, 10, 43, '20'),
	('WEAPON_PISTOL', 'Pistol', 50, 0, 1, 10, 44, '20'),
	('WEAPON_PISTOL_AMMO', '9mm Rounds', 6, 0, 1, 10, 45, '20'),
	('WEAPON_PUMPSHOTGUN', 'Pump Shotgun', 90, 0, 1, 10, 46, '20'),
	('WEAPON_PUMPSHOTGUN_AMMO', 'Pump Shotgun Ammo', 10, 0, 1, 10, 47, '20'),
	('WEAPON_SMG', 'SMG', 80, 0, 1, 10, 48, '20'),
	('WEAPON_SMG_AMMO', 'Shotgun Shells', 10, 0, 1, 10, 49, '20'),
	('WEAPON_STUNGUN', 'Taser', 60, 1, 1, 10, 50, '20'),
	('absinthe', 'absinthe', 1, 0, 1, 10, 163, '5'),
	('acetone', 'Acetone', 1, 0, 1, 0, 0, '40'),
	('adrenaline', 'Adrenaline', 1, 0, 1, 10, 164, '5'),
	('adrenaline_shot', 'Adrenaline Shot', 1, 0, 1, 0, 0, '5'),
	('advancedlockpick', 'Advance Lockpick', 20, 0, 1, 10, 51, '20'),
	('airbag', 'Airbag', 1, 0, 1, 10, 165, '7'),
	('alive_chicken', 'Alive Chiken', 1, 0, 1, 0, 166, '20'),
	('apple_iphone', 'Apple iPhone', 5, 0, 1, 10, 1, '20'),
	('bandage', 'Bandage', 1, 0, 1, 10, 167, '20'),
	('battery', 'Battery', 5, 0, 1, 10, 2, '20'),
	('beer', 'Beer', 10, 0, 1, 10, 52, '20'),
	('binocular', 'Binoculars', 2, 0, 1, 10, 53, '20'),
	('blowpipe', 'Blowtorch', 1, 0, 1, 10, 168, '10'),
	('blowtorch', 'Blowtorch', 1, 0, 1, 0, 0, NULL),
	('boitierrgb', 'Boitier RGB', 1, 0, 1, 10, 169, '-1'),
	('bolcacahuetes', 'A bowl of peanuts', 1, 0, 1, 10, 170, '5'),
	('bolchips', 'Chips Bowl', 1, 0, 1, 10, 171, '5'),
	('bolnoixcajou', 'Cashew Nut Bowl', 1, 0, 1, 10, 172, '5'),
	('bolpistache', 'Pistachio Bowl', 1, 0, 1, 10, 173, '5'),
	('boomdlugie', 'Boom Rifles Skin', 1, 0, 1, 10, 174, '-1'),
	('bread', 'Bread', 1, 0, 1, 10, 175, '30'),
	('breadboard', 'Breadboard', 2, 0, 1, 10, 3, '20'),
	('bulletproof', 'BulletProof', 1, 0, 1, 10, 177, '5'),
	('c4_bank', 'C4', 50, 0, 1, 0, 0, NULL),
	('cajadecamarones', 'Box Of Shrimp', 5, 0, 1, 10, 55, '20'),
	('cajadecangrejos', 'Box Of Crabs', 5, 0, 1, 10, 56, '20'),
	('camarones', 'Shrimp', 2, 0, 1, 10, 57, '20'),
	('cangrejos', 'Crabs', 2, 0, 1, 10, 58, '20'),
	('cannabis', 'Weed', 5, 0, 1, 10, 160, '40'),
	('carokit', 'Body Kit', 2, 0, 1, 10, 144, '3'),
	('carotool', 'Tools', 1, 0, 1, 10, 145, '4'),
	('cashew', 'Cashew', 2, 0, 1, 10, 59, '20'),
	('casio_watch', 'Casio Watch', 1, 0, 1, 10, 4, '20'),
	('cchip', 'Casino Chip', 1, 0, 1, 10, 146, '-1'),
	('celownikdluga', 'Scope Rifles', 100, 0, 1, 10, 147, '-1'),
	('champagne', 'Champagne', 20, 0, 1, 10, 148, '10'),
	('chemicals', 'Chemicals', 5, 0, 1, 0, 0, '100'),
	('chemicalslisence', 'Chemicals license', 2, 0, 1, 0, 0, '1'),
	('chips', 'Chips', 2, 0, 1, 10, 60, '20'),
	('chocolate', 'Chocolate', 2, 0, 1, 10, 61, '20'),
	('cigarett', 'Cigarett', 5, 0, 1, 10, 149, '20'),
	('cigarette', 'Cigarette', 5, 0, 1, 10, 62, '20'),
	('clip', 'Ammo', 10, 0, 1, 10, 150, '5'),
	('clothe', 'clothe', 1, 0, 1, 10, 151, '40'),
	('clutch', 'Clutch', 2, 0, 1, 10, 63, '20'),
	('coca_leaf', 'Coca Leaf', 2, 0, 1, 0, 0, '40'),
	('cocacola', 'Coca-Cola', 2, 0, 1, 10, 64, '20'),
	('coffe', 'Coffe', 3, 0, 1, 10, 184, '10'),
	('coke', 'Coke', 2, 0, 1, 0, 0, '40'),
	('coke_pooch', 'Bag of Coke', 2, 0, 1, 10, 5, '20'),
	('colis', 'Colis', 1, 0, 1, 0, 0, '-1'),
	('copper', 'copper', 3, 0, 1, 10, 152, '56'),
	('cupcake', 'Cupcake', 2, 0, 1, 1, 65, '20'),
	('cutted_wood', 'cutted_wood', 6, 0, 1, 10, 153, '20'),
	('czaszkidlugie', 'Skull Rifles Skin', 1, 0, 1, 10, 154, '-1'),
	('drill', 'Drill', 10, 0, 1, 10, 66, '20'),
	('drpepper', 'Dr Pepper', 5, 0, 1, 10, 67, '20'),
	('drugscales', 'Scales', 20, 0, 1, 10, 68, '20'),
	('electronic_kit', 'Electronic Kit', 10, 0, 1, 10, 6, '20'),
	('electronics', 'Electronics', 5, 0, 1, 10, 7, '20'),
	('energy', 'Energy Drink', 1, 0, 1, 10, 69, '20'),
	('enginekiller', 'EngineKiller', 10, 0, 1, 10, 155, '3'),
	('epinephrine', 'Epinephrine', 1, 0, 1, 0, 0, '40'),
	('essence', 'essence', 5, 0, 1, 10, 156, '24'),
	('fabric', 'fabric', 1, 0, 1, 10, 157, '80'),
	('firstaid', 'First-Aid Kit', 10, 0, 1, 10, 158, '10'),
	('firstaidkit', 'Dirstaid Kit', 10, 0, 1, 10, 159, '10'),
	('fish', 'Fish', 3, 0, 1, 10, 178, '100'),
	('fishbait', 'Fish Bait', 1, 0, 1, 10, 179, '30'),
	('fishingrod', 'Fishing Rod', 8, 0, 1, 10, 198, '2'),
	('fixkit', 'Fix Kit', 10, 0, 1, 10, 70, '20'),
	('fixtool', 'Repair Tools', 30, 0, 1, 10, 199, '6'),
	('flashlight', 'flashlight Weapons', 80, 0, 1, 10, 200, '-1'),
	('fluor_stick', 'Fluorinated Stick', 1, 0, 1, 0, 0, '5'),
	('fuse', 'Glass', 10, 0, 1, 10, 8, '20'),
	('gameboy', 'Gameboy', 10, 0, 1, 10, 9, '20'),
	('gas_mask', 'Gas Mask', 1, 0, 1, 0, 0, '5'),
	('gas_pump', 'Gas Pump', 1, 0, 1, 0, 0, '2'),
	('gauze', 'Gauze', 3, 0, 1, 10, 201, '25'),
	('gazbottle', 'Gas Bottle', 5, 0, 1, 10, 202, '11'),
	('gintonic', 'gintonic', 1, 0, 1, 10, 203, '5'),
	('glass', 'Glass', 5, 0, 1, 10, 10, '20'),
	('gold', 'gold', 15, 0, 1, 10, 204, '21'),
	('golem', 'Golem', 1, 0, 1, 10, 205, '5'),
	('gps', 'GPS', 5, 0, 1, 10, 71, '20'),
	('grand_cru', 'Champagne', 2, 0, 1, 10, 72, '20'),
	('grapperaisin', 'Bunch of grapes', 1, 0, 1, 10, 206, '5'),
	('grip', 'Grip Rifles', 1, 0, 1, 10, 207, '-1'),
	('hackerDevice', 'Hacking Device', 30, 0, 1, 10, 73, '20'),
	('hamburger', 'Hamburger', 2, 0, 1, 10, 74, '20'),
	('handcuffs', 'Cuff/Key', 1, 0, 1, 10, 208, '-1'),
	('heroin', 'Heroin', 20, 0, 1, 0, 0, '80'),
	('highgradefert', 'Fertilizer [high]', 25, 0, 1, 10, 75, '20'),
	('highradio', 'Aftermarket Radio', 1, 0, 1, 10, 209, '5'),
	('highrim', 'Nice Rim', 1, 0, 1, 10, 210, '20'),
	('holografik', 'Holographic Sight', 1, 0, 1, 10, 211, '-1'),
	('hydrochloric_acid', 'HydroChloric Acid', 1, 0, 1, 0, 0, '15'),
	('hydrocodone', 'Hydrocodone', 1, 0, 1, 10, 212, '5'),
	('ice', 'ICE', 1, 0, 1, 10, 213, '5'),
	('icetea', 'Ice-Tea', 2, 0, 1, 10, 76, '20'),
	('iron', 'iron', 1, 0, 1, 10, 197, '42'),
	('jager', 'Jaegermeister', 1, 0, 1, 10, 196, '5'),
	('jagerbomb', 'Jagger bomb', 1, 0, 1, 10, 180, '5'),
	('jagercerbere', 'Jger Cerbre', 1, 0, 1, 10, 181, '3'),
	('jewels', 'Jewels', 15, 0, 1, 10, 182, '10000'),
	('joint', 'Joint', 1, 0, 1, 95, 215, '1'),
	('jusfruit', 'Fruit Juise', 2, 0, 1, 10, 183, '5'),
	('kastetbalas', 'Knuckle Skin Ballas', 1, 0, 1, 10, 184, '-1'),
	('kastetdiament', 'Knuckle Skin Diamond', 1, 0, 1, 10, 185, '-1'),
	('kastetdollar', 'Knuckle Skin Dollar', 1, 0, 1, 10, 186, '-1'),
	('kastethate', 'Knuckle Skin Hate', 1, 0, 1, 10, 187, '-1'),
	('kastetpimp', 'Knuckle Skin PIMP', 1, 0, 1, 10, 188, '-1'),
	('kastetpink', 'Knuckle Skin LOVE', 1, 0, 1, 10, 189, '-1'),
	('kastetplayer', 'Knuckle Skin Player', 2, 0, 1, 10, 190, '-1'),
	('kastetvagos', 'Knuckle Skin Vagos', 4, 0, 1, 10, 191, '-1'),
	('keycard', 'Keycard', 1, 0, 1, 0, 0, '-1'),
	('kompensator', 'Compensator', 2, 0, 1, 10, 192, '-1'),
	('largescope', 'Large Scope', 8, 0, 1, 10, 193, '-1'),
	('leather', 'Leather', 20, 0, 1, 10, 194, '-1'),
	('lemonade', 'Lemonade', 2, 0, 1, 1, 77, '20'),
	('letter', 'Courrier', 2, 0, 1, 0, 0, '-1'),
	('lighter', 'Lighter', 1, 0, 1, 10, 78, '20'),
	('limonade', 'Lemonada', 5, 0, 1, 10, 195, '5'),
	('lithium', 'Lithium', 7, 0, 1, 0, 0, '40'),
	('lockpick', 'Lockpick', 10, 0, 1, 1, 79, '20'),
	('lowgradefert', 'Fertilizer [low]', 2, 0, 1, 1, 80, '20'),
	('lowradio', 'Stock Radio', 1, 0, 1, 10, 214, '5'),
	('lsa', 'LSA', 20, 0, 1, 0, 0, '100'),
	('lsd', 'LSD', 25, 0, 1, 0, 0, '100'),
	('marijuana', 'marijuana', 5, 0, 1, 10, 94, '14'),
	('martini', 'Martini White', 20, 0, 1, 10, 110, '5'),
	('meat', 'Meat', 5, 0, 1, 10, 107, '-1'),
	('medikit', 'Medikit', 8, 0, 1, 10, 108, '5'),
	('mediumscope', 'Medium Scope', 1, 0, 1, 10, 106, '-1'),
	('medkit', 'Medkit', 5, 0, 1, 10, 103, '5'),
	('menthe', 'Mint Leaf', 5, 0, 1, 10, 102, '10'),
	('meth', 'Meth', 20, 0, 1, 0, 0, '30'),
	('metreshooter', 'Shooter meter', 30, 0, 1, 10, 101, '3'),
	('mixapero', 'Mix Aperitif', 10, 0, 1, 10, 100, '3'),
	('mleko', 'Milk', 2, 0, 1, 10, 97, '20'),
	('mojito', 'Mojito', 25, 0, 1, 10, 111, '5'),
	('moneywash', 'MoneyWash License', 10, 0, 1, 0, 0, '1'),
	('moneywashid', 'Moneywashid', 1, 0, 1, 10, 96, '-1'),
	('morphine', 'Morphine', 5, 0, 1, 10, 98, '5'),
	('nokia_phone', 'Nokia Phone', 5, 0, 1, 1, 81, '20'),
	('opium', 'Opium', 3, 0, 1, 0, 0, '40'),
	('oxygen_mask', 'Oxygen Cylinder', 5, 0, 1, 10, 99, '1'),
	('packaged_chicken', 'Packaged Chicken', 2, 0, 1, 10, 104, '100'),
	('packaged_plank', '', 1, 0, 1, 10, 105, '100'),
	('petrol', 'petrol', 10, 0, 1, 10, 109, '24'),
	('petrol_raffin', 'petrol raffin', 5, 0, 1, 10, 95, '24'),
	('phone', 'Phone', 5, 0, 1, 10, 82, '20'),
	('pistachio', 'Pistachio', 2, 0, 1, 10, 83, '20'),
	('pizza', 'Pizza', 10, 0, 1, 0, 0, '-1'),
	('plantpot', 'Plant Pot', 1, 0, 1, 1, 84, '20'),
	('platin50', 'Platinium Pistol 50 Skin', 1, 0, 1, 10, 91, '-1'),
	('poppyresin', 'Poppy Resin', 1, 0, 1, 0, 0, '160'),
	('powiekszonymagazynek', 'Extended Clip', 1, 0, 1, 10, 93, '-1'),
	('raspberry', 'Raspberry', 1, 0, 1, 0, 0, NULL),
	('receipt', 'W.C receipt', 1, 0, 1, 0, 0, '100'),
	('rhum', 'Rum', 5, 0, 1, 10, 113, '5'),
	('rhumcoca', 'Rum-cola', 5, 0, 1, 10, 92, '5'),
	('rhumfruit', 'Rum-Fruit Juice', 5, 0, 1, 10, 129, '5'),
	('rolling_paper', 'Rolling paper', 5, 0, 1, 1, 11, '20'),
	('rollingpaper', 'Rolling Paper', 5, 0, 1, 1, 85, '20'),
	('rope', 'Rope/Drag (After Cuff)', 5, 0, 1, 10, 130, '-1'),
	('rubber', 'Rubber', 2, 0, 1, 1, 12, '20'),
	('samsung_s8', 'Samsung S8', 5, 0, 1, 1, 13, '20'),
	('sandwich', 'Sandwich', 3, 0, 1, 1, 86, '20'),
	('saucisson', 'Sausage', 1, 0, 1, 10, 131, '5'),
	('scrap_metal', 'Scrap Metal', 1, 0, 1, 1, 14, '20'),
	('screen', 'Screen', 1, 0, 1, 1, 15, '20'),
	('scubagear', 'Scuba Gear', 20, 0, 1, 1, 87, '20'),
	('shark', 'Shark', 1, 0, 1, 10, 132, '-1'),
	('shotgun_shells', 'Shotgun Shells', 20, 0, 1, 0, 0, NULL),
	('sim', 'Sim', 1, 0, 1, 0, 0, '-1'),
	('slaughtered_chicken', '', 1, 0, 1, 10, 133, '20'),
	('soda', 'Soda', 5, 0, 1, 10, 134, '5'),
	('sodium', 'Sodium', 4, 0, 1, 0, 0, '40'),
	('sodium_hydroxide', 'Sodium Hydroxide', 10, 0, 1, 0, 0, '15'),
	('spare_parts', 'Spare Parts', 1, 0, 1, 0, 0, '10'),
	('steel', 'Steel', 4, 0, 1, 1, 16, '20'),
	('stockrim', 'Stock Rim', 1, 0, 1, 10, 135, '4'),
	('stone', 'stone', 15, 0, 1, 10, 136, '7'),
	('sulfuric_acid', 'Sulfuric Acid', 5, 0, 1, 0, 0, '15'),
	('sunglasses', 'Sunglasses', 2, 0, 1, 1, 17, '20'),
	('syringe', 'Syringe', 1, 0, 1, 0, 0, '30'),
	('tactitalmuzle', 'Tactical Muzzle Brake', 1, 0, 1, 10, 137, '-1'),
	('teqpaf', 'Teyapaph', 1, 0, 1, 10, 138, '5'),
	('tequila', 'Tequila', 20, 0, 1, 1, 88, '20'),
	('thionyl_chloride', 'Thionyl Chloride', 1, 0, 1, 0, 0, '100'),
	('turbo', 'Turbo', 2, 0, 1, 10, 139, '2'),
	('turtle', 'Sea Turtle', 1, 0, 1, 10, 140, '3'),
	('turtlebait', 'Turtle Bait', 1, 0, 1, 10, 141, '10'),
	('vicodin', 'Vicodin', 2, 0, 1, 10, 128, '5'),
	('vipskinmotyl', 'VIP Skin Butterfly', 5, 0, 1, 10, 127, '-1'),
	('vodka', 'Vodka', 10, 0, 1, 10, 89, '20'),
	('vodkaenergy', 'Vodka-Energy', 5, 0, 1, 0, 114, '5'),
	('vodkafruit', 'Vodka-fruit juice', 5, 0, 1, 10, 115, '5'),
	('walkie_ems', 'EMS Walkie Talkie', 2, 0, 1, 10, 116, '-1'),
	('walkie_lspd', 'LSPD Walkie Talkie', 1, 0, 1, 10, 117, '-1'),
	('washed_stone', 'washed_stone', 1, 0, 1, 10, 118, '7'),
	('water', 'Water', 2, 0, 1, 10, 119, '25'),
	('weapon_piece', 'Weapon Piece', 2, 0, 1, 10, 120, '25'),
	('wheel', 'Wheel', 3, 0, 1, 0, 0, '5'),
	('whisky', 'Whisky', 20, 0, 1, 1, 90, '20'),
	('whiskycoca', 'Whisky-cola', 3, 0, 1, 0, 121, '5'),
	('white_pearl', 'White Pearl', 5, 0, 1, 1, 18, '20'),
	('wine', 'Wine', 20, 0, 1, 1, 19, '20'),
	('wood', 'Wood', 5, 0, 1, 10, 122, '20'),
	('wooddlugie', 'Wood Rifles Skin', 1, 0, 1, 10, 123, '-1'),
	('woodheavyp', 'Wood Heavy Pistol Skin', 50, 0, 1, 10, 124, '-1'),
	('wool', 'Wool', 5, 0, 1, 10, 125, '40'),
	('xtc', 'X', 1, 0, 1, 10, 20, '20'),
	('yusuf', 'Gold Skin', 1, 0, 1, 10, 126, '-1'),
	('zarowki', 'Colorful HeadLight', 1, 0, 1, 0, 500, '1'),
	('zebradlugie', 'Zebra Rifles Skin', 10, 0, 1, 10, 142, '-1');
/*!40000 ALTER TABLE `items` ENABLE KEYS */;

-- Dumping structure for table essentialmode.itemsdicsinventaryhud
DROP TABLE IF EXISTS `itemsdicsinventaryhud`;
CREATE TABLE IF NOT EXISTS `itemsdicsinventaryhud` (
  `name` varchar(50) COLLATE utf8mb4_bin NOT NULL,
  `label` varchar(50) COLLATE utf8mb4_bin NOT NULL,
  `weight` int(11) NOT NULL DEFAULT '1',
  `limit` int(10) NOT NULL DEFAULT '0',
  `rare` tinyint(1) NOT NULL DEFAULT '0',
  `can_remove` tinyint(1) NOT NULL DEFAULT '1',
  PRIMARY KEY (`name`)
) ENGINE=InnoDB DEFAULT CHARSET=utf8mb4 COLLATE=utf8mb4_bin;

-- Dumping data for table essentialmode.itemsdicsinventaryhud: ~163 rows (approximately)
DELETE FROM `itemsdicsinventaryhud`;
/*!40000 ALTER TABLE `itemsdicsinventaryhud` DISABLE KEYS */;
INSERT INTO `itemsdicsinventaryhud` (`name`, `label`, `weight`, `limit`, `rare`, `can_remove`) VALUES
	('WEAPON_ADVANCEDRIFLE', 'Advanced Rifle', 1, 1, 0, 1),
	('WEAPON_APPISTOL', 'AP Pistol', 1, 1, 0, 1),
	('WEAPON_ASSAULTRIFLE', 'Assault Rifle', 1, 1, 0, 1),
	('WEAPON_ASSAULTSHOTGUN', 'Assault Shotgun', 1, 1, 0, 1),
	('WEAPON_ASSAULTSMG', 'Assault SMG', 1, 1, 0, 1),
	('WEAPON_AUTOSHOTGUN', 'Auto Shotgun', 1, 1, 0, 1),
	('WEAPON_BALL', 'Ball', 1, 1, 0, 1),
	('WEAPON_BAT', 'Bat', 1, 1, 0, 1),
	('WEAPON_BATTLEAXE', 'Battle Axe', 1, 1, 0, 1),
	('WEAPON_BOTTLE', 'Bottle', 1, 1, 0, 1),
	('WEAPON_BULLPUPRIFLE', 'Bullpup Rifle', 1, 1, 0, 1),
	('WEAPON_BULLPUPSHOTGUN', 'Bullpup Shotgun', 1, 1, 0, 1),
	('WEAPON_BZGAS', 'BZ Gas', 1, 1, 0, 1),
	('WEAPON_CARBINERIFLE', 'Carbine Rifle', 1, 1, 0, 1),
	('WEAPON_COMBATMG', 'Combat MG', 1, 1, 0, 1),
	('WEAPON_COMBATPDW', 'Combat PDW', 1, 1, 0, 1),
	('WEAPON_COMBATPISTOL', 'Combat Pistol', 1, 1, 0, 1),
	('WEAPON_COMPACTLAUNCHER', 'Compact Launcher', 1, 1, 0, 1),
	('WEAPON_COMPACTRIFLE', 'Compact Rifle', 1, 1, 0, 1),
	('WEAPON_CROWBAR', 'Crowbar', 1, 1, 0, 1),
	('WEAPON_DAGGER', 'Dagger', 1, 1, 0, 1),
	('WEAPON_DBSHOTGUN', 'Double Barrel Shotgun', 1, 1, 0, 1),
	('WEAPON_DIGISCANNER', 'Digiscanner', 1, 1, 0, 1),
	('WEAPON_DOUBLEACTION', 'Double Action Revolver', 1, 1, 0, 1),
	('WEAPON_FIREEXTINGUISHER', 'Fire Extinguisher', 1, 1, 0, 1),
	('WEAPON_FIREWORK', 'Firework Launcher', 1, 1, 0, 1),
	('WEAPON_FLARE', 'Flare', 1, 1, 0, 1),
	('WEAPON_FLAREGUN', 'Flare Gun', 1, 1, 0, 1),
	('WEAPON_FLASHLIGHT', 'Flashlight', 1, 1, 0, 1),
	('WEAPON_GARBAGEBAG', 'Garbage Bag', 1, 1, 0, 1),
	('WEAPON_GOLFCLUB', 'Golf Club', 1, 1, 0, 1),
	('WEAPON_GRENADE', 'Grenade', 1, 1, 0, 1),
	('WEAPON_GRENADELAUNCHER', 'Gernade Launcher', 1, 1, 0, 1),
	('WEAPON_GUSENBERG', 'Gusenberg', 1, 1, 0, 1),
	('WEAPON_HAMMER', 'Hammer', 1, 1, 0, 1),
	('WEAPON_HANDCUFFS', 'Handcuffs', 1, 1, 0, 1),
	('WEAPON_HATCHET', 'Hatchet', 1, 1, 0, 1),
	('WEAPON_HEAVYPISTOL', 'Heavy Pistol', 1, 1, 0, 1),
	('WEAPON_HEAVYSHOTGUN', 'Heavy Shotgun', 1, 1, 0, 1),
	('WEAPON_HEAVYSNIPER', 'Heavy Sniper', 1, 1, 0, 1),
	('WEAPON_HOMINGLAUNCHER', 'Homing Launcher', 1, 1, 0, 1),
	('WEAPON_KNIFE', 'Knife', 1, 1, 0, 1),
	('WEAPON_KNUCKLE', 'Knuckle Dusters ', 1, 1, 0, 1),
	('WEAPON_MACHETE', 'Machete', 1, 1, 0, 1),
	('WEAPON_MACHINEPISTOL', 'Machine Pistol', 1, 1, 0, 1),
	('WEAPON_MARKSMANPISTOL', 'Marksman Pistol', 1, 1, 0, 1),
	('WEAPON_MARKSMANRIFLE', 'Marksman Rifle', 1, 1, 0, 1),
	('WEAPON_MG', 'MG', 1, 1, 0, 1),
	('WEAPON_MICROSMG', 'Micro SMG', 1, 1, 0, 1),
	('WEAPON_MINIGUN', 'Minigun', 1, 1, 0, 1),
	('WEAPON_MINISMG', 'Mini SMG', 1, 1, 0, 1),
	('WEAPON_MOLOTOV', 'Molotov', 1, 1, 0, 1),
	('WEAPON_MUSKET', 'Musket', 1, 1, 0, 1),
	('WEAPON_NIGHTSTICK', 'Police Baton', 1, 1, 0, 1),
	('WEAPON_PETROLCAN', 'Jerrycan', 1, 1, 0, 1),
	('WEAPON_PIPEBOMB', 'Pipe Bomb', 1, 1, 0, 1),
	('WEAPON_PISTOL', 'Pistol', 1, 1, 0, 1),
	('WEAPON_PISTOL50', 'Police .50', 1, 1, 0, 1),
	('WEAPON_POOLCUE', 'Pool Cue', 1, 1, 0, 1),
	('WEAPON_PROXMINE', 'Proximity Mine', 1, 1, 0, 1),
	('WEAPON_PUMPSHOTGUN', 'Pump Shotgun', 1, 1, 0, 1),
	('WEAPON_RAILGUN', 'Rail Gun', 1, 1, 0, 1),
	('WEAPON_REVOLVER', 'Revolver', 1, 1, 0, 1),
	('WEAPON_RPG', 'RPG', 1, 1, 0, 1),
	('WEAPON_SAWNOFFSHOTGUN', 'Sawn Off Shotgun', 1, 1, 0, 1),
	('WEAPON_SMG', 'SMG', 1, 1, 0, 1),
	('WEAPON_SMOKEGRENADE', 'Smoke Gernade', 1, 1, 0, 1),
	('WEAPON_SNIPERRIFLE', 'Sniper Rifle', 1, 1, 0, 1),
	('WEAPON_SNOWBALL', 'Snow Ball', 1, 1, 0, 1),
	('WEAPON_SNSPISTOL', 'SNS Pistol', 1, 1, 0, 1),
	('WEAPON_SPECIALCARBINE', 'Special Rifle', 1, 1, 0, 1),
	('WEAPON_STICKYBOMB', 'Sticky Bombs', 1, 1, 0, 1),
	('WEAPON_STINGER', 'Stinger', 1, 1, 0, 1),
	('WEAPON_STUNGUN', 'Police Taser', 1, 1, 0, 1),
	('WEAPON_SWITCHBLADE', 'Switch Blade', 1, 1, 0, 1),
	('WEAPON_VINTAGEPISTOL', 'Vintage Pistol', 1, 1, 0, 1),
	('WEAPON_WRENCH', 'Wrench', 1, 1, 0, 1),
	('alive_chicken', 'Live Chicken', 1, 20, 0, 1),
	('bait', 'Bait', 1, 25, 0, 1),
	('bandage', 'Bandage', 2, 5, 0, 1),
	('bankidcard', 'Bank ID', 1, -1, 0, 1),
	('beer', 'Beer', 1, 40, 0, 1),
	('blowpipe', 'Blowtorch', 2, 0, 0, 1),
	('bread', 'Bread', 1, 20, 0, 1),
	('cannabis', 'Cannabis', 3, 0, 0, 1),
	('carokit', 'Body Kit', 3, 0, 0, 1),
	('carotool', 'Tools', 2, 0, 0, 1),
	('char', 'Rodling', 1, 20, 0, 1),
	('cigarette', 'Cigarette', 1, 40, 0, 1),
	('clothe', 'Cloth', 1, 40, 0, 1),
	('coke10g', 'Cocaine (10G)', 1, 50, 0, 1),
	('coke1g', 'Cocaine (1G)', 1, 50, 0, 1),
	('cokebrick', 'Cocaine Brick (100G)', 1, 20, 0, 1),
	('cokeburn', 'Cdecryptor', 1, 2, 0, 1),
	('copper', 'Copper', 1, 56, 0, 1),
	('crawfish', 'Crawfish', 1, 20, 0, 1),
	('cutted_wood', 'Cut Wood', 1, 20, 0, 1),
	('disc_ammo_pistol', 'Pistol Ammo', 10, 0, 0, 1),
	('disc_ammo_pistol_large', 'Pistol Ammo Large', 10, 0, 0, 1),
	('disc_ammo_rifle', 'Rifle Ammo', 10, 0, 0, 1),
	('disc_ammo_rifle_large', 'Rifle Ammo Large', 10, 0, 0, 1),
	('disc_ammo_shotgun', 'Shotgun Shells', 10, 0, 0, 1),
	('disc_ammo_shotgun_large', 'Shotgun Shells Large', 10, 0, 0, 1),
	('disc_ammo_smg', 'SMG Ammo', 10, 0, 0, 1),
	('disc_ammo_smg_large', 'SMG Ammo Large', 10, 0, 0, 1),
	('disc_ammo_snp', 'Sniper Ammo', 10, 0, 0, 1),
	('disc_ammo_snp_large', 'Sniper Ammo Large', 10, 0, 0, 1),
	('drugItem', 'Bdecryptor', 1, 2, 0, 1),
	('drugbags', 'Bags', 1, 80, 0, 1),
	('essence', 'Essence', 1, 24, 0, 1),
	('fabric', 'Fabric', 1, 80, 0, 1),
	('fish', 'Fish', 1, 100, 0, 1),
	('fishingpermit', 'Fishing Permit', 1, 5, 0, 1),
	('fishingrod', 'Fishing Rod', 1, 5, 0, 1),
	('fixkit', 'Repair Kit', 3, 0, 0, 1),
	('fixtool', 'Repair Tools', 2, 0, 0, 1),
	('gazbottle', 'Gas Bottle', 2, 0, 0, 1),
	('goldbar', 'Gold Bar', 1, 25, 0, 1),
	('goldfish', 'Goldfish', 1, 20, 0, 1),
	('goldwatch', 'Gold Watch', 1, 2500, 0, 1),
	('hackerDevice', 'Hacker Device', 1, 25, 0, 1),
	('hatchet_lj', 'Axe', 1, 1, 0, 1),
	('hqscale', 'High Quality Scale', 1, 1, 0, 1),
	('iron', 'Iron', 1, 42, 0, 1),
	('joint', 'Joint', 1, 40, 0, 1),
	('joint2g', 'Joint (2G)', 1, 50, 0, 1),
	('keycard', 'Keycard', 1, -1, 0, 1),
	('lobster', 'Hummer', 1, 20, 0, 1),
	('lockpick', 'Lockpick', 1, 5, 0, 1),
	('mackerel', 'Mackerel', 1, 20, 0, 1),
	('marijuana', 'Marijuana', 2, 0, 0, 1),
	('medikit', 'Medikit', 2, 0, 0, 1),
	('meth10g', 'Meth (10G)', 1, 50, 0, 1),
	('meth1g', 'Meth (1G)', 1, 50, 0, 1),
	('methbrick', 'Meth Brick (100G)', 1, 20, 0, 1),
	('methburn', 'Mdecryptor', 1, 2, 0, 1),
	('net_cracker', 'Net Cracker', 1, 2, 0, 1),
	('oxycutter', 'Plasma Torch', 1, -1, 0, 1),
	('pacificidcard', 'Pacific ID', 1, -1, 0, 1),
	('packaged_chicken', 'Packaged Chicken', 1, 100, 0, 1),
	('packaged_plank', 'Packaged Plank', 1, 100, 0, 1),
	('petrol', 'Petrol', 1, 24, 0, 1),
	('petrol_raffin', 'Refined Petrol', 1, 24, 0, 1),
	('phone', 'Phone', 1, 20, 0, 1),
	('pike', 'Pike', 1, 20, 0, 1),
	('pro_wood', 'Plank', 1, 2, 0, 1),
	('roach', 'Roach', 1, 20, 0, 1),
	('rolpaper', 'Rolling Paper', 1, 80, 0, 1),
	('salmon', 'Salmon', 1, 20, 0, 1),
	('slaughtered_chicken', 'Slaughtered Chicken', 1, 20, 0, 1),
	('soda', 'Soda', 1, 40, 0, 1),
	('stone', 'Stone', 1, 7, 0, 1),
	('thermite', 'Thermite Bomb', 1, 5, 0, 1),
	('trout', 'Trout', 1, 20, 0, 1),
	('washed_stone', 'Washed Stone', 1, 7, 0, 1),
	('water', 'Water', 1, 20, 0, 1),
	('weed20g', 'Weed (20G)', 1, 100, 0, 1),
	('weed4g', 'Weed (4G)', 1, 200, 0, 1),
	('weedbrick', 'Weed Brick (200G)', 1, 25, 0, 1),
	('weedburn', 'Wdecryptor', 1, 2, 0, 1),
	('whitefish', 'Stylish', 1, 20, 0, 1),
	('wood', 'Wood', 1, 10, 0, 1),
	('wool', 'Wool', 1, 40, 0, 1);
/*!40000 ALTER TABLE `itemsdicsinventaryhud` ENABLE KEYS */;

-- Dumping structure for table essentialmode.jobs
DROP TABLE IF EXISTS `jobs`;
CREATE TABLE IF NOT EXISTS `jobs` (
  `name` varchar(50) COLLATE utf8mb4_bin NOT NULL,
  `label` varchar(50) COLLATE utf8mb4_bin DEFAULT NULL,
  `whitelisted` tinyint(1) NOT NULL DEFAULT '0',
  PRIMARY KEY (`name`)
) ENGINE=InnoDB DEFAULT CHARSET=utf8mb4 COLLATE=utf8mb4_bin;

-- Dumping data for table essentialmode.jobs: ~23 rows (approximately)
DELETE FROM `jobs`;
/*!40000 ALTER TABLE `jobs` DISABLE KEYS */;
INSERT INTO `jobs` (`name`, `label`, `whitelisted`) VALUES
	('ambulance', 'LSMC', 1),
	('ballas', 'Ballas', 1),
	('banksecurity', 'banksecurity', 0),
	('cardealer', 'Cardealer', 1),
	('families', 'Families', 1),
	('fisherman', 'Fisherman', 0),
	('god', 'Gunslinger', 1),
	('gopostal', 'GoPostal', 0),
	('groove', 'groove', 0),
	('krowa', 'Farmer', 0),
	('mafia', 'Mafia', 1),
	('mechanic', 'Mechanic', 1),
	('offambulance', 'Off-Duty', 1),
	('offpolice', 'Off-Duty', 1),
	('police', 'LSPD', 1),
	('reporter', 'Journalist', 0),
	('taxi', 'Taxi', 0),
	('tlmc', 'TLMC', 1),
	('trucker', 'Trucker', 0),
	('unemployed', 'Unemployed', 0),
	('vagos', 'Vagos', 1),
	('windowcleaner', 'Windowcleaner', 0),
	('zomato', 'Uber Eats', 0);
/*!40000 ALTER TABLE `jobs` ENABLE KEYS */;

-- Dumping structure for table essentialmode.job_grades
DROP TABLE IF EXISTS `job_grades`;
CREATE TABLE IF NOT EXISTS `job_grades` (
  `id` int(11) NOT NULL AUTO_INCREMENT,
  `job_name` varchar(50) COLLATE utf8mb4_bin DEFAULT NULL,
  `grade` int(11) NOT NULL,
  `name` varchar(50) COLLATE utf8mb4_bin NOT NULL,
  `label` varchar(50) COLLATE utf8mb4_bin NOT NULL,
  `salary` int(11) NOT NULL,
  `skin_male` longtext COLLATE utf8mb4_bin NOT NULL,
  `skin_female` longtext COLLATE utf8mb4_bin NOT NULL,
  PRIMARY KEY (`id`)
) ENGINE=InnoDB DEFAULT CHARSET=utf8mb4 COLLATE=utf8mb4_bin;

-- Dumping data for table essentialmode.job_grades: ~57 rows (approximately)
DELETE FROM `job_grades`;
/*!40000 ALTER TABLE `job_grades` DISABLE KEYS */;
INSERT INTO `job_grades` (`id`, `job_name`, `grade`, `name`, `label`, `salary`, `skin_male`, `skin_female`) VALUES
	(1, 'unemployed', 0, 'unemployed', 'Unemployed', 100, '{}', '{}'),
	(2, 'zomato', 0, 'employee', 'Employee', 50, '{}', '{}'),
	(3, 'fisherman', 0, 'employee', 'Employee', 50, '{}', '{}'),
	(5, 'reporter', 0, 'employee', 'Employee', 200, '{}', '{}'),
	(14, 'mechanic', 0, 'recrue', 'Trainee', 50, '{}', '{}'),
	(15, 'mechanic', 1, 'novice', 'Trainer', 75, '{}', '{}'),
	(16, 'mechanic', 2, 'experimente', 'Manager', 100, '{}', '{}'),
	(17, 'mechanic', 3, 'chief', 'Sr.Manager', 125, '{}', '{}'),
	(18, 'mechanic', 4, 'boss', 'Boss', 150, '{}', '{}'),
	(24, 'cardealer', 0, 'recruit', 'Trainee', 50, '{}', '{}'),
	(25, 'cardealer', 1, 'novice', 'Sales Man', 75, '{}', '{}'),
	(26, 'cardealer', 2, 'experienced', 'Manager', 100, '{}', '{}'),
	(27, 'cardealer', 3, 'boss', 'Boss', 150, '{}', '{}'),
	(28, 'ambulancebackup', 0, 'ambulance', 'Trainee', 200, '{"tshirt_1":88,"tshirt_2":0,"torso_1":32,"torso_2":7,"shoes_1":10,"shoes_2":10,"pants_1":24,"pants_2":5,"sex":0,"decals_1":58,"decals_2":0,"chain_1":0,"chain_2":0,"arms_1":63}', '{"tshirt_2":3,"decals_2":0,"glasses":0,"hair_1":2,"torso_1":73,"shoes":1,"hair_color_2":0,"glasses_1":19,"skin":13,"face":6,"pants_2":5,"tshirt_1":75,"pants_1":37,"helmet_1":57,"torso_2":0,"arms":14,"sex":1,"glasses_2":0,"decals_1":0,"hair_2":0,"helmet_2":0,"hair_color_1":0}'),
	(29, 'ambulancebackup', 1, 'doctor', 'Doctor', 300, '{"tshirt_1":57,"tshirt_2":0,"torso_1":24,"torso_2":5,"shoes_1":10,"shoes_2":10,"pants_1":24,"pants_2":5,"sex":0,"decals_1":0,"decals_2":0,"chain_1":0,"chain_2":0,"arms_1":71}', '{"tshirt_2":3,"decals_2":0,"glasses":0,"hair_1":2,"torso_1":73,"shoes":1,"hair_color_2":0,"glasses_1":19,"skin":13,"face":6,"pants_2":5,"tshirt_1":75,"pants_1":37,"helmet_1":57,"torso_2":0,"arms":14,"sex":1,"glasses_2":0,"decals_1":0,"hair_2":0,"helmet_2":0,"hair_color_1":0}'),
	(30, 'ambulancebackup', 2, 'chief_doctor', 'Paramedic', 400, '{"tshirt_1":53,"tshirt_2":1,"torso_1":24,"torso_2":6,"shoes_1":10,"shoes_2":10,"pants_1":24,"pants_2":5,"sex":0,"decals_1":0,"decals_2":0,"chain_1":0,"chain_2":0,"arms_1":71}', '{"tshirt_2":3,"decals_2":0,"glasses":0,"hair_1":2,"torso_1":73,"shoes":1,"hair_color_2":0,"glasses_1":19,"skin":13,"face":6,"pants_2":5,"tshirt_1":75,"pants_1":37,"helmet_1":57,"torso_2":0,"arms":14,"sex":1,"glasses_2":0,"decals_1":0,"hair_2":0,"helmet_2":0,"hair_color_1":0}'),
	(31, 'ambulancebackup', 3, 'boss', 'Chief', 500, '{"tshirt_1":122,"tshirt_2":0,"torso_1":24,"torso_2":0,"shoes_1":10,"shoes_2":10,"pants_1":24,"pants_2":5,"sex":0,"decals_1":0,"decals_2":0,"chain_1":0,"chain_2":0,"arms_1":71}', '{"tshirt_2":3,"decals_2":0,"glasses":0,"hair_1":2,"torso_1":73,"shoes":1,"hair_color_2":0,"glasses_1":19,"skin":13,"face":6,"pants_2":5,"tshirt_1":75,"pants_1":37,"helmet_1":57,"torso_2":0,"arms":14,"sex":1,"glasses_2":0,"decals_1":0,"hair_2":0,"helmet_2":0,"hair_color_1":0}'),
	(32, 'policebackup', 0, 'recruit', 'Recruit', 100, '{"tshirt_1":122,"tshirt_2":0,"torso_1":19,"torso_2":0,"decals_1":0,"decals_2":0,"arms":35,"pants_1":32,"pants_2":1,"shoes_1":13,"shoes_2":0,"helmet_1":58,"helmet_2":2,"chain_1":0,"chain_2":0,"ears_1":2,"ears_2":0,"bproof_1":10,"bproof_2":0}', '{}'),
	(33, 'policebackup', 1, 'officer', 'Officer/Sr. Officer', 200, '{"tshirt_1":129,"tshirt_2":0,"torso_1":29,"torso_2":3,"decals_1":11,"decals_2":0,"arms":30,"pants_1":46,"pants_2":0,"shoes_1":24,"shoes_2":0,"helmet_1":44,"helmet_2":0,"glasses_1":5,"glasses_2":5,chain_1":0,"chain_2":0,"ears_1":2,"ears_2":0,"bproof_1":10,"bproof_2":0}', '{}'),
	(34, 'policebackup', 2, 'sergeant', 'Corporal/Sergeant', 300, '{"tshirt_1":57,"tshirt_2":0,"torso_1":29,"torso_2":4,"decals_1":11,"decals_2":1,"arms":30,"pants_1":46,"pants_2":0,"shoes_1":24,"shoes_2":0,"helmet_1":44,"helmet_2":0,"glasses_1":5,"glasses_2":5,chain_1":0,"chain_2":0,"ears_1":2,"ears_2":0,"bproof_1":10,"bproof_2":0}', '{}'),
	(35, 'policebackup', 3, 'lieutenant', 'Lieutenant/Captain', 400, '{"tshirt_1":53,"tshirt_2":1,"torso_1":52,"torso_2":3,"decals_1":0,"decals_2":0,"arms":31,"pants_1":46,"pants_2":0,"shoes_1":24,"shoes_2":0,"helmet_1":46,"helmet_2":0,"glasses_1":5,"glasses_2":5,chain_1":0,"chain_2":0,"ears_1":2,"ears_2":0,"bproof_1":10,"bproof_2":0}', '{}'),
	(36, 'policebackup', 4, 'boss', 'Chief/Asst Chief', 0, '{"tshirt_1":92,"tshirt_2":16,"torso_1":39,"torso_2":1,"decals_1":0,"decals_2":0,"arms":39,"pants_1":24,"pants_2":2,"shoes_1":10,"shoes_2":0,"helmet_1":1,"helmet_2":0,"glasses_1":5,"glasses_2":1,chain_1":0,"chain_2":0,"ears_1":2,"ears_2":0,"bproof_1":10,"bproof_2":0}', '{}'),
	(37, 'offpolice', 0, 'recruit', 'Recruit', 100, '{}', '{}'),
	(38, 'offpolice', 1, 'officer', 'Officer', 100, '{}', '{}'),
	(39, 'offpolice', 2, 'sergeant', 'Sergeant', 100, '{}', '{}'),
	(40, 'offpolice', 3, 'lieutenant', 'Lieutenant', 100, '{}', '{}'),
	(41, 'offpolice', 4, 'boss', 'Boss', 100, '{}', '{}'),
	(42, 'offambulance', 0, 'ambulance', 'Ambulance', 100, '{}', '{}'),
	(43, 'offambulance', 1, 'doctor', 'Doctor', 100, '{}', '{}'),
	(44, 'offambulance', 2, 'chief_doctor', 'Chef', 100, '{}', '{}'),
	(45, 'offambulance', 3, 'boss', 'Boss', 100, '{}', '{}'),
	(46, 'vagos', 0, 'employee', 'Employee', 0, '{}', '{}'),
	(47, 'ballas', 0, 'employee', 'Employee', 0, '{}', '{}'),
	(48, 'mafia', 0, 'employee', 'Employee', 0, '{}', '{}'),
	(49, 'families', 0, 'employee', 'Employee', 0, '{}', '{}'),
	(50, 'tlmc', 0, 'employee', 'Employee', 0, '{}', '{}'),
	(51, 'god', 0, 'employee', 'Employee', 0, '{}', '{}'),
	(52, 'taxi', 0, 'Employee', 'Employee', 50, '{"hair_2":0,"hair_color_2":0,"torso_1":32,"bags_1":0,"helmet_2":0,"chain_2":0,"eyebrows_3":0,"makeup_3":0,"makeup_2":0,"tshirt_1":31,"makeup_1":0,"bags_2":0,"makeup_4":0,"eyebrows_4":0,"chain_1":0,"lipstick_4":0,"bproof_2":0,"hair_color_1":0,"decals_2":0,"pants_2":0,"age_2":0,"glasses_2":0,"ears_2":0,"arms":27,"lipstick_1":0,"ears_1":-1,"mask_2":0,"sex":0,"lipstick_3":0,"helmet_1":-1,"shoes_2":0,"beard_2":0,"beard_1":0,"lipstick_2":0,"beard_4":0,"glasses_1":0,"bproof_1":0,"mask_1":0,"decals_1":1,"hair_1":0,"eyebrows_2":0,"beard_3":0,"age_1":0,"tshirt_2":0,"skin":0,"torso_2":0,"eyebrows_1":0,"face":0,"shoes_1":10,"pants_1":24}', '{"hair_2":0,"hair_color_2":0,"torso_1":57,"bags_1":0,"helmet_2":0,"chain_2":0,"eyebrows_3":0,"makeup_3":0,"makeup_2":0,"tshirt_1":38,"makeup_1":0,"bags_2":0,"makeup_4":0,"eyebrows_4":0,"chain_1":0,"lipstick_4":0,"bproof_2":0,"hair_color_1":0,"decals_2":0,"pants_2":1,"age_2":0,"glasses_2":0,"ears_2":0,"arms":21,"lipstick_1":0,"ears_1":-1,"mask_2":0,"sex":1,"lipstick_3":0,"helmet_1":-1,"shoes_2":0,"beard_2":0,"beard_1":0,"lipstick_2":0,"beard_4":0,"glasses_1":5,"bproof_1":0,"mask_1":0,"decals_1":1,"hair_1":0,"eyebrows_2":0,"beard_3":0,"age_1":0,"tshirt_2":0,"skin":0,"torso_2":0,"eyebrows_1":0,"face":0,"shoes_1":49,"pants_1":11}'),
	(53, 'krowa', 0, 'employee', 'Farmer', 10, '', ''),
	(57, 'windowcleaner', 0, 'cleaner', 'Cleaner', 100, '{}', '{}'),
	(58, 'trucker', 0, 'employe', 'Employee', 200, '{}', '{}'),
	(59, 'banksecurity', 0, 'employee', 'banksecurity', 200, '{"tshirt_1":60,"torso_1":130,"arms":31,"pants_1":25,"glasses_1":0,"decals_2":0,"hair_color_2":0,"helmet_2":0,"hair_color_1":0,"face":2,"glasses_2":0,"torso_2":0,"shoes":63,"hair_1":0,"skin":0,"sex":0,"glasses_1":19,"pants_2":0,"hair_2":0,"decals_1":0,"tshirt_2":0,"helmet_1":65}', '{"tshirt_1":60,"torso_1":0,"arms":68,"pants_1":25,"glasses_1":0,"decals_2":0,"hair_color_2":0,"helmet_2":0,"hair_color_1":0,"face":27,"glasses_2":0,"torso_2":0,"shoes":63,"hair_1":5,"skin":0,"sex":1,"glasses_1":15,"pants_2":0,"hair_2":0,"decals_1":0,"tshirt_2":0,"helmet_1":65}'),
	(60, 'gopostal', 0, 'employee', 'Intrimaire', 200, '', ''),
	(61, 'groove', 0, 'recrue', 'Recrue', 685, '{}', '{}'),
	(62, 'groove', 1, 'novice', 'Novice', 1150, '{}', '{}'),
	(63, 'groove', 2, 'experimente', 'Experimente', 1350, '{}', '{}'),
	(64, 'groove', 3, 'chief', 'Chef', 1750, '{}', '{}'),
	(65, 'groove', 4, 'boss', 'Boss', 2500, '{}', '{}'),
	(66, 'ambulance', 0, 'ambulance', 'Jr. EMT', 20, '{"tshirt_2":0,"hair_color_1":5,"glasses_2":3,"shoes":9,"torso_2":3,"hair_color_2":0,"pants_1":24,"glasses_1":4,"hair_1":2,"sex":0,"decals_2":0,"tshirt_1":15,"helmet_1":8,"helmet_2":0,"arms":92,"face":19,"decals_1":60,"torso_1":13,"hair_2":0,"skin":34,"pants_2":5}', '{"tshirt_2":3,"decals_2":0,"glasses":0,"hair_1":2,"torso_1":73,"shoes":1,"hair_color_2":0,"glasses_1":19,"skin":13,"face":6,"pants_2":5,"tshirt_1":75,"pants_1":37,"helmet_1":57,"torso_2":0,"arms":14,"sex":1,"glasses_2":0,"decals_1":0,"hair_2":0,"helmet_2":0,"hair_color_1":0}'),
	(67, 'ambulance', 1, 'doctor', 'EMT', 40, '{"tshirt_2":0,"hair_color_1":5,"glasses_2":3,"shoes":9,"torso_2":3,"hair_color_2":0,"pants_1":24,"glasses_1":4,"hair_1":2,"sex":0,"decals_2":0,"tshirt_1":15,"helmet_1":8,"helmet_2":0,"arms":92,"face":19,"decals_1":60,"torso_1":13,"hair_2":0,"skin":34,"pants_2":5}', '{"tshirt_2":3,"decals_2":0,"glasses":0,"hair_1":2,"torso_1":73,"shoes":1,"hair_color_2":0,"glasses_1":19,"skin":13,"face":6,"pants_2":5,"tshirt_1":75,"pants_1":37,"helmet_1":57,"torso_2":0,"arms":14,"sex":1,"glasses_2":0,"decals_1":0,"hair_2":0,"helmet_2":0,"hair_color_1":0}'),
	(68, 'ambulance', 2, 'chief_doctor', 'Sr. EMT', 60, '{"tshirt_2":0,"hair_color_1":5,"glasses_2":3,"shoes":9,"torso_2":3,"hair_color_2":0,"pants_1":24,"glasses_1":4,"hair_1":2,"sex":0,"decals_2":0,"tshirt_1":15,"helmet_1":8,"helmet_2":0,"arms":92,"face":19,"decals_1":60,"torso_1":13,"hair_2":0,"skin":34,"pants_2":5}', '{"tshirt_2":3,"decals_2":0,"glasses":0,"hair_1":2,"torso_1":73,"shoes":1,"hair_color_2":0,"glasses_1":19,"skin":13,"face":6,"pants_2":5,"tshirt_1":75,"pants_1":37,"helmet_1":57,"torso_2":0,"arms":14,"sex":1,"glasses_2":0,"decals_1":0,"hair_2":0,"helmet_2":0,"hair_color_1":0}'),
	(69, 'ambulance', 3, 'boss', 'EMT Supervisor', 80, '{"tshirt_2":0,"hair_color_1":5,"glasses_2":3,"shoes":9,"torso_2":3,"hair_color_2":0,"pants_1":24,"glasses_1":4,"hair_1":2,"sex":0,"decals_2":0,"tshirt_1":15,"helmet_1":8,"helmet_2":0,"arms":92,"face":19,"decals_1":60,"torso_1":13,"hair_2":0,"skin":34,"pants_2":5}', '{"tshirt_2":3,"decals_2":0,"glasses":0,"hair_1":2,"torso_1":73,"shoes":1,"hair_color_2":0,"glasses_1":19,"skin":13,"face":6,"pants_2":5,"tshirt_1":75,"pants_1":37,"helmet_1":57,"torso_2":0,"arms":14,"sex":1,"glasses_2":0,"decals_1":0,"hair_2":0,"helmet_2":0,"hair_color_1":0}'),
	(70, 'police', 0, 'recruit', 'Recruit', 20, '{}', '{}'),
	(71, 'police', 1, 'officer', 'Officer', 40, '{}', '{}'),
	(72, 'police', 2, 'sergeant', 'Sergeant', 60, '{}', '{}'),
	(73, 'police', 3, 'lieutenant', 'Lieutenant', 85, '{}', '{}'),
	(74, 'police', 4, 'boss', 'Chief', 100, '{}', '{}');
/*!40000 ALTER TABLE `job_grades` ENABLE KEYS */;

-- Dumping structure for table essentialmode.jsfour_criminalrecord
DROP TABLE IF EXISTS `jsfour_criminalrecord`;
CREATE TABLE IF NOT EXISTS `jsfour_criminalrecord` (
  `offense` varchar(160) NOT NULL,
  `date` varchar(255) DEFAULT NULL,
  `institution` varchar(255) DEFAULT NULL,
  `charge` varchar(255) DEFAULT NULL,
  `description` varchar(255) DEFAULT NULL,
  `term` varchar(255) DEFAULT NULL,
  `classified` int(2) NOT NULL DEFAULT '0',
  `identifier` varchar(255) DEFAULT NULL,
  `dob` varchar(255) DEFAULT NULL,
  `warden` varchar(255) DEFAULT NULL,
  PRIMARY KEY (`offense`)
) ENGINE=InnoDB DEFAULT CHARSET=latin1;

-- Dumping data for table essentialmode.jsfour_criminalrecord: ~0 rows (approximately)
DELETE FROM `jsfour_criminalrecord`;
/*!40000 ALTER TABLE `jsfour_criminalrecord` DISABLE KEYS */;
/*!40000 ALTER TABLE `jsfour_criminalrecord` ENABLE KEYS */;

-- Dumping structure for table essentialmode.jsfour_criminaluserinfo
DROP TABLE IF EXISTS `jsfour_criminaluserinfo`;
CREATE TABLE IF NOT EXISTS `jsfour_criminaluserinfo` (
  `identifier` varchar(160) NOT NULL,
  `aliases` varchar(255) DEFAULT NULL,
  `recordid` varchar(255) DEFAULT NULL,
  `weight` varchar(255) DEFAULT NULL,
  `eyecolor` varchar(255) DEFAULT NULL,
  `haircolor` varchar(255) DEFAULT NULL,
  `firstname` varchar(255) DEFAULT NULL,
  `lastname` varchar(255) DEFAULT NULL,
  `dob` varchar(255) DEFAULT NULL,
  `sex` varchar(255) DEFAULT NULL,
  `height` varchar(255) DEFAULT NULL,
  PRIMARY KEY (`identifier`)
) ENGINE=InnoDB DEFAULT CHARSET=latin1;

-- Dumping data for table essentialmode.jsfour_criminaluserinfo: ~0 rows (approximately)
DELETE FROM `jsfour_criminaluserinfo`;
/*!40000 ALTER TABLE `jsfour_criminaluserinfo` DISABLE KEYS */;
/*!40000 ALTER TABLE `jsfour_criminaluserinfo` ENABLE KEYS */;

-- Dumping structure for table essentialmode.licenses
DROP TABLE IF EXISTS `licenses`;
CREATE TABLE IF NOT EXISTS `licenses` (
  `type` varchar(60) COLLATE utf8mb4_bin NOT NULL,
  `label` varchar(60) COLLATE utf8mb4_bin NOT NULL,
  PRIMARY KEY (`type`)
) ENGINE=InnoDB DEFAULT CHARSET=utf8mb4 COLLATE=utf8mb4_bin;

-- Dumping data for table essentialmode.licenses: ~9 rows (approximately)
DELETE FROM `licenses`;
/*!40000 ALTER TABLE `licenses` DISABLE KEYS */;
INSERT INTO `licenses` (`type`, `label`) VALUES
	('boat', 'Boat License'),
	('chemicalslisence', 'Chemicals license'),
	('dmv', 'Driving Permit'),
	('drive', 'Drivers License'),
	('drive_bike', 'Motorcycle License'),
	('drive_truck', 'Commercial Drivers License'),
	('weapon', 'Weapon Permit'),
	('weed_processing', 'Weed Processing License'),
	('wweashopseapon', 'License to carry a weapon');
/*!40000 ALTER TABLE `licenses` ENABLE KEYS */;

-- Dumping structure for table essentialmode.outfits
DROP TABLE IF EXISTS `outfits`;
CREATE TABLE IF NOT EXISTS `outfits` (
  `idSteam` varchar(255) NOT NULL,
  `dad` int(11) NOT NULL DEFAULT '0',
  `mum` int(11) NOT NULL DEFAULT '0',
  `dadmumpercent` int(11) NOT NULL DEFAULT '0',
  `skinton` int(11) NOT NULL DEFAULT '0',
  `eyecolor` int(11) NOT NULL DEFAULT '0',
  `acne` int(11) NOT NULL DEFAULT '0',
  `skinproblem` int(11) NOT NULL DEFAULT '0',
  `freckle` int(11) NOT NULL DEFAULT '0',
  `wrinkle` int(11) NOT NULL DEFAULT '0',
  `wrinkleopacity` int(11) NOT NULL DEFAULT '0',
  `eyebrow` int(11) NOT NULL DEFAULT '0',
  `eyebrowopacity` int(11) NOT NULL DEFAULT '0',
  `beard` int(11) NOT NULL DEFAULT '0',
  `beardopacity` int(11) NOT NULL DEFAULT '0',
  `beardcolor` int(11) NOT NULL DEFAULT '0',
  `hair` int(11) NOT NULL DEFAULT '0',
  `hairtext` int(11) NOT NULL DEFAULT '0',
  `torso` int(11) NOT NULL DEFAULT '0',
  `torsotext` int(11) NOT NULL DEFAULT '0',
  `leg` int(11) NOT NULL DEFAULT '0',
  `legtext` int(11) NOT NULL DEFAULT '0',
  `shoes` int(11) NOT NULL DEFAULT '0',
  `shoestext` int(11) NOT NULL DEFAULT '0',
  `accessory` int(11) NOT NULL DEFAULT '0',
  `accessorytext` int(11) NOT NULL DEFAULT '0',
  `undershirt` int(11) NOT NULL DEFAULT '0',
  `undershirttext` int(11) NOT NULL DEFAULT '0',
  `torso2` int(11) NOT NULL DEFAULT '0',
  `torso2text` int(11) NOT NULL DEFAULT '0',
  `prop_hat` int(11) NOT NULL DEFAULT '0',
  `prop_hat_text` int(11) NOT NULL DEFAULT '0',
  `prop_glasses` int(11) NOT NULL DEFAULT '0',
  `prop_glasses_text` int(11) NOT NULL DEFAULT '0',
  `prop_earrings` int(11) NOT NULL DEFAULT '0',
  `prop_earrings_text` int(11) NOT NULL DEFAULT '0',
  `prop_watches` int(11) NOT NULL DEFAULT '0',
  `prop_watches_text` int(11) NOT NULL DEFAULT '0'
) ENGINE=InnoDB DEFAULT CHARSET=latin1;

-- Dumping data for table essentialmode.outfits: ~0 rows (approximately)
DELETE FROM `outfits`;
/*!40000 ALTER TABLE `outfits` DISABLE KEYS */;
/*!40000 ALTER TABLE `outfits` ENABLE KEYS */;

-- Dumping structure for table essentialmode.owned_properties
DROP TABLE IF EXISTS `owned_properties`;
CREATE TABLE IF NOT EXISTS `owned_properties` (
  `id` int(11) NOT NULL AUTO_INCREMENT,
  `name` varchar(255) COLLATE utf8mb4_bin NOT NULL,
  `price` double NOT NULL,
  `rented` int(11) NOT NULL,
  `owner` varchar(60) COLLATE utf8mb4_bin NOT NULL,
  PRIMARY KEY (`id`)
) ENGINE=InnoDB DEFAULT CHARSET=utf8mb4 COLLATE=utf8mb4_bin;

-- Dumping data for table essentialmode.owned_properties: ~2 rows (approximately)
DELETE FROM `owned_properties`;
/*!40000 ALTER TABLE `owned_properties` DISABLE KEYS */;
INSERT INTO `owned_properties` (`id`, `name`, `price`, `rented`, `owner`) VALUES
	(2, 'RichardMajesticApt2', 1700000, 0, 'steam:11000013643f404'),
	(4, 'Modern1Apartment', 1300000, 0, 'steam:11000013d80c34f');
/*!40000 ALTER TABLE `owned_properties` ENABLE KEYS */;

-- Dumping structure for table essentialmode.owned_shops
DROP TABLE IF EXISTS `owned_shops`;
CREATE TABLE IF NOT EXISTS `owned_shops` (
  `identifier` varchar(250) DEFAULT NULL,
  `ShopNumber` int(11) DEFAULT NULL,
  `money` int(11) DEFAULT '0',
  `ShopValue` int(11) DEFAULT NULL,
  `LastRobbery` int(11) DEFAULT '0',
  `ShopName` varchar(30) DEFAULT NULL
) ENGINE=InnoDB DEFAULT CHARSET=latin1;

-- Dumping data for table essentialmode.owned_shops: ~20 rows (approximately)
DELETE FROM `owned_shops`;
/*!40000 ALTER TABLE `owned_shops` DISABLE KEYS */;
INSERT INTO `owned_shops` (`identifier`, `ShopNumber`, `money`, `ShopValue`, `LastRobbery`, `ShopName`) VALUES
	('0', 1, 0, 280000, 1549643682, '0'),
	('0', 2, 0, 220000, 1549643682, '0'),
	('0', 3, 0, 235000, 1549643682, '0'),
	('0', 4, 0, 285000, 1549643682, '0'),
	('0', 5, 0, 135000, 1549643682, '0'),
	('0', 6, 0, 235000, 1549643682, '0'),
	('0', 7, 0, 160000, 1549643682, '0'),
	('0', 8, 0, 275000, 1549643682, '0'),
	('0', 9, 0, 265000, 1549643682, '0'),
	('0', 10, 0, 300000, 1549643682, '0'),
	('0', 12, 0, 145000, 1549643682, '0'),
	('0', 13, 0, 145000, 1549643682, '0'),
	('0', 14, 0, 280000, 1549643682, '0'),
	('0', 15, 0, 300000, 1549643682, '0'),
	('0', 16, 0, 435000, 1549643682, '0'),
	('0', 18, 0, 235000, 1549643682, '0'),
	('0', 11, 0, 225000, 1549643682, '0'),
	('0', 19, 0, 150000, 1549643682, '0'),
	('0', 20, 0, 165000, 1549643682, '0'),
	('0', 17, 0, 150000, 1549643682, '0');
/*!40000 ALTER TABLE `owned_shops` ENABLE KEYS */;

-- Dumping structure for table essentialmode.owned_vehicles
DROP TABLE IF EXISTS `owned_vehicles`;
CREATE TABLE IF NOT EXISTS `owned_vehicles` (
  `owner` varchar(22) NOT NULL,
  `plate` varchar(12) NOT NULL,
  `vehicle` longtext NOT NULL,
  `type` varchar(20) NOT NULL DEFAULT 'car',
  `job` varchar(20) NOT NULL DEFAULT 'unemployed',
  `stored` tinyint(1) NOT NULL DEFAULT '0',
  `state` tinyint(1) NOT NULL DEFAULT '0',
  `jamstate` int(11) NOT NULL DEFAULT '0',
  `garage` varchar(200) NOT NULL DEFAULT 'A',
  `finance` int(32) NOT NULL DEFAULT '0',
  `financetimer` int(32) NOT NULL DEFAULT '0',
  `lasthouse` int(11) NOT NULL DEFAULT '0',
  `date` varchar(50) NOT NULL DEFAULT '0000-00-00',
  `damages` varchar(255) NOT NULL DEFAULT '{}',
  `paidprice` varchar(50) NOT NULL DEFAULT 'paidprice',
  `model` varchar(30) NOT NULL DEFAULT 'model',
  `modelname` varchar(250) DEFAULT 'modelname',
  PRIMARY KEY (`plate`)
) ENGINE=InnoDB DEFAULT CHARSET=latin1;

-- Dumping data for table essentialmode.owned_vehicles: ~7 rows (approximately)
DELETE FROM `owned_vehicles`;
/*!40000 ALTER TABLE `owned_vehicles` DISABLE KEYS */;
INSERT INTO `owned_vehicles` (`owner`, `plate`, `vehicle`, `type`, `job`, `stored`, `state`, `jamstate`, `garage`, `finance`, `financetimer`, `lasthouse`, `date`, `damages`, `paidprice`, `model`, `modelname`) VALUES
	('steam:11000013d80c34f', 'ART 039', '{"modWindows":-1,"modTank":-1,"modPlateHolder":-1,"tyres":[false,false,false,false,false,false,false],"neonEnabled":[false,false,false,false],"modFrontBumper":-1,"modRearBumper":-1,"modSmokeEnabled":false,"modFrontWheels":-1,"modAPlate":-1,"modDoorSpeaker":-1,"modRoof":-1,"modHorns":-1,"modRightFender":-1,"modTurbo":false,"modTrimA":-1,"windows":[false,false,false,false,false,false,false,1,1,false,1,false,false],"modEngine":-1,"modEngineBlock":-1,"fuelLevel":27.220012664794,"modBackWheels":-1,"plateIndex":0,"modHydrolic":-1,"modShifterLeavers":-1,"modXenon":false,"windowTint":-1,"color2":55,"modSpoilers":-1,"modArchCover":-1,"doors":[false,false,false,false,false,false],"modStruts":-1,"modAirFilter":-1,"model":-405626514,"modHood":-1,"modVanityPlate":-1,"modSpeakers":-1,"modFender":-1,"tyreSmokeColor":[255,255,255],"modSuspension":-1,"plate":"ART 039","neonColor":[255,0,255],"modDial":-1,"engineHealth":1000.0,"modFrame":-1,"modAerials":-1,"modExhaust":-1,"modLivery":-1,"dirtLevel":7.0,"modSteeringWheel":-1,"color1":0,"modTrimB":-1,"wheelColor":55,"modOrnaments":-1,"modBrakes":-1,"modDashboard":-1,"modArmor":-1,"modTransmission":-1,"bodyHealth":1000.0,"modSeats":-1,"modGrille":-1,"extras":[],"pearlescentColor":55,"modTrunk":-1,"wheels":6,"modSideSkirt":-1}', 'car', 'unemployed', 0, 0, 0, 'Rockfort Hill', 0, 0, 0, '0000-00-00', '{}', 'paidprice', 'model', 'modelname'),
	('steam:11000013d80c34f', 'JQE 001', '{"modTank":-1,"modBackWheels":-1,"modAerials":-1,"modTransmission":-1,"modSeats":-1,"modShifterLeavers":-1,"plate":"JQE 001","modSteeringWheel":-1,"windowTint":-1,"modStruts":-1,"dirtLevel":7.0,"modDashboard":-1,"tyreSmokeColor":[255,255,255],"modLivery":-1,"wheelColor":156,"modSideSkirt":-1,"modGrille":-1,"modRearBumper":-1,"modArmor":-1,"color2":112,"modFrontBumper":-1,"modSpoilers":-1,"modWindows":-1,"neonEnabled":[false,false,false,false],"modTrunk":-1,"neonColor":[255,0,255],"modXenon":false,"modFender":-1,"modEngine":-1,"modSuspension":-1,"fuelLevel":65.0,"modSmokeEnabled":false,"color1":27,"wheels":6,"model":86520421,"modFrame":-1,"modArchCover":-1,"modOrnaments":-1,"modVanityPlate":-1,"modBrakes":-1,"engineHealth":1000.0,"pearlescentColor":5,"modTrimA":-1,"modEngineBlock":-1,"modDial":-1,"extras":[],"modRoof":-1,"modHorns":-1,"modTrimB":-1,"modSpeakers":-1,"modDoorSpeaker":-1,"modHood":-1,"modAirFilter":-1,"modRightFender":-1,"modAPlate":-1,"modFrontWheels":-1,"modTurbo":false,"modHydrolic":-1,"modExhaust":-1,"bodyHealth":1000.0,"modPlateHolder":-1,"plateIndex":0}', 'car', 'unemployed', 0, 0, 0, 'A', 0, 0, 0, '0000-00-00', '{}', 'paidprice', 'model', 'modelname'),
	('steam:11000013d9ceb45', 'NQG 379', '{"modXenon":false,"modBackWheels":-1,"modAerials":-1,"modTrimA":-1,"modSeats":-1,"modShifterLeavers":-1,"plate":"NQG 379","modSteeringWheel":-1,"modFrontWheels":-1,"modStruts":-1,"dirtLevel":5.0,"modDashboard":-1,"tyreSmokeColor":[255,255,255],"modLivery":-1,"wheelColor":156,"modTank":-1,"modRoof":-1,"engineHealth":1000.0,"modSpeakers":-1,"color2":112,"modFrontBumper":-1,"modTransmission":-1,"bodyHealth":1000.0,"neonEnabled":[false,false,false,false],"modSpoilers":-1,"modTrunk":-1,"modWindows":-1,"modEngineBlock":-1,"modEngine":-1,"modSuspension":-1,"fuelLevel":65.0,"modSmokeEnabled":false,"modRightFender":-1,"wheels":6,"model":86520421,"modFrame":-1,"modArchCover":-1,"modTrimB":-1,"modArmor":-1,"modAPlate":-1,"neonColor":[255,0,255],"modVanityPlate":-1,"modBrakes":-1,"color1":27,"modDial":-1,"modOrnaments":-1,"modSideSkirt":-1,"windowTint":-1,"pearlescentColor":5,"modGrille":-1,"modDoorSpeaker":-1,"modHood":-1,"modAirFilter":-1,"modRearBumper":-1,"modHorns":-1,"modFender":-1,"modTurbo":false,"modHydrolic":-1,"modExhaust":-1,"extras":[],"modPlateHolder":-1,"plateIndex":0}', 'car', 'unemployed', 0, 0, 0, 'A', 0, 0, 0, '0000-00-00', '{}', 'paidprice', 'model', 'modelname'),
	('steam:11000013d9ceb45', 'QAK 223', '{"modXenon":false,"modBackWheels":-1,"modAerials":-1,"modTrimA":-1,"modSeats":-1,"modShifterLeavers":-1,"plate":"QAK 223","modSteeringWheel":-1,"modFrontWheels":-1,"modStruts":-1,"dirtLevel":9.0,"modDashboard":-1,"tyreSmokeColor":[255,255,255],"modLivery":-1,"wheelColor":53,"modTank":-1,"modRoof":-1,"engineHealth":1000.0,"modSpeakers":-1,"color2":120,"modFrontBumper":-1,"modTransmission":-1,"bodyHealth":1000.0,"neonEnabled":[false,false,false,false],"modSpoilers":-1,"modTrunk":-1,"modWindows":-1,"modEngineBlock":-1,"modEngine":-1,"modSuspension":-1,"fuelLevel":36.6,"modSmokeEnabled":false,"modRightFender":-1,"wheels":6,"model":-570033273,"modFrame":-1,"modArchCover":-1,"modTrimB":-1,"modArmor":-1,"modAPlate":-1,"neonColor":[255,0,255],"modVanityPlate":-1,"modBrakes":-1,"color1":49,"modDial":-1,"modOrnaments":-1,"modSideSkirt":-1,"windowTint":-1,"pearlescentColor":55,"modGrille":-1,"modDoorSpeaker":-1,"modHood":-1,"modAirFilter":-1,"modRearBumper":-1,"modHorns":-1,"modFender":-1,"modTurbo":false,"modHydrolic":-1,"modExhaust":-1,"extras":[],"modPlateHolder":-1,"plateIndex":0}', 'car', 'unemployed', 0, 0, 0, 'A', 0, 0, 0, '0000-00-00', '{}', 'paidprice', 'model', 'modelname'),
	('steam:11000013643f404', 'RUV 875', '{"modFrame":-1,"modTank":-1,"modArmor":-1,"plateIndex":0,"modSmokeEnabled":false,"modVanityPlate":-1,"dirtLevel":6.6,"modPlateHolder":-1,"pearlescentColor":87,"modTrimB":-1,"model":884483972,"wheels":6,"modTrunk":-1,"windowTint":-1,"modSeats":-1,"modTransmission":-1,"neonColor":[255,0,255],"modLivery":20,"modXenon":false,"doors":[false,false,false,false,false,false],"modHood":-1,"neonEnabled":[false,false,false,false],"extras":[],"modBackWheels":-1,"modDashboard":-1,"modAerials":-1,"engineHealth":939.96307373046,"fuelLevel":17.383993148804,"modBrakes":-1,"modTurbo":false,"modRightFender":-1,"modRoof":-1,"modFrontWheels":-1,"color1":112,"modFrontBumper":-1,"modAirFilter":-1,"plate":"RUV 875","bodyHealth":991.54309082032,"tyreSmokeColor":[255,255,255],"color2":112,"modSideSkirt":-1,"modEngineBlock":-1,"modFender":-1,"modSpoilers":-1,"modTrimA":-1,"modDoorSpeaker":-1,"modHorns":-1,"modGrille":-1,"modStruts":-1,"modShifterLeavers":-1,"modSteeringWheel":-1,"modWindows":-1,"modAPlate":-1,"modHydrolic":-1,"wheelColor":112,"modOrnaments":-1,"windows":[false,false,false,false,false,1,false,false,1,false,1,false,false],"modArchCover":-1,"modDial":-1,"modSpeakers":-1,"modExhaust":-1,"modSuspension":-1,"modRearBumper":-1,"tyres":[false,false,false,false,false,false,false],"modEngine":-1}', 'car', 'unemployed', 0, 0, 0, 'Main', 0, 0, 0, '0000-00-00', '{}', 'paidprice', 'model', 'modelname'),
	('steam:11000013f7c200c', 'SMK 594', '{"modFrontWheels":-1,"modTrunk":-1,"modBackWheels":-1,"modVanityPlate":-1,"plateIndex":0,"bodyHealth":1000.0,"modAirFilter":-1,"modTrimA":-1,"modAerials":-1,"modHydrolic":-1,"modStruts":-1,"modAPlate":-1,"modSmokeEnabled":false,"modXenon":false,"wheels":6,"windowTint":-1,"modTank":-1,"modSeats":-1,"modTurbo":false,"modEngineBlock":-1,"modRearBumper":-1,"modArchCover":-1,"modDoorSpeaker":-1,"modHood":-1,"modBrakes":-1,"modHorns":-1,"modShifterLeavers":-1,"modTransmission":-1,"tyreSmokeColor":[255,255,255],"modRoof":-1,"modWindows":-1,"neonEnabled":[false,false,false,false],"modArmor":-1,"modGrille":-1,"modSideSkirt":-1,"color2":7,"modSpeakers":-1,"modSpoilers":-1,"model":1265391242,"modTrimB":-1,"modDashboard":-1,"modLivery":-1,"modFender":-1,"modEngine":-1,"neonColor":[255,0,255],"modFrontBumper":-1,"modFrame":-1,"modSteeringWheel":-1,"dirtLevel":4.0,"modSuspension":-1,"modExhaust":-1,"color1":4,"extras":[],"modRightFender":-1,"fuelLevel":52.8,"wheelColor":156,"plate":"SMK 594","engineHealth":1000.0,"modOrnaments":-1,"pearlescentColor":111,"modDial":-1,"modPlateHolder":-1}', 'car', 'unemployed', 0, 0, 0, 'A', 0, 0, 0, '0000-00-00', '{}', 'paidprice', 'model', 'modelname'),
	('steam:11000013d80c34f', 'UAY 775', '{"modWindows":-1,"modTank":-1,"modPlateHolder":-1,"tyres":[false,false,false,false,false,false,false],"neonEnabled":[false,false,false,false],"modFrontBumper":-1,"modRearBumper":-1,"modSmokeEnabled":false,"modFrontWheels":-1,"modAPlate":-1,"modDoorSpeaker":-1,"modRoof":-1,"modHorns":-1,"modGrille":-1,"modTurbo":false,"modTrimA":-1,"windows":[false,false,false,false,false,1,false,1,1,false,1,false,false],"modEngine":-1,"modEngineBlock":-1,"fuelLevel":48.16000366211,"modBackWheels":-1,"plateIndex":0,"modHydrolic":-1,"modShifterLeavers":-1,"modAerials":-1,"windowTint":-1,"color2":1,"modSpoilers":-1,"modArchCover":-1,"doors":[false,false,false,false,false,false],"modStruts":-1,"modTrimB":-1,"model":1265391242,"modHood":-1,"modVanityPlate":-1,"modArmor":-1,"modFender":-1,"tyreSmokeColor":[255,255,255],"modSuspension":-1,"modSeats":-1,"neonColor":[255,0,255],"modDial":-1,"engineHealth":985.03485107422,"modFrame":-1,"modXenon":false,"modExhaust":-1,"modLivery":-1,"plate":"UAY 775","modSteeringWheel":-1,"color1":6,"modAirFilter":-1,"modBrakes":-1,"modOrnaments":-1,"wheelColor":27,"modSideSkirt":-1,"extras":[],"modTransmission":-1,"bodyHealth":997.5,"modDashboard":-1,"modSpeakers":-1,"wheels":6,"dirtLevel":11.2,"modTrunk":-1,"modRightFender":-1,"pearlescentColor":111}', 'car', 'unemployed', 0, 0, 0, 'Main', 0, 0, 0, '0000-00-00', '{}', 'paidprice', 'model', 'modelname');
/*!40000 ALTER TABLE `owned_vehicles` ENABLE KEYS */;

-- Dumping structure for table essentialmode.owned_vehicles_headlights
DROP TABLE IF EXISTS `owned_vehicles_headlights`;
CREATE TABLE IF NOT EXISTS `owned_vehicles_headlights` (
  `id` int(11) NOT NULL AUTO_INCREMENT,
  `plate` text NOT NULL,
  `color` int(11) NOT NULL,
  PRIMARY KEY (`id`)
) ENGINE=InnoDB DEFAULT CHARSET=utf8mb4;

-- Dumping data for table essentialmode.owned_vehicles_headlights: ~0 rows (approximately)
DELETE FROM `owned_vehicles_headlights`;
/*!40000 ALTER TABLE `owned_vehicles_headlights` DISABLE KEYS */;
/*!40000 ALTER TABLE `owned_vehicles_headlights` ENABLE KEYS */;

-- Dumping structure for table essentialmode.phone_app_chat
DROP TABLE IF EXISTS `phone_app_chat`;
CREATE TABLE IF NOT EXISTS `phone_app_chat` (
  `id` int(11) NOT NULL AUTO_INCREMENT,
  `channel` varchar(20) NOT NULL,
  `message` varchar(255) NOT NULL,
  `time` timestamp NOT NULL DEFAULT CURRENT_TIMESTAMP,
  PRIMARY KEY (`id`)
) ENGINE=InnoDB DEFAULT CHARSET=utf8;

-- Dumping data for table essentialmode.phone_app_chat: ~0 rows (approximately)
DELETE FROM `phone_app_chat`;
/*!40000 ALTER TABLE `phone_app_chat` DISABLE KEYS */;
/*!40000 ALTER TABLE `phone_app_chat` ENABLE KEYS */;

-- Dumping structure for table essentialmode.phone_calls
DROP TABLE IF EXISTS `phone_calls`;
CREATE TABLE IF NOT EXISTS `phone_calls` (
  `id` int(11) NOT NULL AUTO_INCREMENT,
  `owner` varchar(10) NOT NULL COMMENT 'Num tel proprio',
  `num` varchar(10) NOT NULL COMMENT 'Num refrence du contact',
  `incoming` int(11) NOT NULL COMMENT 'Dfini si on est  l''origine de l''appels',
  `time` timestamp NOT NULL DEFAULT CURRENT_TIMESTAMP,
  `accepts` int(11) NOT NULL COMMENT 'Appels accepter ou pas',
  PRIMARY KEY (`id`)
) ENGINE=InnoDB DEFAULT CHARSET=utf8;

-- Dumping data for table essentialmode.phone_calls: ~0 rows (approximately)
DELETE FROM `phone_calls`;
/*!40000 ALTER TABLE `phone_calls` DISABLE KEYS */;
/*!40000 ALTER TABLE `phone_calls` ENABLE KEYS */;

-- Dumping structure for table essentialmode.phone_messages
DROP TABLE IF EXISTS `phone_messages`;
CREATE TABLE IF NOT EXISTS `phone_messages` (
  `id` int(11) NOT NULL AUTO_INCREMENT,
  `transmitter` varchar(10) NOT NULL,
  `receiver` varchar(10) NOT NULL,
  `message` varchar(255) NOT NULL DEFAULT '0',
  `time` timestamp NOT NULL DEFAULT CURRENT_TIMESTAMP,
  `isRead` int(11) NOT NULL DEFAULT '0',
  `owner` int(11) NOT NULL DEFAULT '0',
  PRIMARY KEY (`id`)
) ENGINE=MyISAM DEFAULT CHARSET=utf8;

-- Dumping data for table essentialmode.phone_messages: 1 rows
DELETE FROM `phone_messages`;
/*!40000 ALTER TABLE `phone_messages` DISABLE KEYS */;
INSERT INTO `phone_messages` (`id`, `transmitter`, `receiver`, `message`, `time`, `isRead`, `owner`) VALUES
	(1, 'repair', '4967', 'Vehicle Repair: Your Vehicle 40RRE269 is ready at GPS: 538.21252441406, -176.76722717285', '2020-06-26 11:21:20', 0, 0);
/*!40000 ALTER TABLE `phone_messages` ENABLE KEYS */;

-- Dumping structure for table essentialmode.phone_users_contacts
DROP TABLE IF EXISTS `phone_users_contacts`;
CREATE TABLE IF NOT EXISTS `phone_users_contacts` (
  `id` int(11) NOT NULL AUTO_INCREMENT,
  `identifier` varchar(60) CHARACTER SET utf8mb4 DEFAULT NULL,
  `number` varchar(10) CHARACTER SET utf8mb4 DEFAULT NULL,
  `display` varchar(64) CHARACTER SET utf8mb4 NOT NULL DEFAULT '-1',
  PRIMARY KEY (`id`)
) ENGINE=MyISAM DEFAULT CHARSET=utf8;

-- Dumping data for table essentialmode.phone_users_contacts: 0 rows
DELETE FROM `phone_users_contacts`;
/*!40000 ALTER TABLE `phone_users_contacts` DISABLE KEYS */;
/*!40000 ALTER TABLE `phone_users_contacts` ENABLE KEYS */;

-- Dumping structure for table essentialmode.playerhousing
DROP TABLE IF EXISTS `playerhousing`;
CREATE TABLE IF NOT EXISTS `playerhousing` (
  `id` int(32) NOT NULL,
  `owner` varchar(50) DEFAULT NULL,
  `rented` tinyint(1) DEFAULT NULL,
  `price` int(32) DEFAULT NULL,
  `wardrobe` longtext,
  PRIMARY KEY (`id`)
) ENGINE=InnoDB DEFAULT CHARSET=latin1;

-- Dumping data for table essentialmode.playerhousing: ~0 rows (approximately)
DELETE FROM `playerhousing`;
/*!40000 ALTER TABLE `playerhousing` DISABLE KEYS */;
/*!40000 ALTER TABLE `playerhousing` ENABLE KEYS */;

-- Dumping structure for table essentialmode.playerhousing_keys
DROP TABLE IF EXISTS `playerhousing_keys`;
CREATE TABLE IF NOT EXISTS `playerhousing_keys` (
  `owner` varchar(50) NOT NULL,
  `house` int(11) NOT NULL
) ENGINE=InnoDB DEFAULT CHARSET=latin1;

-- Dumping data for table essentialmode.playerhousing_keys: ~0 rows (approximately)
DELETE FROM `playerhousing_keys`;
/*!40000 ALTER TABLE `playerhousing_keys` DISABLE KEYS */;
/*!40000 ALTER TABLE `playerhousing_keys` ENABLE KEYS */;

-- Dumping structure for table essentialmode.playermotels
DROP TABLE IF EXISTS `playermotels`;
CREATE TABLE IF NOT EXISTS `playermotels` (
  `id` int(11) NOT NULL AUTO_INCREMENT,
  `owner` varchar(50) NOT NULL,
  `zone` varchar(50) NOT NULL,
  `door` longtext NOT NULL,
  `inventory` longtext NOT NULL,
  `weapons` longtext NOT NULL,
  `dirtymoney` int(11) NOT NULL,
  PRIMARY KEY (`id`)
) ENGINE=InnoDB DEFAULT CHARSET=latin1;

-- Dumping data for table essentialmode.playermotels: ~0 rows (approximately)
DELETE FROM `playermotels`;
/*!40000 ALTER TABLE `playermotels` DISABLE KEYS */;
/*!40000 ALTER TABLE `playermotels` ENABLE KEYS */;

-- Dumping structure for table essentialmode.playermotels_homeinventory
DROP TABLE IF EXISTS `playermotels_homeinventory`;
CREATE TABLE IF NOT EXISTS `playermotels_homeinventory` (
  `owner` varchar(50) NOT NULL,
  `inventory` longtext NOT NULL,
  `weapons` longtext NOT NULL,
  `dirtymoney` int(11) NOT NULL
) ENGINE=InnoDB DEFAULT CHARSET=latin1;

-- Dumping data for table essentialmode.playermotels_homeinventory: ~0 rows (approximately)
DELETE FROM `playermotels_homeinventory`;
/*!40000 ALTER TABLE `playermotels_homeinventory` DISABLE KEYS */;
/*!40000 ALTER TABLE `playermotels_homeinventory` ENABLE KEYS */;

-- Dumping structure for table essentialmode.properties
DROP TABLE IF EXISTS `properties`;
CREATE TABLE IF NOT EXISTS `properties` (
  `id` int(11) NOT NULL AUTO_INCREMENT,
  `name` varchar(255) COLLATE utf8mb4_bin DEFAULT NULL,
  `label` varchar(255) COLLATE utf8mb4_bin DEFAULT NULL,
  `entering` varchar(255) COLLATE utf8mb4_bin DEFAULT NULL,
  `exit` varchar(255) COLLATE utf8mb4_bin DEFAULT NULL,
  `inside` varchar(255) COLLATE utf8mb4_bin DEFAULT NULL,
  `outside` varchar(255) COLLATE utf8mb4_bin DEFAULT NULL,
  `ipls` varchar(255) COLLATE utf8mb4_bin DEFAULT '[]',
  `gateway` varchar(255) COLLATE utf8mb4_bin DEFAULT NULL,
  `is_single` int(11) DEFAULT NULL,
  `is_room` int(11) DEFAULT NULL,
  `is_gateway` int(11) DEFAULT NULL,
  `room_menu` varchar(255) COLLATE utf8mb4_bin DEFAULT NULL,
  `price` int(11) NOT NULL,
  PRIMARY KEY (`id`)
) ENGINE=InnoDB DEFAULT CHARSET=utf8mb4 COLLATE=utf8mb4_bin;

-- Dumping data for table essentialmode.properties: ~42 rows (approximately)
DELETE FROM `properties`;
/*!40000 ALTER TABLE `properties` DISABLE KEYS */;
INSERT INTO `properties` (`id`, `name`, `label`, `entering`, `exit`, `inside`, `outside`, `ipls`, `gateway`, `is_single`, `is_room`, `is_gateway`, `room_menu`, `price`) VALUES
	(1, 'WhispymoundDrive', '2677 Whispymound Drive', '{"y":564.89,"z":182.959,"x":119.384}', '{"x":117.347,"y":559.506,"z":183.304}', '{"y":557.032,"z":183.301,"x":118.037}', '{"y":567.798,"z":182.131,"x":119.249}', '[]', NULL, 1, 1, 0, '{"x":118.748,"y":566.573,"z":175.697}', 1500000),
	(2, 'NorthConkerAvenue2045', '2045 North Conker Avenue', '{"x":372.796,"y":428.327,"z":144.685}', '{"x":373.548,"y":422.982,"z":144.907},', '{"y":420.075,"z":145.904,"x":372.161}', '{"x":372.454,"y":432.886,"z":143.443}', '[]', NULL, 1, 1, 0, '{"x":377.349,"y":429.422,"z":137.3}', 1500000),
	(3, 'RichardMajesticApt2', 'Richard Majestic, Apt 2', '{"y":-379.165,"z":37.961,"x":-936.363}', '{"y":-365.476,"z":113.274,"x":-913.097}', '{"y":-367.637,"z":113.274,"x":-918.022}', '{"y":-382.023,"z":37.961,"x":-943.626}', '[]', NULL, 1, 1, 0, '{"x":-927.554,"y":-377.744,"z":112.674}', 1700000),
	(4, 'NorthConkerAvenue2044', '2044 North Conker Avenue', '{"y":440.8,"z":146.702,"x":346.964}', '{"y":437.456,"z":148.394,"x":341.683}', '{"y":435.626,"z":148.394,"x":339.595}', '{"x":350.535,"y":443.329,"z":145.764}', '[]', NULL, 1, 1, 0, '{"x":337.726,"y":436.985,"z":140.77}', 1500000),
	(5, 'WildOatsDrive', '3655 Wild Oats Drive', '{"y":502.696,"z":136.421,"x":-176.003}', '{"y":497.817,"z":136.653,"x":-174.349}', '{"y":495.069,"z":136.666,"x":-173.331}', '{"y":506.412,"z":135.0664,"x":-177.927}', '[]', NULL, 1, 1, 0, '{"x":-174.725,"y":493.095,"z":129.043}', 1500000),
	(6, 'HillcrestAvenue2862', '2862 Hillcrest Avenue', '{"y":596.58,"z":142.641,"x":-686.554}', '{"y":591.988,"z":144.392,"x":-681.728}', '{"y":590.608,"z":144.392,"x":-680.124}', '{"y":599.019,"z":142.059,"x":-689.492}', '[]', NULL, 1, 1, 0, '{"x":-680.46,"y":588.6,"z":136.769}', 1500000),
	(7, 'LowEndApartment', 'Appartement de base', '{"y":-1078.735,"z":28.4031,"x":292.528}', '{"y":-1007.152,"z":-102.002,"x":265.845}', '{"y":-1002.802,"z":-100.008,"x":265.307}', '{"y":-1078.669,"z":28.401,"x":296.738}', '[]', NULL, 1, 1, 0, '{"x":265.916,"y":-999.38,"z":-100.008}', 562500),
	(8, 'MadWayneThunder', '2113 Mad Wayne Thunder', '{"y":454.955,"z":96.462,"x":-1294.433}', '{"x":-1289.917,"y":449.541,"z":96.902}', '{"y":446.322,"z":96.899,"x":-1289.642}', '{"y":455.453,"z":96.517,"x":-1298.851}', '[]', NULL, 1, 1, 0, '{"x":-1287.306,"y":455.901,"z":89.294}', 1500000),
	(9, 'HillcrestAvenue2874', '2874 Hillcrest Avenue', '{"x":-853.346,"y":696.678,"z":147.782}', '{"y":690.875,"z":151.86,"x":-859.961}', '{"y":688.361,"z":151.857,"x":-859.395}', '{"y":701.628,"z":147.773,"x":-855.007}', '[]', NULL, 1, 1, 0, '{"x":-858.543,"y":697.514,"z":144.253}', 1500000),
	(10, 'HillcrestAvenue2868', '2868 Hillcrest Avenue', '{"y":620.494,"z":141.588,"x":-752.82}', '{"y":618.62,"z":143.153,"x":-759.317}', '{"y":617.629,"z":143.153,"x":-760.789}', '{"y":621.281,"z":141.254,"x":-750.919}', '[]', NULL, 1, 1, 0, '{"x":-762.504,"y":618.992,"z":135.53}', 1500000),
	(11, 'TinselTowersApt12', 'Tinsel Towers, Apt 42', '{"y":37.025,"z":42.58,"x":-618.299}', '{"y":58.898,"z":97.2,"x":-603.301}', '{"y":58.941,"z":97.2,"x":-608.741}', '{"y":30.603,"z":42.524,"x":-620.017}', '[]', NULL, 1, 1, 0, '{"x":-622.173,"y":54.585,"z":96.599}', 1700000),
	(12, 'MiltonDrive', 'Milton Drive', '{"x":-775.17,"y":312.01,"z":84.658}', NULL, NULL, '{"x":-775.346,"y":306.776,"z":84.7}', '[]', NULL, 0, 0, 1, NULL, 0),
	(13, 'Modern1Apartment', 'Appartement Moderne 1', NULL, '{"x":-784.194,"y":323.636,"z":210.997}', '{"x":-779.751,"y":323.385,"z":210.997}', NULL, '["apa_v_mp_h_01_a"]', 'MiltonDrive', 0, 1, 0, '{"x":-766.661,"y":327.672,"z":210.396}', 1300000),
	(14, 'Modern2Apartment', 'Appartement Moderne 2', NULL, '{"x":-786.8663,"y":315.764,"z":186.913}', '{"x":-781.808,"y":315.866,"z":186.913}', NULL, '["apa_v_mp_h_01_c"]', 'MiltonDrive', 0, 1, 0, '{"x":-795.735,"y":326.757,"z":186.313}', 1300000),
	(15, 'Modern3Apartment', 'Appartement Moderne 3', NULL, '{"x":-774.012,"y":342.042,"z":195.686}', '{"x":-779.057,"y":342.063,"z":195.686}', NULL, '["apa_v_mp_h_01_b"]', 'MiltonDrive', 0, 1, 0, '{"x":-765.386,"y":330.782,"z":195.08}', 1300000),
	(16, 'Mody1Apartment', 'Appartement Mode 1', NULL, '{"x":-784.194,"y":323.636,"z":210.997}', '{"x":-779.751,"y":323.385,"z":210.997}', NULL, '["apa_v_mp_h_02_a"]', 'MiltonDrive', 0, 1, 0, '{"x":-766.615,"y":327.878,"z":210.396}', 1300000),
	(17, 'Mody2Apartment', 'Appartement Mode 2', NULL, '{"x":-786.8663,"y":315.764,"z":186.913}', '{"x":-781.808,"y":315.866,"z":186.913}', NULL, '["apa_v_mp_h_02_c"]', 'MiltonDrive', 0, 1, 0, '{"x":-795.297,"y":327.092,"z":186.313}', 1300000),
	(18, 'Mody3Apartment', 'Appartement Mode 3', NULL, '{"x":-774.012,"y":342.042,"z":195.686}', '{"x":-779.057,"y":342.063,"z":195.686}', NULL, '["apa_v_mp_h_02_b"]', 'MiltonDrive', 0, 1, 0, '{"x":-765.303,"y":330.932,"z":195.085}', 1300000),
	(19, 'Vibrant1Apartment', 'Appartement Vibrant 1', NULL, '{"x":-784.194,"y":323.636,"z":210.997}', '{"x":-779.751,"y":323.385,"z":210.997}', NULL, '["apa_v_mp_h_03_a"]', 'MiltonDrive', 0, 1, 0, '{"x":-765.885,"y":327.641,"z":210.396}', 1300000),
	(20, 'Vibrant2Apartment', 'Appartement Vibrant 2', NULL, '{"x":-786.8663,"y":315.764,"z":186.913}', '{"x":-781.808,"y":315.866,"z":186.913}', NULL, '["apa_v_mp_h_03_c"]', 'MiltonDrive', 0, 1, 0, '{"x":-795.607,"y":327.344,"z":186.313}', 1300000),
	(21, 'Vibrant3Apartment', 'Appartement Vibrant 3', NULL, '{"x":-774.012,"y":342.042,"z":195.686}', '{"x":-779.057,"y":342.063,"z":195.686}', NULL, '["apa_v_mp_h_03_b"]', 'MiltonDrive', 0, 1, 0, '{"x":-765.525,"y":330.851,"z":195.085}', 1300000),
	(22, 'Sharp1Apartment', 'Appartement Persan 1', NULL, '{"x":-784.194,"y":323.636,"z":210.997}', '{"x":-779.751,"y":323.385,"z":210.997}', NULL, '["apa_v_mp_h_04_a"]', 'MiltonDrive', 0, 1, 0, '{"x":-766.527,"y":327.89,"z":210.396}', 1300000),
	(23, 'Sharp2Apartment', 'Appartement Persan 2', NULL, '{"x":-786.8663,"y":315.764,"z":186.913}', '{"x":-781.808,"y":315.866,"z":186.913}', NULL, '["apa_v_mp_h_04_c"]', 'MiltonDrive', 0, 1, 0, '{"x":-795.642,"y":326.497,"z":186.313}', 1300000),
	(24, 'Sharp3Apartment', 'Appartement Persan 3', NULL, '{"x":-774.012,"y":342.042,"z":195.686}', '{"x":-779.057,"y":342.063,"z":195.686}', NULL, '["apa_v_mp_h_04_b"]', 'MiltonDrive', 0, 1, 0, '{"x":-765.503,"y":331.318,"z":195.085}', 1300000),
	(25, 'Monochrome1Apartment', 'Appartement Monochrome 1', NULL, '{"x":-784.194,"y":323.636,"z":210.997}', '{"x":-779.751,"y":323.385,"z":210.997}', NULL, '["apa_v_mp_h_05_a"]', 'MiltonDrive', 0, 1, 0, '{"x":-766.289,"y":328.086,"z":210.396}', 1300000),
	(26, 'Monochrome2Apartment', 'Appartement Monochrome 2', NULL, '{"x":-786.8663,"y":315.764,"z":186.913}', '{"x":-781.808,"y":315.866,"z":186.913}', NULL, '["apa_v_mp_h_05_c"]', 'MiltonDrive', 0, 1, 0, '{"x":-795.692,"y":326.762,"z":186.313}', 1300000),
	(27, 'Monochrome3Apartment', 'Appartement Monochrome 3', NULL, '{"x":-774.012,"y":342.042,"z":195.686}', '{"x":-779.057,"y":342.063,"z":195.686}', NULL, '["apa_v_mp_h_05_b"]', 'MiltonDrive', 0, 1, 0, '{"x":-765.094,"y":330.976,"z":195.085}', 1300000),
	(28, 'Seductive1Apartment', 'Appartement Sduisant 1', NULL, '{"x":-784.194,"y":323.636,"z":210.997}', '{"x":-779.751,"y":323.385,"z":210.997}', NULL, '["apa_v_mp_h_06_a"]', 'MiltonDrive', 0, 1, 0, '{"x":-766.263,"y":328.104,"z":210.396}', 1300000),
	(29, 'Seductive2Apartment', 'Appartement Sduisant 2', NULL, '{"x":-786.8663,"y":315.764,"z":186.913}', '{"x":-781.808,"y":315.866,"z":186.913}', NULL, '["apa_v_mp_h_06_c"]', 'MiltonDrive', 0, 1, 0, '{"x":-795.655,"y":326.611,"z":186.313}', 1300000),
	(30, 'Seductive3Apartment', 'Appartement Sduisant 3', NULL, '{"x":-774.012,"y":342.042,"z":195.686}', '{"x":-779.057,"y":342.063,"z":195.686}', NULL, '["apa_v_mp_h_06_b"]', 'MiltonDrive', 0, 1, 0, '{"x":-765.3,"y":331.414,"z":195.085}', 1300000),
	(31, 'Regal1Apartment', 'Appartement Rgal 1', NULL, '{"x":-784.194,"y":323.636,"z":210.997}', '{"x":-779.751,"y":323.385,"z":210.997}', NULL, '["apa_v_mp_h_07_a"]', 'MiltonDrive', 0, 1, 0, '{"x":-765.956,"y":328.257,"z":210.396}', 1300000),
	(32, 'Regal2Apartment', 'Appartement Rgal 2', NULL, '{"x":-786.8663,"y":315.764,"z":186.913}', '{"x":-781.808,"y":315.866,"z":186.913}', NULL, '["apa_v_mp_h_07_c"]', 'MiltonDrive', 0, 1, 0, '{"x":-795.545,"y":326.659,"z":186.313}', 1300000),
	(33, 'Regal3Apartment', 'Appartement Rgal 3', NULL, '{"x":-774.012,"y":342.042,"z":195.686}', '{"x":-779.057,"y":342.063,"z":195.686}', NULL, '["apa_v_mp_h_07_b"]', 'MiltonDrive', 0, 1, 0, '{"x":-765.087,"y":331.429,"z":195.123}', 1300000),
	(34, 'Aqua1Apartment', 'Appartement Aqua 1', NULL, '{"x":-784.194,"y":323.636,"z":210.997}', '{"x":-779.751,"y":323.385,"z":210.997}', NULL, '["apa_v_mp_h_08_a"]', 'MiltonDrive', 0, 1, 0, '{"x":-766.187,"y":328.47,"z":210.396}', 1300000),
	(35, 'Aqua2Apartment', 'Appartement Aqua 2', NULL, '{"x":-786.8663,"y":315.764,"z":186.913}', '{"x":-781.808,"y":315.866,"z":186.913}', NULL, '["apa_v_mp_h_08_c"]', 'MiltonDrive', 0, 1, 0, '{"x":-795.658,"y":326.563,"z":186.313}', 1300000),
	(36, 'Aqua3Apartment', 'Appartement Aqua 3', NULL, '{"x":-774.012,"y":342.042,"z":195.686}', '{"x":-779.057,"y":342.063,"z":195.686}', NULL, '["apa_v_mp_h_08_b"]', 'MiltonDrive', 0, 1, 0, '{"x":-765.287,"y":331.084,"z":195.086}', 1300000),
	(37, 'IntegrityWay', '4 Integrity Way', '{"x":-47.804,"y":-585.867,"z":36.956}', NULL, NULL, '{"x":-54.178,"y":-583.762,"z":35.798}', '[]', NULL, 0, 0, 1, NULL, 0),
	(38, 'IntegrityWay28', '4 Integrity Way - Apt 28', NULL, '{"x":-31.409,"y":-594.927,"z":79.03}', '{"x":-26.098,"y":-596.909,"z":79.03}', NULL, '[]', 'IntegrityWay', 0, 1, 0, '{"x":-11.923,"y":-597.083,"z":78.43}', 1700000),
	(39, 'IntegrityWay30', '4 Integrity Way - Apt 30', NULL, '{"x":-17.702,"y":-588.524,"z":89.114}', '{"x":-16.21,"y":-582.569,"z":89.114}', NULL, '[]', 'IntegrityWay', 0, 1, 0, '{"x":-26.327,"y":-588.384,"z":89.123}', 1700000),
	(40, 'DellPerroHeights', 'Dell Perro Heights', '{"x":-1447.06,"y":-538.28,"z":33.74}', NULL, NULL, '{"x":-1440.022,"y":-548.696,"z":33.74}', '[]', NULL, 0, 0, 1, NULL, 0),
	(41, 'DellPerroHeightst4', 'Dell Perro Heights - Apt 28', NULL, '{"x":-1452.125,"y":-540.591,"z":73.044}', '{"x":-1455.435,"y":-535.79,"z":73.044}', NULL, '[]', 'DellPerroHeights', 0, 1, 0, '{"x":-1467.058,"y":-527.571,"z":72.443}', 1700000),
	(42, 'DellPerroHeightst7', 'Dell Perro Heights - Apt 30', NULL, '{"x":-1451.562,"y":-523.535,"z":55.928}', '{"x":-1456.02,"y":-519.209,"z":55.929}', NULL, '[]', 'DellPerroHeights', 0, 1, 0, '{"x":-1457.026,"y":-530.219,"z":55.937}', 1700000);
/*!40000 ALTER TABLE `properties` ENABLE KEYS */;

-- Dumping structure for table essentialmode.rented_vehicles
DROP TABLE IF EXISTS `rented_vehicles`;
CREATE TABLE IF NOT EXISTS `rented_vehicles` (
  `vehicle` varchar(60) COLLATE utf8mb4_bin NOT NULL,
  `plate` varchar(12) COLLATE utf8mb4_bin NOT NULL,
  `player_name` varchar(255) COLLATE utf8mb4_bin NOT NULL,
  `base_price` int(11) NOT NULL,
  `rent_price` int(11) NOT NULL,
  `owner` varchar(22) COLLATE utf8mb4_bin NOT NULL,
  PRIMARY KEY (`plate`)
) ENGINE=InnoDB DEFAULT CHARSET=utf8mb4 COLLATE=utf8mb4_bin;

-- Dumping data for table essentialmode.rented_vehicles: ~0 rows (approximately)
DELETE FROM `rented_vehicles`;
/*!40000 ALTER TABLE `rented_vehicles` DISABLE KEYS */;
/*!40000 ALTER TABLE `rented_vehicles` ENABLE KEYS */;

-- Dumping structure for table essentialmode.shipments
DROP TABLE IF EXISTS `shipments`;
CREATE TABLE IF NOT EXISTS `shipments` (
  `id` int(11) DEFAULT NULL,
  `identifier` varchar(50) DEFAULT NULL,
  `label` varchar(50) DEFAULT NULL,
  `item` varchar(50) DEFAULT NULL,
  `price` varchar(50) DEFAULT NULL,
  `count` varchar(50) DEFAULT NULL,
  `time` int(20) DEFAULT NULL
) ENGINE=InnoDB DEFAULT CHARSET=latin1;

-- Dumping data for table essentialmode.shipments: ~0 rows (approximately)
DELETE FROM `shipments`;
/*!40000 ALTER TABLE `shipments` DISABLE KEYS */;
/*!40000 ALTER TABLE `shipments` ENABLE KEYS */;

-- Dumping structure for table essentialmode.shops
DROP TABLE IF EXISTS `shops`;
CREATE TABLE IF NOT EXISTS `shops` (
  `id` int(11) NOT NULL AUTO_INCREMENT,
  `store` varchar(100) NOT NULL,
  `item` varchar(100) NOT NULL,
  `label` varchar(100) NOT NULL,
  `price` int(11) NOT NULL,
  PRIMARY KEY (`id`)
) ENGINE=InnoDB DEFAULT CHARSET=latin1;

-- Dumping data for table essentialmode.shops: ~41 rows (approximately)
DELETE FROM `shops`;
/*!40000 ALTER TABLE `shops` DISABLE KEYS */;
INSERT INTO `shops` (`id`, `store`, `item`, `label`, `price`) VALUES
	(1, 'TwentyFourSeven', 'bread', '', 30),
	(2, 'TwentyFourSeven', 'water', '', 15),
	(4, 'RobsLiquor', 'water', '', 15),
	(5, 'LTDgasoline', 'bread', '', 30),
	(6, 'LTDgasoline', 'water', '', 15),
	(7, 'TwentyFourSeven', 'phone', '', 10),
	(9, 'LTDgasoline', 'chocolate', '', 10),
	(11, 'RobsLiquor', 'sandwich', '', 10),
	(12, 'LTDgasoline', 'sandwich', '', 10),
	(13, 'TwentyFourSeven', 'hamburger', '', 15),
	(14, 'RobsLiquor', 'hamburger', '', 15),
	(15, 'LTDgasoline', 'hamburger', '', 15),
	(16, 'TwentyFourSeven', 'cupcake', '', 10),
	(17, 'RobsLiquor', 'cupcake', '', 10),
	(18, 'LTDgasoline', 'cupcake', '', 10),
	(19, 'TwentyFourSeven', 'chips', '', 15),
	(20, 'RobsLiquor', 'chips', '', 15),
	(21, 'LTDgasoline', 'chips', '', 15),
	(22, 'TwentyFourSeven', 'cocacola', '', 15),
	(23, 'RobsLiquor', 'cocacola', '', 15),
	(24, 'LTDgasoline', 'cocacola', '', 15),
	(25, 'TwentyFourSeven', 'icetea', '', 10),
	(26, 'RobsLiquor', 'icetea', '', 10),
	(27, 'LTDgasoline', 'icetea', '', 10),
	(28, 'TwentyFourSeven', 'coffe', '', 10),
	(29, 'RobsLiquor', 'coffe', '', 10),
	(30, 'LTDgasoline', 'coffe', '', 10),
	(46, 'Bar', 'beer', '', 30),
	(47, 'Bar', 'rhum', '', 25),
	(53, 'Disco', 'beer', '', 30),
	(59, 'Disco', 'rhum', '', 100),
	(64, 'LTDgasoline', 'phone', '', 10),
	(65, 'RobsLiquor', 'phone', '', 10),
	(66, 'YouTool', 'c4_bank', '', 1500),
	(67, 'YouTool', 'blowtorch', '', 500),
	(68, 'YouTool', 'raspberry', '', 2000),
	(69, 'YouTool', 'fishbait', '', 2000),
	(70, 'YouTool', 'fishingrod', '', 5000),
	(71, 'YouTool', 'turtlebait', '', 2000),
	(72, 'Bar', 'vodka', '', 30),
	(73, 'Disco', 'vodka', '', 100);
/*!40000 ALTER TABLE `shops` ENABLE KEYS */;

-- Dumping structure for table essentialmode.shops2
DROP TABLE IF EXISTS `shops2`;
CREATE TABLE IF NOT EXISTS `shops2` (
  `id` int(11) NOT NULL AUTO_INCREMENT,
  `store` varchar(100) NOT NULL,
  `item` varchar(100) NOT NULL,
  `price` int(11) NOT NULL,
  PRIMARY KEY (`id`)
) ENGINE=InnoDB DEFAULT CHARSET=latin1 ROW_FORMAT=DYNAMIC;

-- Dumping data for table essentialmode.shops2: ~0 rows (approximately)
DELETE FROM `shops2`;
/*!40000 ALTER TABLE `shops2` DISABLE KEYS */;
/*!40000 ALTER TABLE `shops2` ENABLE KEYS */;

-- Dumping structure for table essentialmode.society_moneywash
DROP TABLE IF EXISTS `society_moneywash`;
CREATE TABLE IF NOT EXISTS `society_moneywash` (
  `id` int(11) NOT NULL AUTO_INCREMENT,
  `identifier` varchar(60) COLLATE utf8mb4_bin NOT NULL,
  `society` varchar(60) COLLATE utf8mb4_bin NOT NULL,
  `amount` int(11) NOT NULL,
  PRIMARY KEY (`id`)
) ENGINE=InnoDB DEFAULT CHARSET=utf8mb4 COLLATE=utf8mb4_bin;

-- Dumping data for table essentialmode.society_moneywash: ~0 rows (approximately)
DELETE FROM `society_moneywash`;
/*!40000 ALTER TABLE `society_moneywash` DISABLE KEYS */;
/*!40000 ALTER TABLE `society_moneywash` ENABLE KEYS */;

-- Dumping structure for table essentialmode.trucks
DROP TABLE IF EXISTS `trucks`;
CREATE TABLE IF NOT EXISTS `trucks` (
  `name` varchar(60) NOT NULL,
  `model` varchar(60) NOT NULL,
  `price` int(11) NOT NULL,
  `category` varchar(60) DEFAULT NULL,
  PRIMARY KEY (`model`)
) ENGINE=InnoDB DEFAULT CHARSET=latin1;

-- Dumping data for table essentialmode.trucks: ~240 rows (approximately)
DELETE FROM `trucks`;
/*!40000 ALTER TABLE `trucks` DISABLE KEYS */;
INSERT INTO `trucks` (`name`, `model`, `price`, `category`) VALUES
	('Adder', 'adder', 900000, 'super'),
	('Akuma', 'AKUMA', 7500, 'motorcycles'),
	('Alpha', 'alpha', 60000, 'sports'),
	('Ardent', 'ardent', 1150000, 'sportsclassics'),
	('Asea', 'asea', 5500, 'sedans'),
	('Autarch', 'autarch', 1955000, 'super'),
	('Avarus', 'avarus', 18000, 'motorcycles'),
	('Bagger', 'bagger', 13500, 'motorcycles'),
	('Baller', 'baller2', 40000, 'suvs'),
	('Baller Sport', 'baller3', 60000, 'suvs'),
	('Banshee', 'banshee', 70000, 'sports'),
	('Banshee 900R', 'banshee2', 255000, 'super'),
	('Bati 801', 'bati', 12000, 'motorcycles'),
	('Bati 801RR', 'bati2', 19000, 'motorcycles'),
	('Bestia GTS', 'bestiagts', 55000, 'sports'),
	('BF400', 'bf400', 6500, 'motorcycles'),
	('Bf Injection', 'bfinjection', 16000, 'offroad'),
	('Bifta', 'bifta', 12000, 'offroad'),
	('Bison', 'bison', 45000, 'vans'),
	('Blade', 'blade', 15000, 'muscle'),
	('Blazer', 'blazer', 6500, 'offroad'),
	('Blazer Sport', 'blazer4', 8500, 'offroad'),
	('blazer5', 'blazer5', 1755600, 'offroad'),
	('Blista', 'blista', 8000, 'compacts'),
	('BMX (velo)', 'bmx', 160, 'motorcycles'),
	('Bobcat XL', 'bobcatxl', 32000, 'vans'),
	('Brawler', 'brawler', 45000, 'offroad'),
	('Brioso R/A', 'brioso', 18000, 'compacts'),
	('Btype', 'btype', 62000, 'sportsclassics'),
	('Btype Hotroad', 'btype2', 155000, 'sportsclassics'),
	('Btype Luxe', 'btype3', 85000, 'sportsclassics'),
	('Buccaneer', 'buccaneer', 18000, 'muscle'),
	('Buccaneer Rider', 'buccaneer2', 24000, 'muscle'),
	('Buffalo', 'buffalo', 12000, 'sports'),
	('Buffalo S', 'buffalo2', 20000, 'sports'),
	('Bullet', 'bullet', 90000, 'super'),
	('Burrito', 'burrito3', 19000, 'vans'),
	('Camper', 'camper', 42000, 'vans'),
	('Carbonizzare', 'carbonizzare', 75000, 'sports'),
	('Carbon RS', 'carbonrs', 18000, 'motorcycles'),
	('Casco', 'casco', 30000, 'sportsclassics'),
	('Cavalcade', 'cavalcade2', 55000, 'suvs'),
	('Cheetah', 'cheetah', 375000, 'super'),
	('Chimera', 'chimera', 38000, 'motorcycles'),
	('Chino', 'chino', 15000, 'muscle'),
	('Chino Luxe', 'chino2', 19000, 'muscle'),
	('Cliffhanger', 'cliffhanger', 9500, 'motorcycles'),
	('Cognoscenti Cabrio', 'cogcabrio', 55000, 'coupes'),
	('Cognoscenti', 'cognoscenti', 55000, 'sedans'),
	('Comet', 'comet2', 65000, 'sports'),
	('Comet 5', 'comet5', 1145000, 'sports'),
	('Contender', 'contender', 70000, 'suvs'),
	('Coquette', 'coquette', 65000, 'sports'),
	('Coquette Classic', 'coquette2', 40000, 'sportsclassics'),
	('Coquette BlackFin', 'coquette3', 55000, 'muscle'),
	('Cruiser (velo)', 'cruiser', 510, 'motorcycles'),
	('Cyclone', 'cyclone', 1890000, 'super'),
	('Daemon', 'daemon', 11500, 'motorcycles'),
	('Daemon High', 'daemon2', 13500, 'motorcycles'),
	('Defiler', 'defiler', 9800, 'motorcycles'),
	('Deluxo', 'deluxo', 4721500, 'sportsclassics'),
	('Dominator', 'dominator', 35000, 'muscle'),
	('Double T', 'double', 28000, 'motorcycles'),
	('Dubsta', 'dubsta', 45000, 'suvs'),
	('Dubsta Luxuary', 'dubsta2', 60000, 'suvs'),
	('Bubsta 6x6', 'dubsta3', 120000, 'offroad'),
	('Dukes', 'dukes', 28000, 'muscle'),
	('Dune Buggy', 'dune', 8000, 'offroad'),
	('Elegy', 'elegy2', 38500, 'sports'),
	('Emperor', 'emperor', 8500, 'sedans'),
	('Enduro', 'enduro', 5500, 'motorcycles'),
	('Entity XF', 'entityxf', 425000, 'super'),
	('Esskey', 'esskey', 4200, 'motorcycles'),
	('Exemplar', 'exemplar', 32000, 'coupes'),
	('F620', 'f620', 40000, 'coupes'),
	('Faction', 'faction', 20000, 'muscle'),
	('Faction Rider', 'faction2', 30000, 'muscle'),
	('Faction XL', 'faction3', 40000, 'muscle'),
	('Faggio', 'faggio', 1900, 'motorcycles'),
	('Vespa', 'faggio2', 2800, 'motorcycles'),
	('Felon', 'felon', 42000, 'coupes'),
	('Felon GT', 'felon2', 55000, 'coupes'),
	('Feltzer', 'feltzer2', 55000, 'sports'),
	('Stirling GT', 'feltzer3', 65000, 'sportsclassics'),
	('Fixter (velo)', 'fixter', 225, 'motorcycles'),
	('FMJ', 'fmj', 185000, 'super'),
	('Fhantom', 'fq2', 17000, 'suvs'),
	('Fugitive', 'fugitive', 12000, 'sedans'),
	('Furore GT', 'furoregt', 45000, 'sports'),
	('Fusilade', 'fusilade', 40000, 'sports'),
	('Gargoyle', 'gargoyle', 16500, 'motorcycles'),
	('Gauntlet', 'gauntlet', 30000, 'muscle'),
	('Gang Burrito', 'gburrito', 45000, 'vans'),
	('Burrito', 'gburrito2', 29000, 'vans'),
	('Glendale', 'glendale', 6500, 'sedans'),
	('Grabger', 'granger', 50000, 'suvs'),
	('Gresley', 'gresley', 47500, 'suvs'),
	('GT 500', 'gt500', 785000, 'sportsclassics'),
	('Guardian', 'guardian', 45000, 'offroad'),
	('Hakuchou', 'hakuchou', 31000, 'motorcycles'),
	('Hakuchou Sport', 'hakuchou2', 55000, 'motorcycles'),
	('Hermes', 'hermes', 535000, 'muscle'),
	('Hexer', 'hexer', 12000, 'motorcycles'),
	('Hotknife', 'hotknife', 125000, 'muscle'),
	('Huntley S', 'huntley', 40000, 'suvs'),
	('Hustler', 'hustler', 625000, 'muscle'),
	('Infernus', 'infernus', 180000, 'super'),
	('Innovation', 'innovation', 23500, 'motorcycles'),
	('Intruder', 'intruder', 7500, 'sedans'),
	('Issi', 'issi2', 10000, 'compacts'),
	('Jackal', 'jackal', 38000, 'coupes'),
	('Jester', 'jester', 65000, 'sports'),
	('Jester(Racecar)', 'jester2', 135000, 'sports'),
	('Journey', 'journey', 6500, 'vans'),
	('Kamacho', 'kamacho', 345000, 'offroad'),
	('Khamelion', 'khamelion', 38000, 'sports'),
	('Kuruma', 'kuruma', 30000, 'sports'),
	('Landstalker', 'landstalker', 35000, 'suvs'),
	('RE-7B', 'le7b', 325000, 'super'),
	('Lynx', 'lynx', 40000, 'sports'),
	('Mamba', 'mamba', 70000, 'sports'),
	('Manana', 'manana', 12800, 'sportsclassics'),
	('Manchez', 'manchez', 5300, 'motorcycles'),
	('Massacro', 'massacro', 65000, 'sports'),
	('Massacro(Racecar)', 'massacro2', 130000, 'sports'),
	('Mesa', 'mesa', 16000, 'suvs'),
	('Mesa Trail', 'mesa3', 40000, 'suvs'),
	('Minivan', 'minivan', 13000, 'vans'),
	('Monroe', 'monroe', 55000, 'sportsclassics'),
	('The Liberator', 'monster', 210000, 'offroad'),
	('Moonbeam', 'moonbeam', 18000, 'vans'),
	('Moonbeam Rider', 'moonbeam2', 35000, 'vans'),
	('Nemesis', 'nemesis', 5800, 'motorcycles'),
	('Neon', 'neon', 1500000, 'sports'),
	('Nightblade', 'nightblade', 35000, 'motorcycles'),
	('Nightshade', 'nightshade', 65000, 'muscle'),
	('9F', 'ninef', 65000, 'sports'),
	('9F Cabrio', 'ninef2', 80000, 'sports'),
	('Omnis', 'omnis', 35000, 'sports'),
	('Oppressor', 'oppressor', 3524500, 'super'),
	('Oracle XS', 'oracle2', 35000, 'coupes'),
	('Osiris', 'osiris', 160000, 'super'),
	('Panto', 'panto', 10000, 'compacts'),
	('Paradise', 'paradise', 19000, 'vans'),
	('Pariah', 'pariah', 1420000, 'sports'),
	('Patriot', 'patriot', 55000, 'suvs'),
	('PCJ-600', 'pcj', 6200, 'motorcycles'),
	('Penumbra', 'penumbra', 28000, 'sports'),
	('Pfister', 'pfister811', 85000, 'super'),
	('Phoenix', 'phoenix', 12500, 'muscle'),
	('Picador', 'picador', 18000, 'muscle'),
	('Pigalle', 'pigalle', 20000, 'sportsclassics'),
	('Prairie', 'prairie', 12000, 'compacts'),
	('Premier', 'premier', 8000, 'sedans'),
	('Primo Custom', 'primo2', 14000, 'sedans'),
	('X80 Proto', 'prototipo', 2500000, 'super'),
	('Radius', 'radi', 29000, 'suvs'),
	('raiden', 'raiden', 1375000, 'sports'),
	('Rapid GT', 'rapidgt', 35000, 'sports'),
	('Rapid GT Convertible', 'rapidgt2', 45000, 'sports'),
	('Rapid GT3', 'rapidgt3', 885000, 'sportsclassics'),
	('Reaper', 'reaper', 150000, 'super'),
	('Rebel', 'rebel2', 35000, 'offroad'),
	('Regina', 'regina', 5000, 'sedans'),
	('Retinue', 'retinue', 615000, 'sportsclassics'),
	('Revolter', 'revolter', 1610000, 'sports'),
	('riata', 'riata', 380000, 'offroad'),
	('Rocoto', 'rocoto', 45000, 'suvs'),
	('Ruffian', 'ruffian', 6800, 'motorcycles'),
	('Ruiner 2', 'ruiner2', 5745600, 'muscle'),
	('Rumpo', 'rumpo', 15000, 'vans'),
	('Rumpo Trail', 'rumpo3', 19500, 'vans'),
	('Sabre Turbo', 'sabregt', 20000, 'muscle'),
	('Sabre GT', 'sabregt2', 25000, 'muscle'),
	('Sanchez', 'sanchez', 5300, 'motorcycles'),
	('Sanchez Sport', 'sanchez2', 5300, 'motorcycles'),
	('Sanctus', 'sanctus', 25000, 'motorcycles'),
	('Sandking', 'sandking', 55000, 'offroad'),
	('Savestra', 'savestra', 990000, 'sportsclassics'),
	('SC 1', 'sc1', 1603000, 'super'),
	('Schafter', 'schafter2', 25000, 'sedans'),
	('Schafter V12', 'schafter3', 50000, 'sports'),
	('Scorcher (velo)', 'scorcher', 280, 'motorcycles'),
	('Seminole', 'seminole', 25000, 'suvs'),
	('Sentinel', 'sentinel', 32000, 'coupes'),
	('Sentinel XS', 'sentinel2', 40000, 'coupes'),
	('Sentinel3', 'sentinel3', 650000, 'sports'),
	('Seven 70', 'seven70', 39500, 'sports'),
	('ETR1', 'sheava', 220000, 'super'),
	('Shotaro Concept', 'shotaro', 320000, 'motorcycles'),
	('Slam Van', 'slamvan3', 11500, 'muscle'),
	('Sovereign', 'sovereign', 22000, 'motorcycles'),
	('Stinger', 'stinger', 80000, 'sportsclassics'),
	('Stinger GT', 'stingergt', 75000, 'sportsclassics'),
	('Streiter', 'streiter', 500000, 'sports'),
	('Stretch', 'stretch', 90000, 'sedans'),
	('Stromberg', 'stromberg', 3185350, 'sports'),
	('Sultan', 'sultan', 15000, 'sports'),
	('Sultan RS', 'sultanrs', 65000, 'super'),
	('Super Diamond', 'superd', 130000, 'sedans'),
	('Surano', 'surano', 50000, 'sports'),
	('Surfer', 'surfer', 12000, 'vans'),
	('T20', 't20', 300000, 'super'),
	('Tailgater', 'tailgater', 30000, 'sedans'),
	('Tampa', 'tampa', 16000, 'muscle'),
	('Drift Tampa', 'tampa2', 80000, 'sports'),
	('Thrust', 'thrust', 24000, 'motorcycles'),
	('Tri bike (velo)', 'tribike3', 520, 'motorcycles'),
	('Trophy Truck', 'trophytruck', 60000, 'offroad'),
	('Trophy Truck Limited', 'trophytruck2', 80000, 'offroad'),
	('Tropos', 'tropos', 40000, 'sports'),
	('Turismo R', 'turismor', 350000, 'super'),
	('Tyrus', 'tyrus', 600000, 'super'),
	('Vacca', 'vacca', 120000, 'super'),
	('Vader', 'vader', 7200, 'motorcycles'),
	('Verlierer', 'verlierer2', 70000, 'sports'),
	('Vigero', 'vigero', 12500, 'muscle'),
	('Virgo', 'virgo', 14000, 'muscle'),
	('Viseris', 'viseris', 875000, 'sportsclassics'),
	('Visione', 'visione', 2250000, 'super'),
	('Voltic', 'voltic', 90000, 'super'),
	('Voltic 2', 'voltic2', 3830400, 'super'),
	('Voodoo', 'voodoo', 7200, 'muscle'),
	('Vortex', 'vortex', 9800, 'motorcycles'),
	('Warrener', 'warrener', 4000, 'sedans'),
	('Washington', 'washington', 9000, 'sedans'),
	('Windsor', 'windsor', 95000, 'coupes'),
	('Windsor Drop', 'windsor2', 125000, 'coupes'),
	('Woflsbane', 'wolfsbane', 9000, 'motorcycles'),
	('XLS', 'xls', 32000, 'suvs'),
	('Yosemite', 'yosemite', 485000, 'muscle'),
	('Youga', 'youga', 10800, 'vans'),
	('Youga Luxuary', 'youga2', 14500, 'vans'),
	('Z190', 'z190', 900000, 'sportsclassics'),
	('Zentorno', 'zentorno', 1500000, 'super'),
	('Zion', 'zion', 36000, 'coupes'),
	('Zion Cabrio', 'zion2', 45000, 'coupes'),
	('Zombie', 'zombiea', 9500, 'motorcycles'),
	('Zombie Luxuary', 'zombieb', 12000, 'motorcycles'),
	('Z-Type', 'ztype', 220000, 'sportsclassics');
/*!40000 ALTER TABLE `trucks` ENABLE KEYS */;

-- Dumping structure for table essentialmode.truck_categories
DROP TABLE IF EXISTS `truck_categories`;
CREATE TABLE IF NOT EXISTS `truck_categories` (
  `name` varchar(60) NOT NULL,
  `label` varchar(60) NOT NULL,
  PRIMARY KEY (`name`)
) ENGINE=InnoDB DEFAULT CHARSET=latin1;

-- Dumping data for table essentialmode.truck_categories: ~11 rows (approximately)
DELETE FROM `truck_categories`;
/*!40000 ALTER TABLE `truck_categories` DISABLE KEYS */;
INSERT INTO `truck_categories` (`name`, `label`) VALUES
	('compacts', 'Compacts'),
	('coupes', 'Coups'),
	('motorcycles', 'Motos'),
	('muscle', 'Muscle'),
	('offroad', 'Off Road'),
	('sedans', 'Sedans'),
	('sports', 'Sports'),
	('sportsclassics', 'Sports Classics'),
	('super', 'Super'),
	('suvs', 'SUVs'),
	('vans', 'Vans');
/*!40000 ALTER TABLE `truck_categories` ENABLE KEYS */;

-- Dumping structure for table essentialmode.trunk_inventory
DROP TABLE IF EXISTS `trunk_inventory`;
CREATE TABLE IF NOT EXISTS `trunk_inventory` (
  `id` int(11) NOT NULL AUTO_INCREMENT,
  `plate` varchar(8) NOT NULL,
  `data` text NOT NULL,
  `owned` int(11) NOT NULL,
  PRIMARY KEY (`id`),
  UNIQUE KEY `plate` (`plate`)
) ENGINE=InnoDB DEFAULT CHARSET=latin1;

-- Dumping data for table essentialmode.trunk_inventory: ~0 rows (approximately)
DELETE FROM `trunk_inventory`;
/*!40000 ALTER TABLE `trunk_inventory` DISABLE KEYS */;
/*!40000 ALTER TABLE `trunk_inventory` ENABLE KEYS */;

-- Dumping structure for table essentialmode.twitter_accounts
DROP TABLE IF EXISTS `twitter_accounts`;
CREATE TABLE IF NOT EXISTS `twitter_accounts` (
  `id` int(11) NOT NULL AUTO_INCREMENT,
  `username` varchar(50) CHARACTER SET utf8 NOT NULL DEFAULT '0',
  `password` varchar(50) COLLATE utf8mb4_bin NOT NULL DEFAULT '0',
  `avatar_url` varchar(255) COLLATE utf8mb4_bin DEFAULT NULL,
  PRIMARY KEY (`id`),
  UNIQUE KEY `username` (`username`)
) ENGINE=InnoDB DEFAULT CHARSET=utf8mb4 COLLATE=utf8mb4_bin;

-- Dumping data for table essentialmode.twitter_accounts: ~0 rows (approximately)
DELETE FROM `twitter_accounts`;
/*!40000 ALTER TABLE `twitter_accounts` DISABLE KEYS */;
/*!40000 ALTER TABLE `twitter_accounts` ENABLE KEYS */;

-- Dumping structure for table essentialmode.twitter_likes
DROP TABLE IF EXISTS `twitter_likes`;
CREATE TABLE IF NOT EXISTS `twitter_likes` (
  `id` int(11) NOT NULL AUTO_INCREMENT,
  `authorId` int(11) DEFAULT NULL,
  `tweetId` int(11) DEFAULT NULL,
  PRIMARY KEY (`id`),
  KEY `FK_twitter_likes_twitter_accounts` (`authorId`),
  KEY `FK_twitter_likes_twitter_tweets` (`tweetId`),
  CONSTRAINT `FK_twitter_likes_twitter_accounts` FOREIGN KEY (`authorId`) REFERENCES `twitter_accounts` (`id`),
  CONSTRAINT `FK_twitter_likes_twitter_tweets` FOREIGN KEY (`tweetId`) REFERENCES `twitter_tweets` (`id`) ON DELETE CASCADE
) ENGINE=InnoDB DEFAULT CHARSET=utf8mb4 COLLATE=utf8mb4_bin;

-- Dumping data for table essentialmode.twitter_likes: ~0 rows (approximately)
DELETE FROM `twitter_likes`;
/*!40000 ALTER TABLE `twitter_likes` DISABLE KEYS */;
/*!40000 ALTER TABLE `twitter_likes` ENABLE KEYS */;

-- Dumping structure for table essentialmode.twitter_tweets
DROP TABLE IF EXISTS `twitter_tweets`;
CREATE TABLE IF NOT EXISTS `twitter_tweets` (
  `id` int(11) NOT NULL AUTO_INCREMENT,
  `authorId` int(11) NOT NULL,
  `realUser` varchar(50) COLLATE utf8mb4_unicode_ci DEFAULT NULL,
  `message` varchar(256) COLLATE utf8mb4_unicode_ci NOT NULL,
  `time` timestamp NOT NULL DEFAULT CURRENT_TIMESTAMP,
  `likes` int(11) NOT NULL DEFAULT '0',
  PRIMARY KEY (`id`),
  KEY `FK_twitter_tweets_twitter_accounts` (`authorId`),
  CONSTRAINT `FK_twitter_tweets_twitter_accounts` FOREIGN KEY (`authorId`) REFERENCES `twitter_accounts` (`id`)
) ENGINE=InnoDB DEFAULT CHARSET=utf8mb4 COLLATE=utf8mb4_unicode_ci;

-- Dumping data for table essentialmode.twitter_tweets: ~0 rows (approximately)
DELETE FROM `twitter_tweets`;
/*!40000 ALTER TABLE `twitter_tweets` DISABLE KEYS */;
/*!40000 ALTER TABLE `twitter_tweets` ENABLE KEYS */;

-- Dumping structure for table essentialmode.users
DROP TABLE IF EXISTS `users`;
CREATE TABLE IF NOT EXISTS `users` (
  `identifier` varchar(50) COLLATE utf8mb4_bin NOT NULL,
  `license` varchar(50) COLLATE utf8mb4_bin DEFAULT NULL,
  `money` int(11) DEFAULT NULL,
  `name` varchar(50) COLLATE utf8mb4_bin DEFAULT '',
  `skin` longtext COLLATE utf8mb4_bin,
  `job` varchar(50) COLLATE utf8mb4_bin DEFAULT 'unemployed',
  `job_grade` int(11) DEFAULT '0',
  `loadout` longtext COLLATE utf8mb4_bin,
  `position` varchar(255) COLLATE utf8mb4_bin DEFAULT NULL,
  `bank` int(11) DEFAULT NULL,
  `permission_level` int(11) DEFAULT NULL,
  `group` varchar(50) COLLATE utf8mb4_bin DEFAULT NULL,
  `firstname` varchar(50) COLLATE utf8mb4_bin DEFAULT '',
  `lastname` varchar(50) COLLATE utf8mb4_bin DEFAULT '',
  `dateofbirth` varchar(25) COLLATE utf8mb4_bin DEFAULT '',
  `sex` varchar(10) COLLATE utf8mb4_bin DEFAULT '',
  `height` varchar(5) COLLATE utf8mb4_bin DEFAULT '',
  `status` longtext COLLATE utf8mb4_bin,
  `last_property` varchar(255) COLLATE utf8mb4_bin DEFAULT NULL,
  `is_dead` tinyint(1) DEFAULT '0',
  `tattoos` longtext COLLATE utf8mb4_bin,
  `jail` int(11) NOT NULL DEFAULT '0',
  `phone_number` varchar(10) COLLATE utf8mb4_bin DEFAULT NULL,
  `lastdigits` varchar(255) COLLATE utf8mb4_bin DEFAULT NULL,
  `last_house` int(11) DEFAULT '0',
  `house` varchar(50) COLLATE utf8mb4_bin NOT NULL DEFAULT '"owns":false,"furniture":[],"houseId":0',
  `bought_furniture` varchar(50) COLLATE utf8mb4_bin NOT NULL DEFAULT '{}',
  PRIMARY KEY (`identifier`)
) ENGINE=InnoDB DEFAULT CHARSET=utf8mb4 COLLATE=utf8mb4_bin;

-- Dumping data for table essentialmode.users: ~22 rows (approximately)
DELETE FROM `users`;
/*!40000 ALTER TABLE `users` DISABLE KEYS */;
INSERT INTO `users` (`identifier`, `license`, `money`, `name`, `skin`, `job`, `job_grade`, `loadout`, `position`, `bank`, `permission_level`, `group`, `firstname`, `lastname`, `dateofbirth`, `sex`, `height`, `status`, `last_property`, `is_dead`, `tattoos`, `jail`, `phone_number`, `lastdigits`, `last_house`, `house`, `bought_furniture`) VALUES
	('Char2:11000013643f404', 'license:0f0a41fcd5793d75e0b1cac87ed0e5dc2f64b553', 500, 'princeshakil69', '{"skin":12,"beard_4":0,"torso_1":15,"hair_1":0,"face":42,"beard_1":0,"tshirt_2":0,"hair_2":0,"shoes_2":0,"helmet_2":-1,"eye_color":0,"pants_1":61,"tshirt_1":15,"watches_1":-1,"watches_2":-1,"beard_3":0,"age_2":0,"torso_2":0,"ears_1":-1,"eyebrows_2":10,"arms":15,"helmet_1":-1,"eyebrows_1":0,"hair_color_1":0,"pants_2":4,"complexion_2":1,"ears_2":-1,"arms_2":0,"sex":0,"glasses_2":-1,"moles_1":0,"complexion_1":0,"shoes_1":34,"moles_2":1,"glasses_1":-1,"chain_2":0,"beard_2":10,"chain_1":0,"age_1":0,"hair_color_2":0}', 'unemployed', 0, '[]', '{"x":-1034.0,"y":-2734.4000000004,"z":20.199999999998}', 2600, 0, 'user', 'Prince', 'Shakil', '01-11-1995', 'm', '200', '[{"name":"hunger","percent":99.21,"val":992100},{"name":"thirst","percent":99.4075,"val":994075},{"name":"drunk","percent":0.0,"val":0}]', NULL, 0, NULL, 0, '44811', NULL, 0, '"owns":false,"furniture":[],"houseId":0', '{}'),
	('Char2:11000013fa72798', 'license:dc1311a23dc83989951912cfd6f817cf69013af8', 500, 'Neckrae', '{"chain_2":0,"complexion_1":0,"torso_2":0,"beard_1":10,"hair_2":0,"watches_2":-1,"ears_1":-1,"eyebrows_2":10,"hair_color_2":0,"complexion_2":1,"sex":0,"moles_2":1,"hair_1":11,"tshirt_2":0,"moles_1":0,"beard_3":0,"hair_color_1":0,"tshirt_1":15,"glasses_2":-1,"ears_2":-1,"face":42,"skin":12,"beard_4":0,"eyebrows_1":12,"arms":15,"watches_1":-1,"torso_1":15,"pants_2":4,"glasses_1":-1,"chain_1":0,"shoes_2":0,"shoes_1":34,"helmet_2":-1,"age_1":0,"helmet_1":-1,"pants_1":61,"eye_color":0,"age_2":0,"beard_2":10,"arms_2":0}', 'unemployed', 0, '[]', '{"z":29.199999999998,"x":-231.0,"y":-971.0}', 2600, 0, 'user', 'Neck', 'Raee', '02-02-2002', 'm', '200', '[{"name":"hunger","percent":97.7,"val":977000},{"name":"thirst","percent":98.275,"val":982750},{"name":"drunk","percent":0.0,"val":0}]', NULL, 0, NULL, 0, '4721', NULL, 0, '"owns":false,"furniture":[],"houseId":0', '{}'),
	('steam:110000112bdd6a2', 'license:a7857e8f04f5a3473f02db46d3a5f371c536bdae', 500, 'Why Me ???', '{"skin":12,"beard_4":0,"torso_1":10,"hair_1":0,"face":0,"beard_1":0,"tshirt_2":0,"hair_2":0,"shoes_2":3,"helmet_2":-1,"eye_color":0,"pants_1":24,"tshirt_1":10,"arms_2":0,"watches_2":-1,"beard_3":0,"age_2":0,"torso_2":0,"ears_1":-1,"eyebrows_2":10,"arms":4,"helmet_1":-1,"eyebrows_1":30,"hair_color_1":0,"pants_2":0,"complexion_2":1,"complexion_1":0,"moles_2":1,"watches_1":-1,"glasses_2":-1,"moles_1":0,"sex":0,"shoes_1":1,"beard_2":10,"glasses_1":-1,"chain_2":0,"ears_2":-1,"chain_1":18,"age_1":0,"hair_color_2":0}', 'unemployed', 0, '[]', '{"x":-735.6000000001,"y":-2544.5999999996,"z":14.0}', 2700, 0, 'user', 'Mohammed', 'Intishar', '2000', 'm', '200', '[{"name":"hunger","percent":93.33,"val":933300},{"name":"thirst","percent":94.9975,"val":949975},{"name":"drunk","percent":0.0,"val":0}]', NULL, 0, NULL, 0, '41911', NULL, 0, '"owns":false,"furniture":[],"houseId":0', '{}'),
	('steam:110000112d5aa7b', 'license:013e06453408d3a7b542886c609c5c98cb4d83b4', 976262, 'LePotatoGuy', '{"skin":12,"beard_4":0,"torso_1":82,"hair_1":19,"face":4,"beard_1":10,"tshirt_2":0,"hair_2":0,"shoes_2":10,"helmet_2":1,"eye_color":0,"pants_1":0,"tshirt_1":15,"arms_2":0,"watches_2":-1,"beard_3":0,"age_2":0,"torso_2":9,"ears_1":-1,"eyebrows_2":10,"arms":0,"helmet_1":21,"eyebrows_1":18,"hair_color_1":0,"pants_2":0,"complexion_2":1,"beard_2":10,"moles_2":1,"ears_2":-1,"watches_1":-1,"moles_1":0,"sex":0,"shoes_1":0,"complexion_1":0,"glasses_1":5,"chain_2":0,"glasses_2":0,"chain_1":0,"age_1":0,"hair_color_2":0}', 'police', 1, '[{"name":"WEAPON_PISTOL","label":"Pistol","components":["clip_default"],"ammo":78},{"name":"WEAPON_ASSAULTRIFLE","label":"Assault rifle","components":["clip_default"],"ammo":79},{"name":"WEAPON_FLASHLIGHT","label":"Flashlight","components":[],"ammo":0}]', '{"x":-1176.0,"y":-869.0,"z":14.0}', 3480, 0, 'user', 'Potato', 'Bhai', '18-01-1995', 'm', '180', '[{"name":"hunger","percent":48.22,"val":482200},{"name":"thirst","percent":48.665,"val":486650},{"name":"drunk","percent":0.0,"val":0}]', NULL, 0, NULL, 0, '46718', NULL, 0, '"owns":false,"furniture":[],"houseId":0', '{}'),
	('steam:110000119bd7bda', 'license:37d3949221bcf1713afd76c0f15f3636bbd3c3b6', 9742795, 'A.R PRO', '{"chain_2":1,"complexion_1":1,"torso_2":7,"beard_1":7,"hair_2":0,"watches_2":-1,"ears_1":5,"helmet_2":-1,"hair_color_2":4,"complexion_2":1,"sex":0,"moles_2":1,"hair_1":13,"tshirt_2":0,"moles_1":0,"beard_3":0,"hair_color_1":4,"tshirt_1":23,"glasses_2":3,"ears_2":0,"face":0,"chain_1":50,"beard_4":0,"eyebrows_1":12,"eyebrows_2":10,"watches_1":-1,"torso_1":70,"arms":1,"glasses_1":5,"skin":12,"shoes_2":6,"pants_2":0,"beard_2":10,"age_1":0,"shoes_1":3,"pants_1":4,"eye_color":12,"age_2":0,"helmet_1":-1,"arms_2":0}', 'unemployed', 0, '[{"label":"Carbine rifle","ammo":0,"name":"WEAPON_CARBINERIFLE","components":["clip_box","flashlight","scope","grip","luxary_finish"]}]', '{"y":-530.3999999999,"x":1212.4,"z":66.399999999994}', 10000900, 1, 'admin', 'Alamin', 'Hossain', '20-06-1955', 'm', '180', '[{"name":"hunger","val":622000,"percent":62.2},{"name":"thirst","val":296500,"percent":29.65},{"name":"drunk","val":0,"percent":0.0}]', NULL, 0, NULL, 0, '45865', NULL, 0, '"owns":false,"furniture":[],"houseId":0', '{}'),
	('steam:110000135a2dcb0', 'license:d7275472be5a89c5ce504cc99704d347adac949a', 500, 'KrypTon', '{"tshirt_1":0,"watches_1":1,"chain_2":0,"beard_3":0,"hair_2":0,"complexion_1":0,"glasses_2":0,"torso_2":1,"eyebrows_2":10,"eyebrows_1":0,"pants_1":4,"skin":12,"hair_color_1":2,"beard_2":10,"eye_color":3,"helmet_2":-1,"age_2":0,"hair_color_2":2,"beard_4":0,"ears_2":-1,"sex":0,"complexion_2":1,"ears_1":-1,"helmet_1":-1,"watches_2":0,"arms":0,"hair_1":2,"pants_2":0,"face":44,"beard_1":0,"tshirt_2":0,"shoes_2":0,"glasses_1":3,"moles_2":1,"torso_1":0,"shoes_1":48,"age_1":0,"arms_2":0,"chain_1":0,"moles_1":0}', 'unemployed', 0, '[]', '{"x":-344.40000000002,"y":-973.0,"z":31.0}', 3200, 0, 'user', 'Rahat ', 'Hasan', '21-01-1997', 'm', '190', '[{"percent":68.65,"val":686500,"name":"hunger"},{"percent":76.4875,"val":764875,"name":"thirst"},{"percent":0.0,"val":0,"name":"drunk"}]', NULL, 0, NULL, 0, '46486', NULL, 0, '"owns":false,"furniture":[],"houseId":0', '{}'),
	('steam:11000013643f404', 'license:0f0a41fcd5793d75e0b1cac87ed0e5dc2f64b553', 84713735, 'princeshakil69', '{"watches_2":-1,"beard_2":10,"helmet_1":-1,"glasses_1":-1,"ears_2":-1,"eyebrows_2":10,"arms_2":0,"eyebrows_1":0,"age_2":0,"moles_1":0,"shoes_2":0,"hair_2":0,"ears_1":-1,"glasses_2":-1,"pants_1":61,"torso_2":4,"age_1":0,"beard_3":0,"complexion_1":0,"chain_1":0,"watches_1":-1,"hair_color_1":0,"face":2,"beard_1":0,"eye_color":3,"sex":0,"arms":5,"tshirt_1":17,"helmet_2":-1,"complexion_2":1,"beard_4":0,"chain_2":0,"pants_2":4,"torso_1":17,"shoes_1":48,"hair_1":16,"tshirt_2":4,"moles_2":1,"skin":14,"hair_color_2":0}', 'unemployed', 0, '[{"label":"Pistol","name":"WEAPON_PISTOL","components":["clip_default"],"ammo":228},{"label":"Sniper rifle","name":"WEAPON_SNIPERRIFLE","components":["scope"],"ammo":71}]', '{"y":6363.8000000008,"x":50.199999999998,"z":31.199999999998}', 5000, 2, 'admin', 'Bangla', 'Bhai', '27-12-1995', 'm', '200', '[{"name":"hunger","val":563900,"percent":56.39},{"name":"thirst","val":560425,"percent":56.0425},{"name":"drunk","val":0,"percent":0.0}]', NULL, 0, '[]', 0, '43153', NULL, 0, '"owns":false,"furniture":[],"houseId":0', '{}'),
	('steam:110000137972c5f', 'license:cd09795df59f34bd5d6f81add2d605343e2d48a3', 1355300, 'SubhamNOOBYT', '{"skin":12,"moles_2":1,"complexion_2":1,"tshirt_2":0,"chain_2":0,"arms":0,"watches_1":-1,"beard_1":0,"watches_2":-1,"beard_3":0,"hair_color_2":0,"pants_2":0,"beard_4":0,"helmet_2":-1,"ears_1":-1,"tshirt_1":0,"shoes_1":0,"chain_1":0,"glasses_2":0,"beard_2":10,"eyebrows_1":0,"eye_color":0,"ears_2":-1,"hair_color_1":0,"torso_1":0,"helmet_1":-1,"hair_1":0,"complexion_1":0,"glasses_1":0,"pants_1":0,"arms_2":0,"eyebrows_2":10,"sex":0,"hair_2":0,"shoes_2":0,"torso_2":0,"moles_1":0,"age_1":0,"age_2":0}', 'police', 1, '[{"label":"Bat","components":[],"ammo":0,"name":"WEAPON_BAT"},{"label":"Taser","components":[],"ammo":1,"name":"WEAPON_STUNGUN"}]', '{"y":6645.8000000008,"x":-6.6000000000004,"z":34.0}', -6265, 0, 'superadmin', 'Subham', 'PRO', '1998', 'm', '200', '[{"name":"hunger","val":215500,"percent":21.55},{"name":"thirst","val":286625,"percent":28.6625},{"name":"drunk","val":0,"percent":0.0}]', NULL, 0, NULL, 0, '45893', NULL, 0, '{"owns":false,"furniture":[],"houseId":0}', '{"prop_table_07":{"name":"Table 21","amount":1}}'),
	('steam:11000013c71edd7', 'license:f8bbeadfa1da146bbb26c479e63df9450cb687c3', 335, 'shrabon_00', '{"hair_2":0,"sex":0,"ears_1":31,"helmet_2":-1,"beard_1":18,"moles_2":1,"eyebrows_2":10,"chain_2":2,"skin":12,"glasses_1":5,"shoes_1":10,"tshirt_2":0,"beard_2":10,"moles_1":0,"eye_color":0,"torso_2":0,"arms":4,"ears_2":0,"pants_2":0,"glasses_2":3,"helmet_1":-1,"arms_2":0,"face":44,"chain_1":12,"hair_1":45,"torso_1":10,"hair_color_2":2,"age_2":0,"tshirt_1":10,"complexion_1":0,"beard_4":0,"beard_3":0,"pants_1":24,"age_1":0,"watches_2":-1,"complexion_2":1,"hair_color_1":2,"eyebrows_1":10,"watches_1":-1,"shoes_2":0}', 'unemployed', 0, '[]', '{"x":-1035.0,"z":20.199999999998,"y":-2734.2000000002}', 2600, 0, 'user', 'SHRABON', 'OO', '10/08/1994', 'm', '200', '[{"val":960900,"name":"hunger","percent":96.09},{"val":970675,"name":"thirst","percent":97.0675},{"val":0,"name":"drunk","percent":0.0}]', NULL, 0, NULL, 0, '45448', NULL, 0, '"owns":false,"furniture":[],"houseId":0', '{}'),
	('steam:11000013cf6131e', 'license:6deefd766afb4f316a125e49a8b7b5c26bff6c93', 373995, 'DEVIL', '{"ears_2":-1,"glasses_1":0,"torso_1":0,"ears_1":-1,"arms":0,"age_2":0,"hair_color_1":0,"age_1":0,"pants_2":0,"moles_1":0,"beard_4":0,"skin":12,"hair_color_2":0,"chain_2":0,"eyebrows_2":10,"hair_1":0,"eyebrows_1":0,"chain_1":0,"helmet_2":-1,"complexion_1":0,"beard_1":0,"shoes_1":0,"tshirt_2":0,"eye_color":0,"arms_2":0,"shoes_2":0,"complexion_2":1,"beard_3":0,"moles_2":1,"beard_2":10,"watches_2":-1,"pants_1":0,"sex":0,"torso_2":0,"hair_2":0,"helmet_1":-1,"watches_1":-1,"tshirt_1":0,"glasses_2":0}', 'unemployed', 0, '[]', '{"x":2632.4000000004,"y":4793.4000000004,"z":33.600000000006}', 3700, 0, 'user', 'MR', 'JOKER', '05-08-1996', 'm', '190', '[{"name":"hunger","percent":24.87,"val":248700},{"name":"thirst","percent":31.1525,"val":311525},{"name":"drunk","percent":0.0,"val":0}]', NULL, 0, NULL, 0, '4967', NULL, 0, '"owns":false,"furniture":[],"houseId":0', '{}'),
	('steam:11000013d80c34f', 'license:ca5da74ad79826a36f27c207ecfa18460420a3ef', 9969000, 'Chutiabazzodi', '{"shoes_1":7,"lipstick_4":0,"eyebrows_2":10,"eyebrows_3":0,"bodyb_1":0,"moles_1":0,"eyebrows_4":0,"ears_2":-1,"bracelets_2":0,"hair_1":0,"pants_2":8,"blush_2":0,"age_2":0,"makeup_1":0,"helmet_2":7,"makeup_4":0,"hair_color_1":0,"mask_1":0,"moles_2":1,"glasses_1":12,"complexion_2":1,"face":0,"arms_2":0,"bproof_2":0,"bracelets_1":-1,"sun_2":0,"bags_2":0,"hair_2":0,"mask_2":0,"watches_1":-1,"watches_2":-1,"chest_1":0,"eye_color":0,"bproof_1":0,"blemishes_2":0,"blush_3":0,"shoes_2":15,"skin":12,"decals_2":0,"sun_1":0,"age_1":0,"lipstick_2":0,"decals_1":0,"beard_1":0,"arms":0,"chain_2":0,"makeup_3":0,"glasses_2":0,"helmet_1":7,"beard_4":0,"bodyb_2":0,"hair_color_2":0,"tshirt_2":1,"chest_2":0,"lipstick_3":0,"beard_3":0,"pants_1":3,"lipstick_1":0,"torso_1":3,"eyebrows_1":0,"chest_3":0,"bags_1":0,"torso_2":8,"beard_2":10,"tshirt_1":23,"blush_1":0,"makeup_2":0,"sex":0,"complexion_1":0,"blemishes_1":0,"ears_1":-1,"chain_1":0}', 'mafia', 0, '[{"label":"Knife","components":[],"name":"WEAPON_KNIFE","ammo":0},{"label":"Nightstick","components":[],"name":"WEAPON_NIGHTSTICK","ammo":0},{"label":"Hammer","components":[],"name":"WEAPON_HAMMER","ammo":0},{"label":"Bat","components":[],"name":"WEAPON_BAT","ammo":0},{"label":"Golf club","components":[],"name":"WEAPON_GOLFCLUB","ammo":0},{"label":"Crow bar","components":[],"name":"WEAPON_CROWBAR","ammo":0},{"label":"Pistol","components":["clip_default"],"name":"WEAPON_PISTOL","ammo":250},{"label":"Combat pistol","components":["clip_default"],"name":"WEAPON_COMBATPISTOL","ammo":250},{"label":"AP pistol","components":["clip_default"],"name":"WEAPON_APPISTOL","ammo":250},{"label":"Pistol .50","components":["clip_default"],"name":"WEAPON_PISTOL50","ammo":250},{"label":"Heavy revolver","components":[],"name":"WEAPON_REVOLVER","ammo":250},{"label":"Sns pistol","components":["clip_default"],"name":"WEAPON_SNSPISTOL","ammo":250},{"label":"Heavy pistol","components":["clip_default"],"name":"WEAPON_HEAVYPISTOL","ammo":250},{"label":"Vintage pistol","components":["clip_default"],"name":"WEAPON_VINTAGEPISTOL","ammo":250},{"label":"Micro SMG","components":["clip_default"],"name":"WEAPON_MICROSMG","ammo":250},{"label":"SMG","components":["clip_default"],"name":"WEAPON_SMG","ammo":250},{"label":"Assault SMG","components":["clip_default"],"name":"WEAPON_ASSAULTSMG","ammo":250},{"label":"Mini smg","components":["clip_default"],"name":"WEAPON_MINISMG","ammo":250},{"label":"Machine pistol","components":["clip_default"],"name":"WEAPON_MACHINEPISTOL","ammo":250},{"label":"Combat pdw","components":["clip_default"],"name":"WEAPON_COMBATPDW","ammo":250},{"label":"Pump shotgun","components":[],"name":"WEAPON_PUMPSHOTGUN","ammo":250},{"label":"Sawed off shotgun","components":[],"name":"WEAPON_SAWNOFFSHOTGUN","ammo":250},{"label":"Assault shotgun","components":["clip_default"],"name":"WEAPON_ASSAULTSHOTGUN","ammo":250},{"label":"Bullpup shotgun","components":[],"name":"WEAPON_BULLPUPSHOTGUN","ammo":250},{"label":"Heavy shotgun","components":["clip_default"],"name":"WEAPON_HEAVYSHOTGUN","ammo":250},{"label":"Assault rifle","components":["clip_default"],"name":"WEAPON_ASSAULTRIFLE","ammo":250},{"label":"Carbine rifle","components":["clip_default"],"name":"WEAPON_CARBINERIFLE","ammo":250},{"label":"Advanced rifle","components":["clip_default"],"name":"WEAPON_ADVANCEDRIFLE","ammo":250},{"label":"Special carbine","components":["clip_default"],"name":"WEAPON_SPECIALCARBINE","ammo":250},{"label":"Bullpup rifle","components":["clip_default"],"name":"WEAPON_BULLPUPRIFLE","ammo":250},{"label":"Compact rifle","components":["clip_default"],"name":"WEAPON_COMPACTRIFLE","ammo":250},{"label":"MG","components":["clip_default"],"name":"WEAPON_MG","ammo":250},{"label":"Combat MG","components":["clip_default"],"name":"WEAPON_COMBATMG","ammo":250},{"label":"Gusenberg sweeper","components":["clip_default"],"name":"WEAPON_GUSENBERG","ammo":250},{"label":"Sniper rifle","components":["scope"],"name":"WEAPON_SNIPERRIFLE","ammo":250},{"label":"Heavy sniper","components":["scope_advanced"],"name":"WEAPON_HEAVYSNIPER","ammo":250},{"label":"Marksman rifle","components":["clip_default","scope"],"name":"WEAPON_MARKSMANRIFLE","ammo":250},{"label":"Grenade launcher","components":[],"name":"WEAPON_GRENADELAUNCHER","ammo":14},{"label":"Rocket launcher","components":[],"name":"WEAPON_RPG","ammo":20},{"label":"Minigun","components":[],"name":"WEAPON_MINIGUN","ammo":250},{"label":"Grenade","components":[],"name":"WEAPON_GRENADE","ammo":25},{"label":"Sticky bomb","components":[],"name":"WEAPON_STICKYBOMB","ammo":25},{"label":"Smoke grenade","components":[],"name":"WEAPON_SMOKEGRENADE","ammo":25},{"label":"Bz gas","components":[],"name":"WEAPON_BZGAS","ammo":25},{"label":"Molotov cocktail","components":[],"name":"WEAPON_MOLOTOV","ammo":25},{"label":"Fire extinguisher","components":[],"name":"WEAPON_FIREEXTINGUISHER","ammo":2000},{"label":"Jerrycan","components":[],"name":"WEAPON_PETROLCAN","ammo":4500},{"label":"Ball","components":[],"name":"WEAPON_BALL","ammo":1},{"label":"Bottle","components":[],"name":"WEAPON_BOTTLE","ammo":0},{"label":"Dagger","components":[],"name":"WEAPON_DAGGER","ammo":0},{"label":"Firework","components":[],"name":"WEAPON_FIREWORK","ammo":20},{"label":"Musket","components":[],"name":"WEAPON_MUSKET","ammo":250},{"label":"Taser","components":[],"name":"WEAPON_STUNGUN","ammo":250},{"label":"Homing launcher","components":[],"name":"WEAPON_HOMINGLAUNCHER","ammo":10},{"label":"Proximity mine","components":[],"name":"WEAPON_PROXMINE","ammo":5},{"label":"Snow ball","components":[],"name":"WEAPON_SNOWBALL","ammo":10},{"label":"Flaregun","components":[],"name":"WEAPON_FLAREGUN","ammo":20},{"label":"Marksman pistol","components":[],"name":"WEAPON_MARKSMANPISTOL","ammo":250},{"label":"Knuckledusters","components":[],"name":"WEAPON_KNUCKLE","ammo":0},{"label":"Hatchet","components":[],"name":"WEAPON_HATCHET","ammo":0},{"label":"Railgun","components":[],"name":"WEAPON_RAILGUN","ammo":20},{"label":"Machete","components":[],"name":"WEAPON_MACHETE","ammo":0},{"label":"Switchblade","components":[],"name":"WEAPON_SWITCHBLADE","ammo":0},{"label":"Double barrel shotgun","components":[],"name":"WEAPON_DBSHOTGUN","ammo":250},{"label":"Auto shotgun","components":[],"name":"WEAPON_AUTOSHOTGUN","ammo":250},{"label":"Battle axe","components":[],"name":"WEAPON_BATTLEAXE","ammo":0},{"label":"Compact launcher","components":[],"name":"WEAPON_COMPACTLAUNCHER","ammo":14},{"label":"Pipe bomb","components":[],"name":"WEAPON_PIPEBOMB","ammo":10},{"label":"Pool cue","components":[],"name":"WEAPON_POOLCUE","ammo":0},{"label":"Pipe wrench","components":[],"name":"WEAPON_WRENCH","ammo":0},{"label":"Flashlight","components":[],"name":"WEAPON_FLASHLIGHT","ammo":0},{"label":"Flare gun","components":[],"name":"WEAPON_FLARE","ammo":25},{"label":"Double-Action Revolver","components":[],"name":"WEAPON_DOUBLEACTION","ammo":250}]', '{"y":-1080.4,"x":114.4,"z":28.800000000002}', 16680, 0, 'superadmin', 'Zitu', 'Baba', '25-04-1995', 'm', '200', '[{"name":"hunger","val":368000,"percent":36.8},{"name":"thirst","val":401000,"percent":40.1},{"name":"drunk","val":0,"percent":0.0}]', NULL, 0, NULL, 0, '41006', NULL, 0, '"owns":false,"furniture":[],"houseId":0', '{}'),
	('steam:11000013d9ceb45', 'license:4c95914fdb36487f2302adb0768ef6b8f88d5f6f', 9521074, 'ADILKHAN', '{"chain_2":0,"shoes_1":3,"torso_2":0,"beard_1":10,"hair_2":0,"watches_2":-1,"ears_1":-1,"eyebrows_2":10,"hair_color_2":0,"complexion_2":1,"sex":0,"moles_2":1,"hair_1":11,"tshirt_2":0,"moles_1":0,"beard_3":0,"hair_color_1":0,"tshirt_1":13,"glasses_2":4,"ears_2":-1,"face":13,"arms_2":0,"beard_4":0,"eyebrows_1":12,"beard_2":10,"watches_1":-1,"arms":11,"complexion_1":0,"glasses_1":3,"pants_2":4,"shoes_2":6,"chain_1":0,"skin":12,"age_1":0,"torso_1":13,"pants_1":4,"eye_color":0,"age_2":0,"helmet_2":-1,"helmet_1":-1}', 'police', 3, '[{"ammo":84,"name":"WEAPON_PISTOL","components":["clip_default"],"label":"Pistol"},{"ammo":0,"name":"WEAPON_MICROSMG","components":["clip_default"],"label":"Micro SMG"},{"ammo":78,"name":"WEAPON_PUMPSHOTGUN","components":[],"label":"Pump shotgun"},{"ammo":38,"name":"WEAPON_ASSAULTRIFLE","components":["clip_default"],"label":"Assault rifle"},{"ammo":38,"name":"WEAPON_SPECIALCARBINE","components":["clip_default"],"label":"Special carbine"}]', '{"y":-934.0,"z":31.199999999998,"x":-346.0}', 6780, 3, 'admin', 'ADIL', 'KHAN', '01-04-1996', 'm', '200', '[{"name":"hunger","percent":35.45,"val":354500},{"name":"thirst","percent":39.0875,"val":390875},{"name":"drunk","percent":0.0,"val":0}]', NULL, 0, NULL, 0, '42937', NULL, 0, '"owns":false,"furniture":[],"houseId":0', '{}'),
	('steam:11000013df98c58', 'license:1ffa59a773f708c35e5c04380e433b7e1038747d', 500, 'zayn', NULL, 'unemployed', 0, NULL, NULL, 2500, 0, 'user', 'Lil', 'Zayn', '18 06 2000', 'm', '180', NULL, NULL, 0, NULL, 0, '4776', NULL, 0, '"owns":false,"furniture":[],"houseId":0', '{}'),
	('steam:11000013e171b9d', 'license:b685bf8686cf97cec1bd5d7e5d418a305f964b26', 500, 'Loading...', '{"skin":12,"beard_4":0,"torso_1":15,"hair_1":45,"face":0,"beard_1":0,"tshirt_2":0,"hair_2":0,"shoes_2":0,"glasses_2":-1,"eye_color":0,"pants_1":61,"tshirt_1":15,"arms_2":0,"watches_2":-1,"beard_3":0,"age_2":0,"torso_2":0,"ears_1":-1,"eyebrows_2":10,"arms":15,"helmet_1":-1,"glasses_1":-1,"hair_color_1":0,"pants_2":4,"complexion_2":1,"beard_2":10,"sex":0,"eyebrows_1":0,"complexion_1":0,"moles_1":0,"ears_2":-1,"shoes_1":34,"moles_2":1,"watches_1":-1,"chain_2":0,"helmet_2":-1,"chain_1":0,"age_1":0,"hair_color_2":0}', 'unemployed', 0, '[]', '{"x":-818.0,"y":-2565.7999999998,"z":13.599999999998}', 2600, 0, 'user', 'FF', 'dF', 'gfhuyi', 'm', '150', '[{"name":"hunger","percent":95.92,"val":959200},{"name":"thirst","percent":96.94,"val":969400},{"name":"drunk","percent":0.0,"val":0}]', NULL, 0, NULL, 0, '43776', NULL, 0, '"owns":false,"furniture":[],"houseId":0', '{}'),
	('steam:11000013e6ab42b', 'license:256a0352d3519ef6c8d703741196c58755842f40', 9000, 'MR.Nucleya', '{"shoes_1":10,"beard_1":11,"eyebrows_2":10,"hair_2":0,"moles_1":0,"glasses_2":0,"ears_2":0,"helmet_1":-1,"eye_color":0,"hair_1":3,"skin":12,"torso_2":1,"age_1":0,"age_2":0,"helmet_2":-1,"arms":1,"complexion_2":1,"beard_4":2,"hair_color_1":6,"hair_color_2":6,"moles_2":1,"shoes_2":0,"face":0,"beard_3":2,"pants_1":10,"chain_2":0,"glasses_1":2,"eyebrows_1":2,"pants_2":0,"tshirt_2":1,"watches_1":-1,"beard_2":10,"watches_2":-1,"tshirt_1":3,"torso_1":72,"sex":0,"complexion_1":0,"arms_2":0,"ears_1":3,"chain_1":0}', 'unemployed', 0, '[{"label":"Carbine rifle","components":["clip_default"],"ammo":246,"name":"WEAPON_CARBINERIFLE"}]', '{"y":-3195.5999999996,"x":1121.7999999998,"z":-40.399999999994}', 5100, 0, 'superadmin', 'Mr', 'Nucleya', '16-12-1997', 'm', '200', '[{"name":"hunger","val":344700,"percent":34.47},{"name":"thirst","val":458525,"percent":45.8525},{"name":"drunk","val":0,"percent":0.0}]', NULL, 0, NULL, 0, '42901', NULL, 0, '"owns":false,"furniture":[],"houseId":0', '{}'),
	('steam:11000013ec6f59b', 'license:641c5094003ef80bfdd64bc0abccb449b4ccd76a', 198, 'Zarin', '{"eye_color":2,"ears_1":3,"blemishes_2":0,"mask_1":0,"beard_1":0,"bproof_2":0,"age_1":0,"age_2":0,"glasses_1":-1,"bracelets_1":-1,"beard_2":0,"glasses_2":-1,"hair_1":28,"torso_1":10,"bodyb_1":0,"pants_1":4,"sun_2":0,"moles_1":0,"tshirt_2":0,"chest_1":0,"arms":4,"makeup_3":0,"complexion_2":1,"makeup_2":10,"helmet_1":-1,"eyebrows_4":0,"lipstick_2":10,"eyebrows_1":2,"torso_2":0,"shoes_1":1,"hair_2":0,"arms_2":0,"lipstick_4":0,"blush_1":0,"decals_2":0,"watches_1":3,"shoes_2":1,"bags_1":0,"hair_color_1":30,"chain_1":0,"eyebrows_3":0,"makeup_4":0,"sex":1,"eyebrows_2":10,"bracelets_2":0,"helmet_2":-1,"face":21,"blemishes_1":0,"skin":12,"ears_2":0,"sun_1":0,"decals_1":0,"hair_color_2":30,"tshirt_1":10,"moles_2":1,"lipstick_1":4,"beard_3":0,"watches_2":0,"chest_3":0,"bags_2":0,"makeup_1":5,"mask_2":0,"chain_2":0,"lipstick_3":18,"pants_2":1,"complexion_1":0,"blush_3":0,"bproof_1":0,"chest_2":0,"bodyb_2":0,"beard_4":0,"blush_2":0}', 'groove', 0, '[]', '{"y":-747.0,"x":-1270.7999999998,"z":32.199999999998}', 4770, 0, 'user', 'Zarin ', 'Tasnim', '16July199', 'f', '200', '[{"name":"hunger","val":394600,"percent":39.46},{"name":"thirst","val":420950,"percent":42.095},{"name":"drunk","val":0,"percent":0.0}]', NULL, 0, NULL, 0, '4907', NULL, 0, '"owns":false,"furniture":[],"houseId":0', '{}'),
	('steam:11000013ee8da84', 'license:5947a63f8ceb4592d7ad2ec4df5e0841aa6a3737', 10225, 'Alien Tulip Gaming', '{"skin":12,"beard_4":24,"torso_1":4,"hair_1":11,"face":0,"beard_1":22,"tshirt_2":0,"hair_2":0,"shoes_2":6,"glasses_2":2,"eye_color":3,"pants_1":4,"tshirt_1":4,"watches_1":-1,"watches_2":-1,"beard_3":24,"age_2":0,"torso_2":0,"ears_1":-1,"eyebrows_2":10,"arms":6,"helmet_1":26,"glasses_1":4,"hair_color_1":53,"pants_2":1,"complexion_2":1,"beard_2":10,"arms_2":0,"helmet_2":2,"moles_2":1,"moles_1":5,"sex":0,"shoes_1":3,"ears_2":-1,"complexion_1":0,"chain_2":0,"eyebrows_1":0,"chain_1":0,"age_1":0,"hair_color_2":53}', 'windowcleaner', 0, '[]', '{"x":2285.7999999998,"y":3143.5999999996,"z":48.199999999998}', 2000, 0, 'user', 'Mr', 'Alien', '29-03-1994', 'm', '200', '[{"name":"hunger","percent":99.55,"val":995500},{"name":"thirst","percent":99.6175,"val":996175},{"name":"drunk","percent":0.0,"val":0}]', NULL, 0, NULL, 0, '46605', NULL, 0, '"owns":false,"furniture":[],"houseId":0', '{}'),
	('steam:11000013f7c200c', 'license:de3053082524b255247313c7ede9e62e454758db', 6873000, 'skull._crusher', '{"watches_2":-1,"beard_2":10,"helmet_1":-1,"glasses_1":5,"ears_2":-1,"eyebrows_2":10,"arms_2":0,"hair_color_2":0,"age_2":0,"moles_1":0,"helmet_2":-1,"hair_2":0,"beard_4":0,"glasses_2":0,"pants_1":24,"torso_2":0,"age_1":0,"beard_3":0,"moles_2":1,"chain_1":0,"watches_1":-1,"hair_color_1":0,"face":0,"beard_1":7,"eye_color":0,"sex":0,"arms":0,"tshirt_1":15,"skin":12,"complexion_2":1,"complexion_1":0,"chain_2":0,"shoes_2":3,"hair_1":21,"shoes_1":36,"torso_1":86,"tshirt_2":0,"pants_2":0,"eyebrows_1":0,"ears_1":-1}', 'police', 3, '[{"label":"Machine pistol","components":["clip_default"],"ammo":28,"name":"WEAPON_MACHINEPISTOL"}]', '{"y":-992.3999999999,"x":-239.0,"z":29.199999999998}', 100995, 2, 'admin', 'Skull', 'Crusher', '04-12-1998', 'm', '200', '[{"name":"hunger","val":405700,"percent":40.57},{"name":"thirst","val":429275,"percent":42.9275},{"name":"drunk","val":0,"percent":0.0}]', NULL, 0, NULL, 0, '4981', NULL, 0, '"owns":false,"furniture":[],"houseId":0', '{}'),
	('steam:11000013fa72798', 'license:dc1311a23dc83989951912cfd6f817cf69013af8', 495350, 'Neckrae', '{"chain_2":0,"shoes_1":3,"bodyb_2":0,"beard_1":10,"hair_2":0,"lipstick_4":0,"helmet_1":-1,"hair_color_2":0,"complexion_2":1,"bags_2":0,"mask_1":0,"sun_1":0,"sex":0,"chain_1":0,"bproof_1":0,"decals_1":0,"blemishes_1":0,"tshirt_1":15,"bracelets_2":0,"ears_2":-1,"blush_1":0,"bracelets_1":-1,"beard_4":0,"decals_2":0,"blush_3":0,"arms":26,"shoes_2":6,"lipstick_3":0,"eyebrows_3":0,"bags_1":0,"age_2":0,"makeup_4":0,"complexion_1":0,"mask_2":0,"makeup_1":0,"torso_2":0,"watches_2":-1,"ears_1":-1,"eyebrows_2":10,"bproof_2":0,"eyebrows_4":0,"chest_1":0,"hair_1":11,"sun_2":0,"makeup_2":0,"beard_3":0,"hair_color_1":0,"pants_2":0,"bodyb_1":0,"skin":12,"face":42,"makeup_3":0,"glasses_2":-1,"blush_2":0,"lipstick_2":0,"eyebrows_1":12,"helmet_2":-1,"watches_1":-1,"beard_2":10,"moles_1":0,"glasses_1":-1,"blemishes_2":0,"arms_2":0,"tshirt_2":0,"moles_2":1,"age_1":0,"chest_3":0,"lipstick_1":0,"eye_color":0,"torso_1":42,"chest_2":0,"pants_1":24}', 'mafia', 0, '[{"label":"Carbine rifle","ammo":108,"name":"WEAPON_CARBINERIFLE","components":["clip_default"]}]', '{"y":-873.19999999996,"x":176.0,"z":31.0}', 7800, 3, 'admin', 'Neck', 'Rae', '02-02-2001', 'm', '200', '[{"name":"hunger","val":403400,"percent":40.34},{"name":"thirst","val":427550,"percent":42.755},{"name":"drunk","val":0,"percent":0.0}]', NULL, 0, NULL, 0, '4985', NULL, 0, '"owns":false,"furniture":[],"houseId":0', '{}'),
	('steam:1100001407e52c2', 'license:cb05765ce19950e0b0d0e75ec270ed5adf253b6b', 500, 'hasanrafi40', NULL, 'unemployed', 0, '[]', '{"x":-1037.7999999998,"z":20.199999999998,"y":-2738.0}', 2500, 0, 'user', '', '', '', '', '', '[{"val":996800,"name":"hunger","percent":99.68},{"val":997600,"name":"thirst","percent":99.76},{"val":0,"name":"drunk","percent":0.0}]', NULL, 0, NULL, 0, '46878', NULL, 0, '"owns":false,"furniture":[],"houseId":0', '{}'),
	('steam:110000140ec1768', 'license:996e0ab57bf4f12f2987f9606659259f2c8e3a79', 500, 'Tonix.Vau', NULL, 'unemployed', 0, '[]', '{"x":-1037.6,"z":20.199999999998,"y":-2738.2000000002}', 2600, 0, 'user', 'Tonix', 'Vau', '4-12-1998', 'm', '200', '[{"val":991100,"name":"hunger","percent":99.11},{"val":993325,"name":"thirst","percent":99.3325},{"val":0,"name":"drunk","percent":0.0}]', NULL, 0, NULL, 0, '45556', NULL, 0, '"owns":false,"furniture":[],"houseId":0', '{}'),
	('steam:1100001417afcc9', 'license:cb5f46177492bdbc3548c048c655048c72d09ba3', 500, 'DON Alex', NULL, 'unemployed', 0, '[]', '{"x":-1037.7999999998,"y":-2738.0,"z":20.199999999998}', 2500, 0, 'user', 'Kala', 'Can', '11-16-1995', 'm', '150', '[{"name":"hunger","percent":99.77,"val":997700},{"name":"thirst","percent":99.8275,"val":998275},{"name":"drunk","percent":0.0,"val":0}]', NULL, 0, NULL, 0, '42519', NULL, 0, '"owns":false,"furniture":[],"houseId":0', '{}'),
	('steam:110000141badbd7', 'license:b132e5749633fed45bf6a8702e0086286d853bac', 500, 'alaminoman3', '{"face":0,"watches_1":10,"chain_2":0,"beard_3":0,"hair_2":0,"complexion_1":0,"moles_1":0,"torso_2":0,"eyebrows_2":10,"eyebrows_1":12,"pants_1":4,"skin":12,"hair_color_1":0,"beard_2":10,"eye_color":0,"beard_1":14,"age_2":0,"moles_2":1,"beard_4":0,"ears_2":2,"sex":0,"arms_2":0,"age_1":0,"helmet_1":2,"watches_2":0,"arms":6,"hair_1":0,"pants_2":0,"tshirt_1":4,"tshirt_2":0,"torso_1":4,"shoes_2":6,"glasses_1":7,"helmet_2":4,"hair_color_2":0,"shoes_1":3,"complexion_2":1,"ears_1":18,"chain_1":0,"glasses_2":4}', 'unemployed', 0, '[]', '{"x":-1037.7999999998,"y":-2729.4000000004,"z":20.0}', 2700, 0, 'user', 'RTH', 'AL-AMIN', '05-06-1996', 'm', '200', '[{"val":953000,"percent":95.3,"name":"hunger"},{"val":964750,"percent":96.475,"name":"thirst"},{"val":0,"percent":0.0,"name":"drunk"}]', NULL, 0, NULL, 0, '45290', NULL, 0, '"owns":false,"furniture":[],"houseId":0', '{}');
/*!40000 ALTER TABLE `users` ENABLE KEYS */;

-- Dumping structure for table essentialmode.user_accounts
DROP TABLE IF EXISTS `user_accounts`;
CREATE TABLE IF NOT EXISTS `user_accounts` (
  `id` int(11) NOT NULL AUTO_INCREMENT,
  `identifier` varchar(22) COLLATE utf8mb4_bin NOT NULL,
  `name` varchar(50) COLLATE utf8mb4_bin NOT NULL,
  `money` int(11) NOT NULL DEFAULT '0',
  PRIMARY KEY (`id`)
) ENGINE=InnoDB DEFAULT CHARSET=utf8mb4 COLLATE=utf8mb4_bin;

-- Dumping data for table essentialmode.user_accounts: ~22 rows (approximately)
DELETE FROM `user_accounts`;
/*!40000 ALTER TABLE `user_accounts` DISABLE KEYS */;
INSERT INTO `user_accounts` (`id`, `identifier`, `name`, `money`) VALUES
	(1, 'steam:110000137972c5f', 'black_money', 27200),
	(2, 'steam:11000013d80c34f', 'black_money', 0),
	(3, 'steam:11000013cf6131e', 'black_money', 0),
	(4, 'steam:11000013e6ab42b', 'black_money', 40000),
	(5, 'steam:11000013fa72798', 'black_money', 100000),
	(6, 'steam:110000119bd7bda', 'black_money', 0),
	(7, 'Char2:11000013fa72798', 'black_money', 0),
	(8, 'steam:11000013d9ceb45', 'black_money', 0),
	(9, 'steam:110000135a2dcb0', 'black_money', 0),
	(10, 'steam:110000141badbd7', 'black_money', 0),
	(11, 'steam:11000013f7c200c', 'black_money', 0),
	(12, 'steam:11000013643f404', 'black_money', 1568),
	(13, 'steam:11000013c71edd7', 'black_money', 0),
	(14, 'steam:110000112bdd6a2', 'black_money', 0),
	(15, 'steam:110000140ec1768', 'black_money', 0),
	(16, 'steam:1100001407e52c2', 'black_money', 0),
	(18, 'steam:1100001417afcc9', 'black_money', 0),
	(19, 'steam:11000013ee8da84', 'black_money', 0),
	(20, 'steam:11000013e171b9d', 'black_money', 0),
	(21, 'steam:110000112d5aa7b', 'black_money', 0),
	(22, 'Char2:11000013643f404', 'black_money', 0),
	(23, 'steam:11000013ec6f59b', 'black_money', 633880),
	(24, 'steam:11000013df98c58', 'black_money', 0);
/*!40000 ALTER TABLE `user_accounts` ENABLE KEYS */;

-- Dumping structure for table essentialmode.user_inventory
DROP TABLE IF EXISTS `user_inventory`;
CREATE TABLE IF NOT EXISTS `user_inventory` (
  `id` int(11) NOT NULL AUTO_INCREMENT,
  `identifier` varchar(22) COLLATE utf8mb4_bin NOT NULL,
  `item` varchar(50) COLLATE utf8mb4_bin NOT NULL,
  `count` int(11) NOT NULL,
  PRIMARY KEY (`id`)
) ENGINE=InnoDB DEFAULT CHARSET=utf8mb4 COLLATE=utf8mb4_bin;

-- Dumping data for table essentialmode.user_inventory: ~5,466 rows (approximately)
DELETE FROM `user_inventory`;
/*!40000 ALTER TABLE `user_inventory` DISABLE KEYS */;
INSERT INTO `user_inventory` (`id`, `identifier`, `item`, `count`) VALUES
	(1, 'steam:110000137972c5f', 'ice', 0),
	(2, 'steam:110000137972c5f', 'thionyl_chloride', 0),
	(3, 'steam:110000137972c5f', 'binocular', 0),
	(4, 'steam:110000137972c5f', 'airbag', 0),
	(5, 'steam:110000137972c5f', 'hamburger', 0),
	(6, 'steam:110000137972c5f', 'packaged_plank', 0),
	(7, 'steam:110000137972c5f', 'essence', 0),
	(8, 'steam:110000137972c5f', 'zebradlugie', 0),
	(9, 'steam:110000137972c5f', 'yusuf', 0),
	(10, 'steam:110000137972c5f', 'xtc', 0),
	(11, 'steam:110000137972c5f', 'WEAPON_APPISTOL', 0),
	(12, 'steam:110000137972c5f', 'mediumscope', 0),
	(13, 'steam:110000137972c5f', 'cchip', 0),
	(14, 'steam:110000137972c5f', 'pizza', 0),
	(15, 'steam:110000137972c5f', 'cocacola', 0),
	(16, 'steam:110000137972c5f', '9mm_rounds', 0),
	(17, 'steam:110000137972c5f', 'grand_cru', 0),
	(18, 'steam:110000137972c5f', 'czaszkidlugie', 0),
	(19, 'steam:110000137972c5f', 'wooddlugie', 0),
	(20, 'steam:110000137972c5f', 'rhumfruit', 0),
	(21, 'steam:110000137972c5f', 'wood', 0),
	(22, 'steam:110000137972c5f', 'bolchips', 0),
	(23, 'steam:110000137972c5f', 'icetea', 0),
	(24, 'steam:110000137972c5f', 'white_pearl', 0),
	(25, 'steam:110000137972c5f', '10', 0),
	(26, 'steam:110000137972c5f', 'fluor_stick', 0),
	(27, 'steam:110000137972c5f', 'moneywash', 0),
	(28, 'steam:110000137972c5f', 'whisky', 0),
	(29, 'steam:110000137972c5f', 'fixtool', 0),
	(30, 'steam:110000137972c5f', 'bolpistache', 0),
	(31, 'steam:110000137972c5f', 'grapperaisin', 0),
	(32, 'steam:110000137972c5f', 'weapon_piece', 0),
	(33, 'steam:110000137972c5f', 'oxygen_mask', 0),
	(34, 'steam:110000137972c5f', 'WEAPON_ASSAULTRIFLE', 0),
	(35, 'steam:110000137972c5f', 'WEAPON_SMG', 0),
	(36, 'steam:110000137972c5f', 'water', 0),
	(37, 'steam:110000137972c5f', 'washed_stone', 0),
	(38, 'steam:110000137972c5f', 'walkie_lspd', 0),
	(39, 'steam:110000137972c5f', 'hydrochloric_acid', 0),
	(40, 'steam:110000137972c5f', 'chips', 0),
	(41, 'steam:110000137972c5f', 'cutted_wood', 0),
	(42, 'steam:110000137972c5f', 'vodkafruit', 0),
	(43, 'steam:110000137972c5f', 'syringe', 0),
	(44, 'steam:110000137972c5f', 'vodka', 0),
	(45, 'steam:110000137972c5f', 'kastetplayer', 0),
	(46, 'steam:110000137972c5f', 'sulfuric_acid', 0),
	(47, 'steam:110000137972c5f', 'rhumcoca', 0),
	(48, 'steam:110000137972c5f', 'vicodin', 0),
	(49, 'steam:110000137972c5f', 'WEAPON_CARBINERIFLE', 0),
	(50, 'steam:110000137972c5f', 'fishbait', 0),
	(51, 'steam:110000137972c5f', 'turtlebait', 0),
	(52, 'steam:110000137972c5f', 'turtle', 0),
	(53, 'steam:110000137972c5f', 'celownikdluga', 0),
	(54, 'steam:110000137972c5f', 'pistachio', 0),
	(55, 'steam:110000137972c5f', 'receipt', 0),
	(56, 'steam:110000137972c5f', 'turbo', 0),
	(57, 'steam:110000137972c5f', 'cigarette', 0),
	(58, 'steam:110000137972c5f', 'whiskycoca', 0),
	(59, 'steam:110000137972c5f', 'MountedScope', 0),
	(60, 'steam:110000137972c5f', 'WEAPON_PISTOL_AMMO', 0),
	(61, 'steam:110000137972c5f', 'rollingpaper', 0),
	(62, 'steam:110000137972c5f', 'teqpaf', 0),
	(63, 'steam:110000137972c5f', 'tactitalmuzle', 0),
	(64, 'steam:110000137972c5f', 'WEAPON_AUTOSHOTGUN', 0),
	(65, 'steam:110000137972c5f', 'vodkaenergy', 0),
	(66, 'steam:110000137972c5f', 'sunglasses', 0),
	(67, 'steam:110000137972c5f', 'advancedlockpick', 0),
	(68, 'steam:110000137972c5f', 'vipskinmotyl', 0),
	(69, 'steam:110000137972c5f', 'stone', 0),
	(70, 'steam:110000137972c5f', 'WEAPON_PISTOL', 0),
	(71, 'steam:110000137972c5f', 'breadboard', 0),
	(72, 'steam:110000137972c5f', 'stockrim', 0),
	(73, 'steam:110000137972c5f', 'steel', 0),
	(74, 'steam:110000137972c5f', 'kompensator', 0),
	(75, 'steam:110000137972c5f', 'spare_parts', 0),
	(76, 'steam:110000137972c5f', 'sodium_hydroxide', 0),
	(77, 'steam:110000137972c5f', 'WEAPON_ASSAULTSHOTGUN_AMMO', 0),
	(78, 'steam:110000137972c5f', 'coke_pooch', 0),
	(79, 'steam:110000137972c5f', 'sodium', 0),
	(80, 'steam:110000137972c5f', 'lighter', 0),
	(81, 'steam:110000137972c5f', 'WEAPON_AUTOSHOTGUN_AMMO', 0),
	(82, 'steam:110000137972c5f', 'slaughtered_chicken', 0),
	(83, 'steam:110000137972c5f', 'phone', 0),
	(84, 'steam:110000137972c5f', 'gameboy', 0),
	(85, 'steam:110000137972c5f', 'shotgun_shells', 0),
	(86, 'steam:110000137972c5f', 'holografik', 0),
	(87, 'steam:110000137972c5f', 'poppyresin', 0),
	(88, 'steam:110000137972c5f', 'mleko', 0),
	(89, 'steam:110000137972c5f', 'lithium', 0),
	(90, 'steam:110000137972c5f', 'beer', 0),
	(91, 'steam:110000137972c5f', 'WEAPON_ASSAULTRIFLE_AMMO', 0),
	(92, 'steam:110000137972c5f', 'scrap_metal', 0),
	(93, 'steam:110000137972c5f', 'nokia_phone', 0),
	(94, 'steam:110000137972c5f', 'sandwich', 0),
	(95, 'steam:110000137972c5f', 'golem', 0),
	(96, 'steam:110000137972c5f', 'samsung_s8', 0),
	(97, 'steam:110000137972c5f', 'joint', 0),
	(98, 'steam:110000137972c5f', 'drpepper', 0),
	(99, 'steam:110000137972c5f', 'bandage', 0),
	(100, 'steam:110000137972c5f', 'rubber', 0),
	(101, 'steam:110000137972c5f', 'handcuffs', 0),
	(102, 'steam:110000137972c5f', 'rhum', 0),
	(103, 'steam:110000137972c5f', 'firstaid', 0),
	(104, 'steam:110000137972c5f', 'lockpick', 0),
	(105, 'steam:110000137972c5f', 'cigarett', 0),
	(106, 'steam:110000137972c5f', 'adrenaline', 0),
	(107, 'steam:110000137972c5f', 'rope', 0),
	(108, 'steam:110000137972c5f', 'raspberry', 0),
	(109, 'steam:110000137972c5f', 'screen', 0),
	(110, 'steam:110000137972c5f', 'WEAPON_BAT', 0),
	(111, 'steam:110000137972c5f', 'platin50', 0),
	(112, 'steam:110000137972c5f', 'plantpot', 0),
	(113, 'steam:110000137972c5f', 'WEAPON_SMG_AMMO', 0),
	(114, 'steam:110000137972c5f', '1gbag', 0),
	(115, 'steam:110000137972c5f', 'drill', 0),
	(116, 'steam:110000137972c5f', 'bolcacahuetes', 0),
	(117, 'steam:110000137972c5f', 'petrol_raffin', 0),
	(118, 'steam:110000137972c5f', 'kastetpink', 0),
	(119, 'steam:110000137972c5f', 'petrol', 0),
	(120, 'steam:110000137972c5f', 'copper', 0),
	(121, 'steam:110000137972c5f', 'fishingrod', 0),
	(122, 'steam:110000137972c5f', 'clothe', 0),
	(123, 'steam:110000137972c5f', 'cajadecangrejos', 0),
	(124, 'steam:110000137972c5f', 'jewels', 0),
	(125, 'steam:110000137972c5f', 'carotool', 0),
	(126, 'steam:110000137972c5f', 'opium', 0),
	(127, 'steam:110000137972c5f', 'absinthe', 0),
	(128, 'steam:110000137972c5f', 'saucisson', 0),
	(129, 'steam:110000137972c5f', 'morphine', 0),
	(130, 'steam:110000137972c5f', 'moneywashid', 0),
	(131, 'steam:110000137972c5f', 'alive_chicken', 0),
	(132, 'steam:110000137972c5f', 'clutch', 0),
	(133, 'steam:110000137972c5f', 'tequila', 0),
	(134, 'steam:110000137972c5f', 'metreshooter', 0),
	(135, 'steam:110000137972c5f', 'scubagear', 0),
	(136, 'steam:110000137972c5f', 'mixapero', 0),
	(137, 'steam:110000137972c5f', 'mojito', 0),
	(138, 'steam:110000137972c5f', 'WEAPON_ASSAULTSHOTGUN', 0),
	(139, 'steam:110000137972c5f', 'WEAPON_ASSAULTSMG', 0),
	(140, 'steam:110000137972c5f', 'firstaidkit', 0),
	(141, 'steam:110000137972c5f', 'enginekiller', 0),
	(142, 'steam:110000137972c5f', 'champagne', 0),
	(143, 'steam:110000137972c5f', 'WEAPON_ADVANCEDRIFLE_AMMO', 0),
	(144, 'steam:110000137972c5f', 'clip', 0),
	(145, 'steam:110000137972c5f', 'menthe', 0),
	(146, 'steam:110000137972c5f', 'medkit', 0),
	(147, 'steam:110000137972c5f', 'wool', 0),
	(148, 'steam:110000137972c5f', 'energy', 0),
	(149, 'steam:110000137972c5f', 'medikit', 0),
	(150, 'steam:110000137972c5f', 'camarones', 0),
	(151, 'steam:110000137972c5f', 'Suppressor', 0),
	(152, 'steam:110000137972c5f', 'highradio', 0),
	(153, 'steam:110000137972c5f', 'WEAPON_APPISTOL_AMMO', 0),
	(154, 'steam:110000137972c5f', 'woodheavyp', 0),
	(155, 'steam:110000137972c5f', 'bread', 0),
	(156, 'steam:110000137972c5f', 'lsd', 0),
	(157, 'steam:110000137972c5f', 'casio_watch', 0),
	(158, 'steam:110000137972c5f', 'WEAPON_PUMPSHOTGUN', 0),
	(159, 'steam:110000137972c5f', 'gauze', 0),
	(160, 'steam:110000137972c5f', 'epinephrine', 0),
	(161, 'steam:110000137972c5f', 'lsa', 0),
	(162, 'steam:110000137972c5f', 'glass', 0),
	(163, 'steam:110000137972c5f', 'gas_pump', 0),
	(164, 'steam:110000137972c5f', 'kastetdiament', 0),
	(165, 'steam:110000137972c5f', 'lowradio', 0),
	(166, 'steam:110000137972c5f', 'adrenaline_shot', 0),
	(167, 'steam:110000137972c5f', 'coffe', 0),
	(168, 'steam:110000137972c5f', 'rolling_paper', 0),
	(169, 'steam:110000137972c5f', 'limonade', 0),
	(170, 'steam:110000137972c5f', 'fish', 0),
	(171, 'steam:110000137972c5f', 'colis', 0),
	(172, 'steam:110000137972c5f', 'soda', 0),
	(173, 'steam:110000137972c5f', 'fixkit', 0),
	(174, 'steam:110000137972c5f', 'letter', 0),
	(175, 'steam:110000137972c5f', 'chocolate', 0),
	(176, 'steam:110000137972c5f', 'lemonade', 0),
	(177, 'steam:110000137972c5f', 'leather', 0),
	(178, 'steam:110000137972c5f', 'battery', 0),
	(179, 'steam:110000137972c5f', 'coca_leaf', 0),
	(180, 'steam:110000137972c5f', 'largescope', 0),
	(181, 'steam:110000137972c5f', 'keycard', 0),
	(182, 'steam:110000137972c5f', 'coke', 0),
	(183, 'steam:110000137972c5f', 'hydrocodone', 0),
	(184, 'steam:110000137972c5f', 'chemicalslisence', 0),
	(185, 'steam:110000137972c5f', 'kastetvagos', 0),
	(186, 'steam:110000137972c5f', 'kastethate', 0),
	(187, 'steam:110000137972c5f', 'apple_iphone', 0),
	(188, 'steam:110000137972c5f', 'cajadecamarones', 0),
	(189, 'steam:110000137972c5f', 'kastetpimp', 0),
	(190, 'steam:110000137972c5f', 'bolnoixcajou', 0),
	(191, 'steam:110000137972c5f', 'kastetdollar', 0),
	(192, 'steam:110000137972c5f', 'cangrejos', 0),
	(193, 'steam:110000137972c5f', 'kastetbalas', 0),
	(194, 'steam:110000137972c5f', 'highrim', 0),
	(195, 'steam:110000137972c5f', 'sim', 0),
	(196, 'steam:110000137972c5f', 'jagercerbere', 0),
	(197, 'steam:110000137972c5f', 'c4_bank', 0),
	(198, 'steam:110000137972c5f', 'gold', 0),
	(199, 'steam:110000137972c5f', 'acetone', 0),
	(200, 'steam:110000137972c5f', 'drugscales', 0),
	(201, 'steam:110000137972c5f', 'iron', 0),
	(202, 'steam:110000137972c5f', 'wine', 0),
	(203, 'steam:110000137972c5f', 'shark', 0),
	(204, 'steam:110000137972c5f', 'martini', 0),
	(205, 'steam:110000137972c5f', 'highgradefert', 0),
	(206, 'steam:110000137972c5f', 'WEAPON_PUMPSHOTGUN_AMMO', 0),
	(207, 'steam:110000137972c5f', 'cannabis', 0),
	(208, 'steam:110000137972c5f', 'meat', 0),
	(209, 'steam:110000137972c5f', 'lowgradefert', 0),
	(210, 'steam:110000137972c5f', 'boitierrgb', 0),
	(211, 'steam:110000137972c5f', 'grip', 0),
	(212, 'steam:110000137972c5f', 'hackerDevice', 0),
	(213, 'steam:110000137972c5f', 'electronic_kit', 0),
	(214, 'steam:110000137972c5f', 'packaged_chicken', 0),
	(215, 'steam:110000137972c5f', 'wheel', 0),
	(216, 'steam:110000137972c5f', 'WEAPON_ASSAULTSMG_AMMO', 0),
	(217, 'steam:110000137972c5f', 'marijuana', 0),
	(218, 'steam:110000137972c5f', '50gbag', 0),
	(219, 'steam:110000137972c5f', 'gps', 0),
	(220, 'steam:110000137972c5f', 'jagerbomb', 0),
	(221, 'steam:110000137972c5f', 'gintonic', 0),
	(222, 'steam:110000137972c5f', 'carokit', 0),
	(223, 'steam:110000137972c5f', 'gazbottle', 0),
	(224, 'steam:110000137972c5f', 'gas_mask', 0),
	(225, 'steam:110000137972c5f', 'heroin', 0),
	(226, 'steam:110000137972c5f', 'blowpipe', 0),
	(227, 'steam:110000137972c5f', 'jusfruit', 0),
	(228, 'steam:110000137972c5f', 'WEAPON_ADVANCEDRIFLE', 0),
	(229, 'steam:110000137972c5f', 'jager', 0),
	(230, 'steam:110000137972c5f', 'bulletproof', 0),
	(231, 'steam:110000137972c5f', 'fuse', 0),
	(232, 'steam:110000137972c5f', 'flashlight', 0),
	(233, 'steam:110000137972c5f', 'chemicals', 0),
	(234, 'steam:110000137972c5f', '100gbag', 0),
	(235, 'steam:110000137972c5f', '5gbag', 0),
	(236, 'steam:110000137972c5f', 'electronics', 0),
	(237, 'steam:110000137972c5f', 'boomdlugie', 0),
	(238, 'steam:110000137972c5f', 'powiekszonymagazynek', 0),
	(239, 'steam:110000137972c5f', 'meth', 0),
	(240, 'steam:110000137972c5f', 'cupcake', 0),
	(241, 'steam:110000137972c5f', 'WEAPON_FLASHLIGHT', 0),
	(242, 'steam:110000137972c5f', 'WEAPON_CARBINERIFLE_AMMO', 0),
	(243, 'steam:110000137972c5f', 'WEAPON_STUNGUN', 0),
	(244, 'steam:110000137972c5f', 'fabric', 0),
	(245, 'steam:110000137972c5f', 'blowtorch', 0),
	(246, 'steam:110000137972c5f', 'walkie_ems', 0),
	(247, 'steam:110000137972c5f', 'cashew', 0),
	(248, 'steam:110000137972c5f', 'WEAPON_COMBATPISTOL_AMMO', 0),
	(249, 'steam:110000137972c5f', 'WEAPON_COMBATPISTOL', 0),
	(250, 'steam:110000137972c5f', 'WEAPON_KNIFE', 0),
	(251, 'steam:11000013d80c34f', 'ice', 0),
	(252, 'steam:11000013d80c34f', 'thionyl_chloride', 0),
	(253, 'steam:11000013d80c34f', 'airbag', 0),
	(254, 'steam:11000013d80c34f', 'binocular', 0),
	(255, 'steam:11000013d80c34f', 'hamburger', 0),
	(256, 'steam:11000013d80c34f', 'packaged_plank', 0),
	(257, 'steam:11000013d80c34f', 'essence', 0),
	(258, 'steam:11000013d80c34f', 'zebradlugie', 0),
	(259, 'steam:11000013d80c34f', 'yusuf', 0),
	(260, 'steam:11000013d80c34f', 'xtc', 0),
	(261, 'steam:11000013d80c34f', 'WEAPON_APPISTOL', 0),
	(262, 'steam:11000013d80c34f', 'mediumscope', 0),
	(263, 'steam:11000013d80c34f', 'cchip', 0),
	(264, 'steam:11000013d80c34f', 'pizza', 0),
	(265, 'steam:11000013d80c34f', 'cocacola', 0),
	(266, 'steam:11000013d80c34f', '9mm_rounds', 0),
	(267, 'steam:11000013d80c34f', 'grand_cru', 0),
	(268, 'steam:11000013d80c34f', 'czaszkidlugie', 0),
	(269, 'steam:11000013d80c34f', 'wooddlugie', 0),
	(270, 'steam:11000013d80c34f', 'rhumfruit', 0),
	(271, 'steam:11000013d80c34f', 'wood', 0),
	(272, 'steam:11000013d80c34f', 'bolchips', 0),
	(273, 'steam:11000013d80c34f', 'icetea', 0),
	(274, 'steam:11000013d80c34f', 'white_pearl', 0),
	(275, 'steam:11000013d80c34f', '10', 0),
	(276, 'steam:11000013d80c34f', 'fluor_stick', 0),
	(277, 'steam:11000013d80c34f', 'moneywash', 0),
	(278, 'steam:11000013d80c34f', 'whisky', 0),
	(279, 'steam:11000013d80c34f', 'fixtool', 0),
	(280, 'steam:11000013d80c34f', 'bolpistache', 0),
	(281, 'steam:11000013d80c34f', 'grapperaisin', 0),
	(282, 'steam:11000013d80c34f', 'weapon_piece', 0),
	(283, 'steam:11000013d80c34f', 'oxygen_mask', 0),
	(284, 'steam:11000013d80c34f', 'WEAPON_ASSAULTRIFLE', 0),
	(285, 'steam:11000013d80c34f', 'WEAPON_SMG', 0),
	(286, 'steam:11000013d80c34f', 'water', 0),
	(287, 'steam:11000013d80c34f', 'washed_stone', 0),
	(288, 'steam:11000013d80c34f', 'walkie_lspd', 0),
	(289, 'steam:11000013d80c34f', 'hydrochloric_acid', 0),
	(290, 'steam:11000013d80c34f', 'chips', 0),
	(291, 'steam:11000013d80c34f', 'cutted_wood', 0),
	(292, 'steam:11000013d80c34f', 'vodkafruit', 0),
	(293, 'steam:11000013d80c34f', 'syringe', 0),
	(294, 'steam:11000013d80c34f', 'vodka', 0),
	(295, 'steam:11000013d80c34f', 'kastetplayer', 0),
	(296, 'steam:11000013d80c34f', 'sulfuric_acid', 0),
	(297, 'steam:11000013d80c34f', 'rhumcoca', 0),
	(298, 'steam:11000013d80c34f', 'vicodin', 0),
	(299, 'steam:11000013d80c34f', 'WEAPON_CARBINERIFLE', 0),
	(300, 'steam:11000013d80c34f', 'fishbait', 0),
	(301, 'steam:11000013d80c34f', 'turtlebait', 0),
	(302, 'steam:11000013d80c34f', 'turtle', 0),
	(303, 'steam:11000013d80c34f', 'celownikdluga', 0),
	(304, 'steam:11000013d80c34f', 'pistachio', 0),
	(305, 'steam:11000013d80c34f', 'receipt', 0),
	(306, 'steam:11000013d80c34f', 'turbo', 0),
	(307, 'steam:11000013d80c34f', 'cigarette', 0),
	(308, 'steam:11000013d80c34f', 'whiskycoca', 0),
	(309, 'steam:11000013d80c34f', 'MountedScope', 0),
	(310, 'steam:11000013d80c34f', 'WEAPON_PISTOL_AMMO', 0),
	(311, 'steam:11000013d80c34f', 'rollingpaper', 0),
	(312, 'steam:11000013d80c34f', 'teqpaf', 0),
	(313, 'steam:11000013d80c34f', 'tactitalmuzle', 0),
	(314, 'steam:11000013d80c34f', 'WEAPON_AUTOSHOTGUN', 0),
	(315, 'steam:11000013d80c34f', 'vodkaenergy', 0),
	(316, 'steam:11000013d80c34f', 'sunglasses', 0),
	(317, 'steam:11000013d80c34f', 'advancedlockpick', 0),
	(318, 'steam:11000013d80c34f', 'vipskinmotyl', 0),
	(319, 'steam:11000013d80c34f', 'stone', 0),
	(320, 'steam:11000013d80c34f', 'WEAPON_PISTOL', 0),
	(321, 'steam:11000013d80c34f', 'breadboard', 0),
	(322, 'steam:11000013d80c34f', 'stockrim', 0),
	(323, 'steam:11000013d80c34f', 'steel', 0),
	(324, 'steam:11000013d80c34f', 'kompensator', 0),
	(325, 'steam:11000013d80c34f', 'spare_parts', 0),
	(326, 'steam:11000013d80c34f', 'sodium_hydroxide', 0),
	(327, 'steam:11000013d80c34f', 'WEAPON_ASSAULTSHOTGUN_AMMO', 0),
	(328, 'steam:11000013d80c34f', 'coke_pooch', 0),
	(329, 'steam:11000013d80c34f', 'sodium', 0),
	(330, 'steam:11000013d80c34f', 'lighter', 0),
	(331, 'steam:11000013d80c34f', 'WEAPON_AUTOSHOTGUN_AMMO', 0),
	(332, 'steam:11000013d80c34f', 'slaughtered_chicken', 0),
	(333, 'steam:11000013d80c34f', 'phone', 0),
	(334, 'steam:11000013d80c34f', 'gameboy', 0),
	(335, 'steam:11000013d80c34f', 'shotgun_shells', 0),
	(336, 'steam:11000013d80c34f', 'holografik', 0),
	(337, 'steam:11000013d80c34f', 'poppyresin', 0),
	(338, 'steam:11000013d80c34f', 'mleko', 0),
	(339, 'steam:11000013d80c34f', 'lithium', 0),
	(340, 'steam:11000013d80c34f', 'beer', 0),
	(341, 'steam:11000013d80c34f', 'WEAPON_ASSAULTRIFLE_AMMO', 0),
	(342, 'steam:11000013d80c34f', 'scrap_metal', 0),
	(343, 'steam:11000013d80c34f', 'nokia_phone', 0),
	(344, 'steam:11000013d80c34f', 'sandwich', 0),
	(345, 'steam:11000013d80c34f', 'golem', 0),
	(346, 'steam:11000013d80c34f', 'samsung_s8', 0),
	(347, 'steam:11000013d80c34f', 'joint', 0),
	(348, 'steam:11000013d80c34f', 'drpepper', 0),
	(349, 'steam:11000013d80c34f', 'bandage', 0),
	(350, 'steam:11000013d80c34f', 'rubber', 0),
	(351, 'steam:11000013d80c34f', 'handcuffs', 0),
	(352, 'steam:11000013d80c34f', 'rhum', 0),
	(353, 'steam:11000013d80c34f', 'firstaid', 0),
	(354, 'steam:11000013d80c34f', 'lockpick', 0),
	(355, 'steam:11000013d80c34f', 'cigarett', 0),
	(356, 'steam:11000013d80c34f', 'adrenaline', 0),
	(357, 'steam:11000013d80c34f', 'rope', 0),
	(358, 'steam:11000013d80c34f', 'raspberry', 0),
	(359, 'steam:11000013d80c34f', 'screen', 0),
	(360, 'steam:11000013d80c34f', 'WEAPON_BAT', 0),
	(361, 'steam:11000013d80c34f', 'platin50', 0),
	(362, 'steam:11000013d80c34f', 'plantpot', 0),
	(363, 'steam:11000013d80c34f', 'WEAPON_SMG_AMMO', 0),
	(364, 'steam:11000013d80c34f', '1gbag', 0),
	(365, 'steam:11000013d80c34f', 'drill', 0),
	(366, 'steam:11000013d80c34f', 'bolcacahuetes', 0),
	(367, 'steam:11000013d80c34f', 'petrol_raffin', 0),
	(368, 'steam:11000013d80c34f', 'kastetpink', 0),
	(369, 'steam:11000013d80c34f', 'petrol', 0),
	(370, 'steam:11000013d80c34f', 'copper', 0),
	(371, 'steam:11000013d80c34f', 'fishingrod', 0),
	(372, 'steam:11000013d80c34f', 'clothe', 0),
	(373, 'steam:11000013d80c34f', 'cajadecangrejos', 0),
	(374, 'steam:11000013d80c34f', 'jewels', 0),
	(375, 'steam:11000013d80c34f', 'carotool', 0),
	(376, 'steam:11000013d80c34f', 'opium', 0),
	(377, 'steam:11000013d80c34f', 'absinthe', 0),
	(378, 'steam:11000013d80c34f', 'saucisson', 0),
	(379, 'steam:11000013d80c34f', 'morphine', 0),
	(380, 'steam:11000013d80c34f', 'moneywashid', 0),
	(381, 'steam:11000013d80c34f', 'alive_chicken', 0),
	(382, 'steam:11000013d80c34f', 'clutch', 0),
	(383, 'steam:11000013d80c34f', 'tequila', 0),
	(384, 'steam:11000013d80c34f', 'metreshooter', 0),
	(385, 'steam:11000013d80c34f', 'scubagear', 0),
	(386, 'steam:11000013d80c34f', 'mixapero', 0),
	(387, 'steam:11000013d80c34f', 'mojito', 0),
	(388, 'steam:11000013d80c34f', 'WEAPON_ASSAULTSHOTGUN', 0),
	(389, 'steam:11000013d80c34f', 'WEAPON_ASSAULTSMG', 0),
	(390, 'steam:11000013d80c34f', 'firstaidkit', 0),
	(391, 'steam:11000013d80c34f', 'enginekiller', 0),
	(392, 'steam:11000013d80c34f', 'champagne', 0),
	(393, 'steam:11000013d80c34f', 'WEAPON_ADVANCEDRIFLE_AMMO', 0),
	(394, 'steam:11000013d80c34f', 'clip', 0),
	(395, 'steam:11000013d80c34f', 'menthe', 0),
	(396, 'steam:11000013d80c34f', 'medkit', 0),
	(397, 'steam:11000013d80c34f', 'wool', 0),
	(398, 'steam:11000013d80c34f', 'energy', 0),
	(399, 'steam:11000013d80c34f', 'medikit', 0),
	(400, 'steam:11000013d80c34f', 'camarones', 0),
	(401, 'steam:11000013d80c34f', 'Suppressor', 0),
	(402, 'steam:11000013d80c34f', 'highradio', 0),
	(403, 'steam:11000013d80c34f', 'WEAPON_APPISTOL_AMMO', 0),
	(404, 'steam:11000013d80c34f', 'woodheavyp', 0),
	(405, 'steam:11000013d80c34f', 'bread', 0),
	(406, 'steam:11000013d80c34f', 'lsd', 0),
	(407, 'steam:11000013d80c34f', 'casio_watch', 0),
	(408, 'steam:11000013d80c34f', 'WEAPON_PUMPSHOTGUN', 0),
	(409, 'steam:11000013d80c34f', 'gauze', 0),
	(410, 'steam:11000013d80c34f', 'epinephrine', 0),
	(411, 'steam:11000013d80c34f', 'lsa', 0),
	(412, 'steam:11000013d80c34f', 'glass', 0),
	(413, 'steam:11000013d80c34f', 'gas_pump', 0),
	(414, 'steam:11000013d80c34f', 'kastetdiament', 0),
	(415, 'steam:11000013d80c34f', 'lowradio', 0),
	(416, 'steam:11000013d80c34f', 'adrenaline_shot', 0),
	(417, 'steam:11000013d80c34f', 'coffe', 0),
	(418, 'steam:11000013d80c34f', 'rolling_paper', 0),
	(419, 'steam:11000013d80c34f', 'limonade', 0),
	(420, 'steam:11000013d80c34f', 'fish', 0),
	(421, 'steam:11000013d80c34f', 'colis', 0),
	(422, 'steam:11000013d80c34f', 'soda', 0),
	(423, 'steam:11000013d80c34f', 'fixkit', 0),
	(424, 'steam:11000013d80c34f', 'letter', 0),
	(425, 'steam:11000013d80c34f', 'chocolate', 0),
	(426, 'steam:11000013d80c34f', 'lemonade', 0),
	(427, 'steam:11000013d80c34f', 'leather', 0),
	(428, 'steam:11000013d80c34f', 'battery', 0),
	(429, 'steam:11000013d80c34f', 'coca_leaf', 0),
	(430, 'steam:11000013d80c34f', 'largescope', 0),
	(431, 'steam:11000013d80c34f', 'keycard', 0),
	(432, 'steam:11000013d80c34f', 'coke', 0),
	(433, 'steam:11000013d80c34f', 'hydrocodone', 0),
	(434, 'steam:11000013d80c34f', 'chemicalslisence', 0),
	(435, 'steam:11000013d80c34f', 'kastetvagos', 0),
	(436, 'steam:11000013d80c34f', 'kastethate', 0),
	(437, 'steam:11000013d80c34f', 'apple_iphone', 0),
	(438, 'steam:11000013d80c34f', 'cajadecamarones', 0),
	(439, 'steam:11000013d80c34f', 'kastetpimp', 0),
	(440, 'steam:11000013d80c34f', 'bolnoixcajou', 0),
	(441, 'steam:11000013d80c34f', 'kastetdollar', 0),
	(442, 'steam:11000013d80c34f', 'cangrejos', 0),
	(443, 'steam:11000013d80c34f', 'kastetbalas', 0),
	(444, 'steam:11000013d80c34f', 'highrim', 0),
	(445, 'steam:11000013d80c34f', 'sim', 0),
	(446, 'steam:11000013d80c34f', 'jagercerbere', 0),
	(447, 'steam:11000013d80c34f', 'c4_bank', 0),
	(448, 'steam:11000013d80c34f', 'gold', 0),
	(449, 'steam:11000013d80c34f', 'acetone', 0),
	(450, 'steam:11000013d80c34f', 'drugscales', 0),
	(451, 'steam:11000013d80c34f', 'iron', 0),
	(452, 'steam:11000013d80c34f', 'wine', 0),
	(453, 'steam:11000013d80c34f', 'shark', 0),
	(454, 'steam:11000013d80c34f', 'martini', 0),
	(455, 'steam:11000013d80c34f', 'highgradefert', 0),
	(456, 'steam:11000013d80c34f', 'WEAPON_PUMPSHOTGUN_AMMO', 0),
	(457, 'steam:11000013d80c34f', 'cannabis', 0),
	(458, 'steam:11000013d80c34f', 'meat', 0),
	(459, 'steam:11000013d80c34f', 'lowgradefert', 0),
	(460, 'steam:11000013d80c34f', 'boitierrgb', 0),
	(461, 'steam:11000013d80c34f', 'grip', 0),
	(462, 'steam:11000013d80c34f', 'hackerDevice', 0),
	(463, 'steam:11000013d80c34f', 'electronic_kit', 0),
	(464, 'steam:11000013d80c34f', 'packaged_chicken', 0),
	(465, 'steam:11000013d80c34f', 'wheel', 0),
	(466, 'steam:11000013d80c34f', 'WEAPON_ASSAULTSMG_AMMO', 0),
	(467, 'steam:11000013d80c34f', 'marijuana', 0),
	(468, 'steam:11000013d80c34f', '50gbag', 0),
	(469, 'steam:11000013d80c34f', 'gps', 0),
	(470, 'steam:11000013d80c34f', 'jagerbomb', 0),
	(471, 'steam:11000013d80c34f', 'gintonic', 0),
	(472, 'steam:11000013d80c34f', 'carokit', 0),
	(473, 'steam:11000013d80c34f', 'gazbottle', 0),
	(474, 'steam:11000013d80c34f', 'gas_mask', 0),
	(475, 'steam:11000013d80c34f', 'heroin', 0),
	(476, 'steam:11000013d80c34f', 'blowpipe', 0),
	(477, 'steam:11000013d80c34f', 'jusfruit', 0),
	(478, 'steam:11000013d80c34f', 'WEAPON_ADVANCEDRIFLE', 0),
	(479, 'steam:11000013d80c34f', 'jager', 0),
	(480, 'steam:11000013d80c34f', 'bulletproof', 0),
	(481, 'steam:11000013d80c34f', 'fuse', 0),
	(482, 'steam:11000013d80c34f', 'flashlight', 0),
	(483, 'steam:11000013d80c34f', 'chemicals', 0),
	(484, 'steam:11000013d80c34f', '100gbag', 0),
	(485, 'steam:11000013d80c34f', '5gbag', 0),
	(486, 'steam:11000013d80c34f', 'electronics', 0),
	(487, 'steam:11000013d80c34f', 'boomdlugie', 0),
	(488, 'steam:11000013d80c34f', 'powiekszonymagazynek', 0),
	(489, 'steam:11000013d80c34f', 'meth', 0),
	(490, 'steam:11000013d80c34f', 'cupcake', 0),
	(491, 'steam:11000013d80c34f', 'WEAPON_FLASHLIGHT', 0),
	(492, 'steam:11000013d80c34f', 'WEAPON_CARBINERIFLE_AMMO', 0),
	(493, 'steam:11000013d80c34f', 'WEAPON_STUNGUN', 0),
	(494, 'steam:11000013d80c34f', 'fabric', 0),
	(495, 'steam:11000013d80c34f', 'blowtorch', 0),
	(496, 'steam:11000013d80c34f', 'walkie_ems', 0),
	(497, 'steam:11000013d80c34f', 'cashew', 0),
	(498, 'steam:11000013d80c34f', 'WEAPON_COMBATPISTOL_AMMO', 0),
	(499, 'steam:11000013d80c34f', 'WEAPON_COMBATPISTOL', 0),
	(500, 'steam:11000013d80c34f', 'WEAPON_KNIFE', 0),
	(501, 'steam:11000013cf6131e', 'ice', 0),
	(502, 'steam:11000013cf6131e', 'thionyl_chloride', 0),
	(503, 'steam:11000013cf6131e', 'airbag', 0),
	(504, 'steam:11000013cf6131e', 'binocular', 0),
	(505, 'steam:11000013cf6131e', 'hamburger', 0),
	(506, 'steam:11000013cf6131e', 'packaged_plank', 0),
	(507, 'steam:11000013cf6131e', 'essence', 0),
	(508, 'steam:11000013cf6131e', 'zebradlugie', 0),
	(509, 'steam:11000013cf6131e', 'yusuf', 0),
	(510, 'steam:11000013cf6131e', 'xtc', 0),
	(511, 'steam:11000013cf6131e', 'WEAPON_APPISTOL', 0),
	(512, 'steam:11000013cf6131e', 'mediumscope', 0),
	(513, 'steam:11000013cf6131e', 'cchip', 0),
	(514, 'steam:11000013cf6131e', 'pizza', 0),
	(515, 'steam:11000013cf6131e', 'cocacola', 0),
	(516, 'steam:11000013cf6131e', '9mm_rounds', 0),
	(517, 'steam:11000013cf6131e', 'grand_cru', 0),
	(518, 'steam:11000013cf6131e', 'czaszkidlugie', 0),
	(519, 'steam:11000013cf6131e', 'wooddlugie', 0),
	(520, 'steam:11000013cf6131e', 'rhumfruit', 0),
	(521, 'steam:11000013cf6131e', 'wood', 0),
	(522, 'steam:11000013cf6131e', 'bolchips', 0),
	(523, 'steam:11000013cf6131e', 'icetea', 0),
	(524, 'steam:11000013cf6131e', 'white_pearl', 0),
	(525, 'steam:11000013cf6131e', '10', 0),
	(526, 'steam:11000013cf6131e', 'fluor_stick', 0),
	(527, 'steam:11000013cf6131e', 'moneywash', 0),
	(528, 'steam:11000013cf6131e', 'whisky', 0),
	(529, 'steam:11000013cf6131e', 'fixtool', 0),
	(530, 'steam:11000013cf6131e', 'bolpistache', 0),
	(531, 'steam:11000013cf6131e', 'grapperaisin', 0),
	(532, 'steam:11000013cf6131e', 'weapon_piece', 0),
	(533, 'steam:11000013cf6131e', 'oxygen_mask', 0),
	(534, 'steam:11000013cf6131e', 'WEAPON_ASSAULTRIFLE', 0),
	(535, 'steam:11000013cf6131e', 'WEAPON_SMG', 0),
	(536, 'steam:11000013cf6131e', 'water', 0),
	(537, 'steam:11000013cf6131e', 'washed_stone', 0),
	(538, 'steam:11000013cf6131e', 'walkie_lspd', 0),
	(539, 'steam:11000013cf6131e', 'hydrochloric_acid', 0),
	(540, 'steam:11000013cf6131e', 'chips', 0),
	(541, 'steam:11000013cf6131e', 'cutted_wood', 0),
	(542, 'steam:11000013cf6131e', 'vodkafruit', 0),
	(543, 'steam:11000013cf6131e', 'syringe', 0),
	(544, 'steam:11000013cf6131e', 'vodka', 0),
	(545, 'steam:11000013cf6131e', 'kastetplayer', 0),
	(546, 'steam:11000013cf6131e', 'sulfuric_acid', 0),
	(547, 'steam:11000013cf6131e', 'rhumcoca', 0),
	(548, 'steam:11000013cf6131e', 'vicodin', 0),
	(549, 'steam:11000013cf6131e', 'WEAPON_CARBINERIFLE', 0),
	(550, 'steam:11000013cf6131e', 'fishbait', 0),
	(551, 'steam:11000013cf6131e', 'turtlebait', 0),
	(552, 'steam:11000013cf6131e', 'turtle', 0),
	(553, 'steam:11000013cf6131e', 'celownikdluga', 0),
	(554, 'steam:11000013cf6131e', 'pistachio', 0),
	(555, 'steam:11000013cf6131e', 'receipt', 0),
	(556, 'steam:11000013cf6131e', 'turbo', 0),
	(557, 'steam:11000013cf6131e', 'cigarette', 0),
	(558, 'steam:11000013cf6131e', 'whiskycoca', 0),
	(559, 'steam:11000013cf6131e', 'MountedScope', 0),
	(560, 'steam:11000013cf6131e', 'WEAPON_PISTOL_AMMO', 0),
	(561, 'steam:11000013cf6131e', 'rollingpaper', 0),
	(562, 'steam:11000013cf6131e', 'teqpaf', 0),
	(563, 'steam:11000013cf6131e', 'tactitalmuzle', 0),
	(564, 'steam:11000013cf6131e', 'WEAPON_AUTOSHOTGUN', 0),
	(565, 'steam:11000013cf6131e', 'vodkaenergy', 0),
	(566, 'steam:11000013cf6131e', 'sunglasses', 0),
	(567, 'steam:11000013cf6131e', 'advancedlockpick', 0),
	(568, 'steam:11000013cf6131e', 'vipskinmotyl', 0),
	(569, 'steam:11000013cf6131e', 'stone', 0),
	(570, 'steam:11000013cf6131e', 'WEAPON_PISTOL', 0),
	(571, 'steam:11000013cf6131e', 'breadboard', 0),
	(572, 'steam:11000013cf6131e', 'stockrim', 0),
	(573, 'steam:11000013cf6131e', 'steel', 0),
	(574, 'steam:11000013cf6131e', 'kompensator', 0),
	(575, 'steam:11000013cf6131e', 'spare_parts', 0),
	(576, 'steam:11000013cf6131e', 'sodium_hydroxide', 0),
	(577, 'steam:11000013cf6131e', 'WEAPON_ASSAULTSHOTGUN_AMMO', 0),
	(578, 'steam:11000013cf6131e', 'coke_pooch', 0),
	(579, 'steam:11000013cf6131e', 'sodium', 0),
	(580, 'steam:11000013cf6131e', 'lighter', 0),
	(581, 'steam:11000013cf6131e', 'WEAPON_AUTOSHOTGUN_AMMO', 0),
	(582, 'steam:11000013cf6131e', 'slaughtered_chicken', 0),
	(583, 'steam:11000013cf6131e', 'phone', 0),
	(584, 'steam:11000013cf6131e', 'gameboy', 0),
	(585, 'steam:11000013cf6131e', 'shotgun_shells', 0),
	(586, 'steam:11000013cf6131e', 'holografik', 0),
	(587, 'steam:11000013cf6131e', 'poppyresin', 0),
	(588, 'steam:11000013cf6131e', 'mleko', 0),
	(589, 'steam:11000013cf6131e', 'lithium', 0),
	(590, 'steam:11000013cf6131e', 'beer', 0),
	(591, 'steam:11000013cf6131e', 'WEAPON_ASSAULTRIFLE_AMMO', 0),
	(592, 'steam:11000013cf6131e', 'scrap_metal', 0),
	(593, 'steam:11000013cf6131e', 'nokia_phone', 0),
	(594, 'steam:11000013cf6131e', 'sandwich', 0),
	(595, 'steam:11000013cf6131e', 'golem', 0),
	(596, 'steam:11000013cf6131e', 'samsung_s8', 0),
	(597, 'steam:11000013cf6131e', 'joint', 0),
	(598, 'steam:11000013cf6131e', 'drpepper', 0),
	(599, 'steam:11000013cf6131e', 'bandage', 0),
	(600, 'steam:11000013cf6131e', 'rubber', 0),
	(601, 'steam:11000013cf6131e', 'handcuffs', 0),
	(602, 'steam:11000013cf6131e', 'rhum', 0),
	(603, 'steam:11000013cf6131e', 'firstaid', 0),
	(604, 'steam:11000013cf6131e', 'lockpick', 0),
	(605, 'steam:11000013cf6131e', 'cigarett', 0),
	(606, 'steam:11000013cf6131e', 'adrenaline', 0),
	(607, 'steam:11000013cf6131e', 'rope', 0),
	(608, 'steam:11000013cf6131e', 'raspberry', 0),
	(609, 'steam:11000013cf6131e', 'screen', 0),
	(610, 'steam:11000013cf6131e', 'WEAPON_BAT', 0),
	(611, 'steam:11000013cf6131e', 'platin50', 0),
	(612, 'steam:11000013cf6131e', 'plantpot', 0),
	(613, 'steam:11000013cf6131e', 'WEAPON_SMG_AMMO', 0),
	(614, 'steam:11000013cf6131e', '1gbag', 0),
	(615, 'steam:11000013cf6131e', 'drill', 0),
	(616, 'steam:11000013cf6131e', 'bolcacahuetes', 0),
	(617, 'steam:11000013cf6131e', 'petrol_raffin', 0),
	(618, 'steam:11000013cf6131e', 'kastetpink', 0),
	(619, 'steam:11000013cf6131e', 'petrol', 0),
	(620, 'steam:11000013cf6131e', 'copper', 0),
	(621, 'steam:11000013cf6131e', 'fishingrod', 0),
	(622, 'steam:11000013cf6131e', 'clothe', 0),
	(623, 'steam:11000013cf6131e', 'cajadecangrejos', 0),
	(624, 'steam:11000013cf6131e', 'jewels', 0),
	(625, 'steam:11000013cf6131e', 'carotool', 0),
	(626, 'steam:11000013cf6131e', 'opium', 0),
	(627, 'steam:11000013cf6131e', 'absinthe', 0),
	(628, 'steam:11000013cf6131e', 'saucisson', 0),
	(629, 'steam:11000013cf6131e', 'morphine', 0),
	(630, 'steam:11000013cf6131e', 'moneywashid', 0),
	(631, 'steam:11000013cf6131e', 'alive_chicken', 0),
	(632, 'steam:11000013cf6131e', 'clutch', 0),
	(633, 'steam:11000013cf6131e', 'tequila', 0),
	(634, 'steam:11000013cf6131e', 'metreshooter', 0),
	(635, 'steam:11000013cf6131e', 'scubagear', 0),
	(636, 'steam:11000013cf6131e', 'mixapero', 0),
	(637, 'steam:11000013cf6131e', 'mojito', 0),
	(638, 'steam:11000013cf6131e', 'WEAPON_ASSAULTSHOTGUN', 0),
	(639, 'steam:11000013cf6131e', 'WEAPON_ASSAULTSMG', 0),
	(640, 'steam:11000013cf6131e', 'firstaidkit', 0),
	(641, 'steam:11000013cf6131e', 'enginekiller', 0),
	(642, 'steam:11000013cf6131e', 'champagne', 0),
	(643, 'steam:11000013cf6131e', 'WEAPON_ADVANCEDRIFLE_AMMO', 0),
	(644, 'steam:11000013cf6131e', 'clip', 0),
	(645, 'steam:11000013cf6131e', 'menthe', 0),
	(646, 'steam:11000013cf6131e', 'medkit', 0),
	(647, 'steam:11000013cf6131e', 'wool', 0),
	(648, 'steam:11000013cf6131e', 'energy', 0),
	(649, 'steam:11000013cf6131e', 'medikit', 0),
	(650, 'steam:11000013cf6131e', 'camarones', 0),
	(651, 'steam:11000013cf6131e', 'Suppressor', 0),
	(652, 'steam:11000013cf6131e', 'highradio', 0),
	(653, 'steam:11000013cf6131e', 'WEAPON_APPISTOL_AMMO', 0),
	(654, 'steam:11000013cf6131e', 'woodheavyp', 0),
	(655, 'steam:11000013cf6131e', 'bread', 0),
	(656, 'steam:11000013cf6131e', 'lsd', 0),
	(657, 'steam:11000013cf6131e', 'casio_watch', 0),
	(658, 'steam:11000013cf6131e', 'WEAPON_PUMPSHOTGUN', 0),
	(659, 'steam:11000013cf6131e', 'gauze', 0),
	(660, 'steam:11000013cf6131e', 'epinephrine', 0),
	(661, 'steam:11000013cf6131e', 'lsa', 0),
	(662, 'steam:11000013cf6131e', 'glass', 0),
	(663, 'steam:11000013cf6131e', 'gas_pump', 0),
	(664, 'steam:11000013cf6131e', 'kastetdiament', 0),
	(665, 'steam:11000013cf6131e', 'lowradio', 0),
	(666, 'steam:11000013cf6131e', 'adrenaline_shot', 0),
	(667, 'steam:11000013cf6131e', 'coffe', 0),
	(668, 'steam:11000013cf6131e', 'rolling_paper', 0),
	(669, 'steam:11000013cf6131e', 'limonade', 0),
	(670, 'steam:11000013cf6131e', 'fish', 0),
	(671, 'steam:11000013cf6131e', 'colis', 0),
	(672, 'steam:11000013cf6131e', 'soda', 0),
	(673, 'steam:11000013cf6131e', 'fixkit', 0),
	(674, 'steam:11000013cf6131e', 'letter', 0),
	(675, 'steam:11000013cf6131e', 'chocolate', 0),
	(676, 'steam:11000013cf6131e', 'lemonade', 0),
	(677, 'steam:11000013cf6131e', 'leather', 0),
	(678, 'steam:11000013cf6131e', 'battery', 0),
	(679, 'steam:11000013cf6131e', 'coca_leaf', 0),
	(680, 'steam:11000013cf6131e', 'largescope', 0),
	(681, 'steam:11000013cf6131e', 'keycard', 0),
	(682, 'steam:11000013cf6131e', 'coke', 0),
	(683, 'steam:11000013cf6131e', 'hydrocodone', 0),
	(684, 'steam:11000013cf6131e', 'chemicalslisence', 0),
	(685, 'steam:11000013cf6131e', 'kastetvagos', 0),
	(686, 'steam:11000013cf6131e', 'kastethate', 0),
	(687, 'steam:11000013cf6131e', 'apple_iphone', 0),
	(688, 'steam:11000013cf6131e', 'cajadecamarones', 0),
	(689, 'steam:11000013cf6131e', 'kastetpimp', 0),
	(690, 'steam:11000013cf6131e', 'bolnoixcajou', 0),
	(691, 'steam:11000013cf6131e', 'kastetdollar', 0),
	(692, 'steam:11000013cf6131e', 'cangrejos', 0),
	(693, 'steam:11000013cf6131e', 'kastetbalas', 0),
	(694, 'steam:11000013cf6131e', 'highrim', 0),
	(695, 'steam:11000013cf6131e', 'sim', 0),
	(696, 'steam:11000013cf6131e', 'jagercerbere', 0),
	(697, 'steam:11000013cf6131e', 'c4_bank', 0),
	(698, 'steam:11000013cf6131e', 'gold', 0),
	(699, 'steam:11000013cf6131e', 'acetone', 0),
	(700, 'steam:11000013cf6131e', 'drugscales', 0),
	(701, 'steam:11000013cf6131e', 'iron', 0),
	(702, 'steam:11000013cf6131e', 'wine', 0),
	(703, 'steam:11000013cf6131e', 'shark', 0),
	(704, 'steam:11000013cf6131e', 'martini', 0),
	(705, 'steam:11000013cf6131e', 'highgradefert', 0),
	(706, 'steam:11000013cf6131e', 'WEAPON_PUMPSHOTGUN_AMMO', 0),
	(707, 'steam:11000013cf6131e', 'cannabis', 0),
	(708, 'steam:11000013cf6131e', 'meat', 0),
	(709, 'steam:11000013cf6131e', 'lowgradefert', 0),
	(710, 'steam:11000013cf6131e', 'boitierrgb', 0),
	(711, 'steam:11000013cf6131e', 'grip', 0),
	(712, 'steam:11000013cf6131e', 'hackerDevice', 0),
	(713, 'steam:11000013cf6131e', 'electronic_kit', 0),
	(714, 'steam:11000013cf6131e', 'packaged_chicken', 0),
	(715, 'steam:11000013cf6131e', 'wheel', 0),
	(716, 'steam:11000013cf6131e', 'WEAPON_ASSAULTSMG_AMMO', 0),
	(717, 'steam:11000013cf6131e', 'marijuana', 0),
	(718, 'steam:11000013cf6131e', '50gbag', 0),
	(719, 'steam:11000013cf6131e', 'gps', 0),
	(720, 'steam:11000013cf6131e', 'jagerbomb', 0),
	(721, 'steam:11000013cf6131e', 'gintonic', 0),
	(722, 'steam:11000013cf6131e', 'carokit', 0),
	(723, 'steam:11000013cf6131e', 'gazbottle', 0),
	(724, 'steam:11000013cf6131e', 'gas_mask', 0),
	(725, 'steam:11000013cf6131e', 'heroin', 0),
	(726, 'steam:11000013cf6131e', 'blowpipe', 0),
	(727, 'steam:11000013cf6131e', 'jusfruit', 0),
	(728, 'steam:11000013cf6131e', 'WEAPON_ADVANCEDRIFLE', 0),
	(729, 'steam:11000013cf6131e', 'jager', 0),
	(730, 'steam:11000013cf6131e', 'bulletproof', 0),
	(731, 'steam:11000013cf6131e', 'fuse', 0),
	(732, 'steam:11000013cf6131e', 'flashlight', 0),
	(733, 'steam:11000013cf6131e', 'chemicals', 0),
	(734, 'steam:11000013cf6131e', '100gbag', 0),
	(735, 'steam:11000013cf6131e', '5gbag', 0),
	(736, 'steam:11000013cf6131e', 'electronics', 0),
	(737, 'steam:11000013cf6131e', 'boomdlugie', 0),
	(738, 'steam:11000013cf6131e', 'powiekszonymagazynek', 0),
	(739, 'steam:11000013cf6131e', 'meth', 0),
	(740, 'steam:11000013cf6131e', 'cupcake', 0),
	(741, 'steam:11000013cf6131e', 'WEAPON_FLASHLIGHT', 0),
	(742, 'steam:11000013cf6131e', 'WEAPON_CARBINERIFLE_AMMO', 0),
	(743, 'steam:11000013cf6131e', 'WEAPON_STUNGUN', 0),
	(744, 'steam:11000013cf6131e', 'fabric', 0),
	(745, 'steam:11000013cf6131e', 'blowtorch', 0),
	(746, 'steam:11000013cf6131e', 'walkie_ems', 0),
	(747, 'steam:11000013cf6131e', 'cashew', 0),
	(748, 'steam:11000013cf6131e', 'WEAPON_COMBATPISTOL_AMMO', 0),
	(749, 'steam:11000013cf6131e', 'WEAPON_COMBATPISTOL', 0),
	(750, 'steam:11000013cf6131e', 'WEAPON_KNIFE', 0),
	(751, 'steam:11000013e6ab42b', 'bandage', 0),
	(752, 'steam:11000013e6ab42b', 'turtlebait', 0),
	(753, 'steam:11000013e6ab42b', 'firstaidkit', 0),
	(754, 'steam:11000013e6ab42b', 'airbag', 0),
	(755, 'steam:11000013e6ab42b', 'clip', 0),
	(756, 'steam:11000013e6ab42b', 'zebradlugie', 0),
	(757, 'steam:11000013e6ab42b', 'binocular', 0),
	(758, 'steam:11000013e6ab42b', 'slaughtered_chicken', 0),
	(759, 'steam:11000013e6ab42b', 'WEAPON_ASSAULTSHOTGUN_AMMO', 0),
	(760, 'steam:11000013e6ab42b', 'jewels', 0),
	(761, 'steam:11000013e6ab42b', 'vodka', 0),
	(762, 'steam:11000013e6ab42b', 'wheel', 0),
	(763, 'steam:11000013e6ab42b', 'WEAPON_ADVANCEDRIFLE', 0),
	(764, 'steam:11000013e6ab42b', 'enginekiller', 0),
	(765, 'steam:11000013e6ab42b', 'letter', 0),
	(766, 'steam:11000013e6ab42b', 'hydrocodone', 0),
	(767, 'steam:11000013e6ab42b', 'cangrejos', 0),
	(768, 'steam:11000013e6ab42b', 'lemonade', 0),
	(769, 'steam:11000013e6ab42b', 'WEAPON_PISTOL', 0),
	(770, 'steam:11000013e6ab42b', 'iron', 0),
	(771, 'steam:11000013e6ab42b', 'jagerbomb', 0),
	(772, 'steam:11000013e6ab42b', 'packaged_plank', 0),
	(773, 'steam:11000013e6ab42b', 'boitierrgb', 0),
	(774, 'steam:11000013e6ab42b', 'WEAPON_SMG', 0),
	(775, 'steam:11000013e6ab42b', 'WEAPON_STUNGUN', 0),
	(776, 'steam:11000013e6ab42b', 'woodheavyp', 0),
	(777, 'steam:11000013e6ab42b', 'wooddlugie', 0),
	(778, 'steam:11000013e6ab42b', 'WEAPON_CARBINERIFLE', 0),
	(779, 'steam:11000013e6ab42b', 'white_pearl', 0),
	(780, 'steam:11000013e6ab42b', 'turbo', 0),
	(781, 'steam:11000013e6ab42b', 'wine', 0),
	(782, 'steam:11000013e6ab42b', 'stockrim', 0),
	(783, 'steam:11000013e6ab42b', 'casio_watch', 0),
	(784, 'steam:11000013e6ab42b', 'golem', 0),
	(785, 'steam:11000013e6ab42b', 'drugscales', 0),
	(786, 'steam:11000013e6ab42b', 'cigarette', 0),
	(787, 'steam:11000013e6ab42b', 'whiskycoca', 0),
	(788, 'steam:11000013e6ab42b', 'whisky', 0),
	(789, 'steam:11000013e6ab42b', 'chemicals', 0),
	(790, 'steam:11000013e6ab42b', 'weapon_piece', 0),
	(791, 'steam:11000013e6ab42b', 'WEAPON_COMBATPISTOL', 0),
	(792, 'steam:11000013e6ab42b', 'wool', 0),
	(793, 'steam:11000013e6ab42b', 'chips', 0),
	(794, 'steam:11000013e6ab42b', 'metreshooter', 0),
	(795, 'steam:11000013e6ab42b', 'cajadecamarones', 0),
	(796, 'steam:11000013e6ab42b', 'washed_stone', 0),
	(797, 'steam:11000013e6ab42b', 'adrenaline_shot', 0),
	(798, 'steam:11000013e6ab42b', 'WEAPON_APPISTOL_AMMO', 0),
	(799, 'steam:11000013e6ab42b', 'grapperaisin', 0),
	(800, 'steam:11000013e6ab42b', '100gbag', 0),
	(801, 'steam:11000013e6ab42b', 'leather', 0),
	(802, 'steam:11000013e6ab42b', 'MountedScope', 0),
	(803, 'steam:11000013e6ab42b', 'martini', 0),
	(804, 'steam:11000013e6ab42b', 'walkie_ems', 0),
	(805, 'steam:11000013e6ab42b', 'turtle', 0),
	(806, 'steam:11000013e6ab42b', 'fixkit', 0),
	(807, 'steam:11000013e6ab42b', 'electronic_kit', 0),
	(808, 'steam:11000013e6ab42b', 'kompensator', 0),
	(809, 'steam:11000013e6ab42b', 'vodkafruit', 0),
	(810, 'steam:11000013e6ab42b', '50gbag', 0),
	(811, 'steam:11000013e6ab42b', 'rhumcoca', 0),
	(812, 'steam:11000013e6ab42b', 'vodkaenergy', 0),
	(813, 'steam:11000013e6ab42b', 'vipskinmotyl', 0),
	(814, 'steam:11000013e6ab42b', 'bolcacahuetes', 0),
	(815, 'steam:11000013e6ab42b', 'WEAPON_BAT', 0),
	(816, 'steam:11000013e6ab42b', 'drill', 0),
	(817, 'steam:11000013e6ab42b', 'sandwich', 0),
	(818, 'steam:11000013e6ab42b', 'cashew', 0),
	(819, 'steam:11000013e6ab42b', 'glass', 0),
	(820, 'steam:11000013e6ab42b', 'menthe', 0),
	(821, 'steam:11000013e6ab42b', 'vicodin', 0),
	(822, 'steam:11000013e6ab42b', 'thionyl_chloride', 0),
	(823, 'steam:11000013e6ab42b', 'electronics', 0),
	(824, 'steam:11000013e6ab42b', 'bulletproof', 0),
	(825, 'steam:11000013e6ab42b', 'breadboard', 0),
	(826, 'steam:11000013e6ab42b', 'WEAPON_ASSAULTRIFLE', 0),
	(827, 'steam:11000013e6ab42b', 'stone', 0),
	(828, 'steam:11000013e6ab42b', 'sodium', 0),
	(829, 'steam:11000013e6ab42b', 'highradio', 0),
	(830, 'steam:11000013e6ab42b', 'kastethate', 0),
	(831, 'steam:11000013e6ab42b', 'syringe', 0),
	(832, 'steam:11000013e6ab42b', 'WEAPON_PISTOL_AMMO', 0),
	(833, 'steam:11000013e6ab42b', 'sunglasses', 0),
	(834, 'steam:11000013e6ab42b', 'champagne', 0),
	(835, 'steam:11000013e6ab42b', 'blowtorch', 0),
	(836, 'steam:11000013e6ab42b', 'bolpistache', 0),
	(837, 'steam:11000013e6ab42b', 'sulfuric_acid', 0),
	(838, 'steam:11000013e6ab42b', 'boomdlugie', 0),
	(839, 'steam:11000013e6ab42b', 'steel', 0),
	(840, 'steam:11000013e6ab42b', '10', 0),
	(841, 'steam:11000013e6ab42b', 'spare_parts', 0),
	(842, 'steam:11000013e6ab42b', 'highrim', 0),
	(843, 'steam:11000013e6ab42b', 'powiekszonymagazynek', 0),
	(844, 'steam:11000013e6ab42b', 'samsung_s8', 0),
	(845, 'steam:11000013e6ab42b', 'sim', 0),
	(846, 'steam:11000013e6ab42b', 'rolling_paper', 0),
	(847, 'steam:11000013e6ab42b', 'colis', 0),
	(848, 'steam:11000013e6ab42b', 'shotgun_shells', 0),
	(849, 'steam:11000013e6ab42b', 'shark', 0),
	(850, 'steam:11000013e6ab42b', 'medikit', 0),
	(851, 'steam:11000013e6ab42b', 'kastetvagos', 0),
	(852, 'steam:11000013e6ab42b', '5gbag', 0),
	(853, 'steam:11000013e6ab42b', 'rope', 0),
	(854, 'steam:11000013e6ab42b', 'holografik', 0),
	(855, 'steam:11000013e6ab42b', 'scrap_metal', 0),
	(856, 'steam:11000013e6ab42b', 'highgradefert', 0),
	(857, 'steam:11000013e6ab42b', 'Suppressor', 0),
	(858, 'steam:11000013e6ab42b', 'saucisson', 0),
	(859, 'steam:11000013e6ab42b', 'WEAPON_ASSAULTRIFLE_AMMO', 0),
	(860, 'steam:11000013e6ab42b', 'rollingpaper', 0),
	(861, 'steam:11000013e6ab42b', 'hydrochloric_acid', 0),
	(862, 'steam:11000013e6ab42b', 'rubber', 0),
	(863, 'steam:11000013e6ab42b', 'rhumfruit', 0),
	(864, 'steam:11000013e6ab42b', '1gbag', 0),
	(865, 'steam:11000013e6ab42b', 'rhum', 0),
	(866, 'steam:11000013e6ab42b', 'receipt', 0),
	(867, 'steam:11000013e6ab42b', 'raspberry', 0),
	(868, 'steam:11000013e6ab42b', 'essence', 0),
	(869, 'steam:11000013e6ab42b', 'soda', 0),
	(870, 'steam:11000013e6ab42b', 'mediumscope', 0),
	(871, 'steam:11000013e6ab42b', 'platin50', 0),
	(872, 'steam:11000013e6ab42b', 'cocacola', 0),
	(873, 'steam:11000013e6ab42b', 'packaged_chicken', 0),
	(874, 'steam:11000013e6ab42b', 'clothe', 0),
	(875, 'steam:11000013e6ab42b', 'pizza', 0),
	(876, 'steam:11000013e6ab42b', 'absinthe', 0),
	(877, 'steam:11000013e6ab42b', 'jagercerbere', 0),
	(878, 'steam:11000013e6ab42b', 'jager', 0),
	(879, 'steam:11000013e6ab42b', 'clutch', 0),
	(880, 'steam:11000013e6ab42b', 'heroin', 0),
	(881, 'steam:11000013e6ab42b', 'beer', 0),
	(882, 'steam:11000013e6ab42b', 'pistachio', 0),
	(883, 'steam:11000013e6ab42b', 'phone', 0),
	(884, 'steam:11000013e6ab42b', 'petrol_raffin', 0),
	(885, 'steam:11000013e6ab42b', 'firstaid', 0),
	(886, 'steam:11000013e6ab42b', 'coca_leaf', 0),
	(887, 'steam:11000013e6ab42b', 'WEAPON_COMBATPISTOL_AMMO', 0),
	(888, 'steam:11000013e6ab42b', 'plantpot', 0),
	(889, 'steam:11000013e6ab42b', 'flashlight', 0),
	(890, 'steam:11000013e6ab42b', 'bolchips', 0),
	(891, 'steam:11000013e6ab42b', 'limonade', 0),
	(892, 'steam:11000013e6ab42b', 'water', 24),
	(893, 'steam:11000013e6ab42b', 'marijuana', 0),
	(894, 'steam:11000013e6ab42b', 'WEAPON_FLASHLIGHT', 0),
	(895, 'steam:11000013e6ab42b', 'acetone', 0),
	(896, 'steam:11000013e6ab42b', 'cutted_wood', 0),
	(897, 'steam:11000013e6ab42b', 'opium', 0),
	(898, 'steam:11000013e6ab42b', 'lsd', 0),
	(899, 'steam:11000013e6ab42b', 'gas_mask', 0),
	(900, 'steam:11000013e6ab42b', 'keycard', 0),
	(901, 'steam:11000013e6ab42b', 'lockpick', 0),
	(902, 'steam:11000013e6ab42b', 'epinephrine', 0),
	(903, 'steam:11000013e6ab42b', 'tequila', 0),
	(904, 'steam:11000013e6ab42b', 'coffe', 0),
	(905, 'steam:11000013e6ab42b', 'fishbait', 0),
	(906, 'steam:11000013e6ab42b', 'celownikdluga', 0),
	(907, 'steam:11000013e6ab42b', 'WEAPON_AUTOSHOTGUN_AMMO', 0),
	(908, 'steam:11000013e6ab42b', 'fishingrod', 0),
	(909, 'steam:11000013e6ab42b', 'kastetplayer', 0),
	(910, 'steam:11000013e6ab42b', 'WEAPON_APPISTOL', 0),
	(911, 'steam:11000013e6ab42b', 'c4_bank', 0),
	(912, 'steam:11000013e6ab42b', 'gauze', 0),
	(913, 'steam:11000013e6ab42b', 'ice', 0),
	(914, 'steam:11000013e6ab42b', 'mojito', 0),
	(915, 'steam:11000013e6ab42b', 'screen', 0),
	(916, 'steam:11000013e6ab42b', 'mixapero', 0),
	(917, 'steam:11000013e6ab42b', 'cajadecangrejos', 0),
	(918, 'steam:11000013e6ab42b', 'meth', 0),
	(919, 'steam:11000013e6ab42b', 'medkit', 0),
	(920, 'steam:11000013e6ab42b', 'copper', 0),
	(921, 'steam:11000013e6ab42b', 'camarones', 0),
	(922, 'steam:11000013e6ab42b', 'poppyresin', 0),
	(923, 'steam:11000013e6ab42b', 'meat', 0),
	(924, 'steam:11000013e6ab42b', 'cannabis', 0),
	(925, 'steam:11000013e6ab42b', 'fixtool', 0),
	(926, 'steam:11000013e6ab42b', 'lowradio', 0),
	(927, 'steam:11000013e6ab42b', 'apple_iphone', 0),
	(928, 'steam:11000013e6ab42b', 'lowgradefert', 0),
	(929, 'steam:11000013e6ab42b', 'coke_pooch', 0),
	(930, 'steam:11000013e6ab42b', 'lithium', 0),
	(931, 'steam:11000013e6ab42b', 'lighter', 0),
	(932, 'steam:11000013e6ab42b', 'hamburger', 0),
	(933, 'steam:11000013e6ab42b', 'grand_cru', 0),
	(934, 'steam:11000013e6ab42b', 'walkie_lspd', 0),
	(935, 'steam:11000013e6ab42b', 'gps', 0),
	(936, 'steam:11000013e6ab42b', 'largescope', 0),
	(937, 'steam:11000013e6ab42b', 'nokia_phone', 0),
	(938, 'steam:11000013e6ab42b', 'WEAPON_ASSAULTSMG', 0),
	(939, 'steam:11000013e6ab42b', 'blowpipe', 0),
	(940, 'steam:11000013e6ab42b', 'gold', 0),
	(941, 'steam:11000013e6ab42b', 'scubagear', 0),
	(942, 'steam:11000013e6ab42b', 'moneywashid', 0),
	(943, 'steam:11000013e6ab42b', 'kastetpink', 0),
	(944, 'steam:11000013e6ab42b', 'drpepper', 0),
	(945, 'steam:11000013e6ab42b', 'mleko', 0),
	(946, 'steam:11000013e6ab42b', 'kastetdiament', 0),
	(947, 'steam:11000013e6ab42b', 'kastetbalas', 0),
	(948, 'steam:11000013e6ab42b', 'jusfruit', 0),
	(949, 'steam:11000013e6ab42b', 'chocolate', 0),
	(950, 'steam:11000013e6ab42b', 'battery', 0),
	(951, 'steam:11000013e6ab42b', 'WEAPON_KNIFE', 0),
	(952, 'steam:11000013e6ab42b', 'fish', 0),
	(953, 'steam:11000013e6ab42b', 'WEAPON_PUMPSHOTGUN', 0),
	(954, 'steam:11000013e6ab42b', 'xtc', 0),
	(955, 'steam:11000013e6ab42b', 'icetea', 0),
	(956, 'steam:11000013e6ab42b', 'moneywash', 0),
	(957, 'steam:11000013e6ab42b', 'czaszkidlugie', 0),
	(958, 'steam:11000013e6ab42b', 'chemicalslisence', 0),
	(959, 'steam:11000013e6ab42b', 'WEAPON_ASSAULTSHOTGUN', 0),
	(960, 'steam:11000013e6ab42b', 'WEAPON_AUTOSHOTGUN', 0),
	(961, 'steam:11000013e6ab42b', 'kastetdollar', 0),
	(962, 'steam:11000013e6ab42b', 'bread', 23),
	(963, 'steam:11000013e6ab42b', 'sodium_hydroxide', 0),
	(964, 'steam:11000013e6ab42b', 'tactitalmuzle', 0),
	(965, 'steam:11000013e6ab42b', 'WEAPON_SMG_AMMO', 0),
	(966, 'steam:11000013e6ab42b', 'alive_chicken', 0),
	(967, 'steam:11000013e6ab42b', 'cupcake', 0),
	(968, 'steam:11000013e6ab42b', 'energy', 0),
	(969, 'steam:11000013e6ab42b', '9mm_rounds', 0),
	(970, 'steam:11000013e6ab42b', 'handcuffs', 0),
	(971, 'steam:11000013e6ab42b', 'gameboy', 0),
	(972, 'steam:11000013e6ab42b', 'wood', 0),
	(973, 'steam:11000013e6ab42b', 'morphine', 0),
	(974, 'steam:11000013e6ab42b', 'petrol', 0),
	(975, 'steam:11000013e6ab42b', 'fluor_stick', 0),
	(976, 'steam:11000013e6ab42b', 'grip', 0),
	(977, 'steam:11000013e6ab42b', 'fuse', 0),
	(978, 'steam:11000013e6ab42b', 'yusuf', 0),
	(979, 'steam:11000013e6ab42b', 'bolnoixcajou', 0),
	(980, 'steam:11000013e6ab42b', 'coke', 0),
	(981, 'steam:11000013e6ab42b', 'cigarett', 0),
	(982, 'steam:11000013e6ab42b', 'adrenaline', 0),
	(983, 'steam:11000013e6ab42b', 'lsa', 0),
	(984, 'steam:11000013e6ab42b', 'carotool', 0),
	(985, 'steam:11000013e6ab42b', 'hackerDevice', 0),
	(986, 'steam:11000013e6ab42b', 'gintonic', 0),
	(987, 'steam:11000013e6ab42b', 'gazbottle', 0),
	(988, 'steam:11000013e6ab42b', 'oxygen_mask', 0),
	(989, 'steam:11000013e6ab42b', 'WEAPON_CARBINERIFLE_AMMO', 0),
	(990, 'steam:11000013e6ab42b', 'teqpaf', 0),
	(991, 'steam:11000013e6ab42b', 'gas_pump', 0),
	(992, 'steam:11000013e6ab42b', 'fabric', 0),
	(993, 'steam:11000013e6ab42b', 'WEAPON_PUMPSHOTGUN_AMMO', 0),
	(994, 'steam:11000013e6ab42b', 'kastetpimp', 0),
	(995, 'steam:11000013e6ab42b', 'cchip', 0),
	(996, 'steam:11000013e6ab42b', 'carokit', 0),
	(997, 'steam:11000013e6ab42b', 'WEAPON_ADVANCEDRIFLE_AMMO', 0),
	(998, 'steam:11000013e6ab42b', 'advancedlockpick', 0),
	(999, 'steam:11000013e6ab42b', 'WEAPON_ASSAULTSMG_AMMO', 0),
	(1000, 'steam:11000013e6ab42b', 'joint', 0),
	(1001, 'steam:11000013fa72798', 'water', 0),
	(1002, 'steam:11000013fa72798', 'flashlight', 0),
	(1003, 'steam:11000013fa72798', 'gazbottle', 0),
	(1004, 'steam:11000013fa72798', 'coffe', 0),
	(1005, 'steam:11000013fa72798', 'slaughtered_chicken', 0),
	(1006, 'steam:11000013fa72798', 'mixapero', 0),
	(1007, 'steam:11000013fa72798', '10', 0),
	(1008, 'steam:11000013fa72798', 'WEAPON_PUMPSHOTGUN_AMMO', 0),
	(1009, 'steam:11000013fa72798', 'meth', 0),
	(1010, 'steam:11000013fa72798', 'zebradlugie', 0),
	(1011, 'steam:11000013fa72798', 'petrol_raffin', 0),
	(1012, 'steam:11000013fa72798', 'kastetpimp', 0),
	(1013, 'steam:11000013fa72798', 'meat', 0),
	(1014, 'steam:11000013fa72798', 'cannabis', 0),
	(1015, 'steam:11000013fa72798', 'bulletproof', 0),
	(1016, 'steam:11000013fa72798', 'WEAPON_ASSAULTSHOTGUN', 0),
	(1017, 'steam:11000013fa72798', 'airbag', 0),
	(1018, 'steam:11000013fa72798', 'kastetpink', 0),
	(1019, 'steam:11000013fa72798', 'cigarette', 0),
	(1020, 'steam:11000013fa72798', 'gas_pump', 0),
	(1021, 'steam:11000013fa72798', 'sunglasses', 0),
	(1022, 'steam:11000013fa72798', 'WEAPON_APPISTOL_AMMO', 0),
	(1023, 'steam:11000013fa72798', 'wool', 0),
	(1024, 'steam:11000013fa72798', 'woodheavyp', 0),
	(1025, 'steam:11000013fa72798', 'highradio', 0),
	(1026, 'steam:11000013fa72798', 'packaged_chicken', 0),
	(1027, 'steam:11000013fa72798', 'gold', 0),
	(1028, 'steam:11000013fa72798', 'shotgun_shells', 0),
	(1029, 'steam:11000013fa72798', 'binocular', 0),
	(1030, 'steam:11000013fa72798', 'WEAPON_COMBATPISTOL_AMMO', 0),
	(1031, 'steam:11000013fa72798', 'cashew', 0),
	(1032, 'steam:11000013fa72798', 'camarones', 0),
	(1033, 'steam:11000013fa72798', 'tequila', 0),
	(1034, 'steam:11000013fa72798', 'boomdlugie', 0),
	(1035, 'steam:11000013fa72798', 'Suppressor', 0),
	(1036, 'steam:11000013fa72798', 'bandage', 0),
	(1037, 'steam:11000013fa72798', 'wood', 0),
	(1038, 'steam:11000013fa72798', 'highrim', 0),
	(1039, 'steam:11000013fa72798', 'drill', 0),
	(1040, 'steam:11000013fa72798', 'WEAPON_SMG', 0),
	(1041, 'steam:11000013fa72798', 'wine', 0),
	(1042, 'steam:11000013fa72798', 'cajadecangrejos', 0),
	(1043, 'steam:11000013fa72798', 'coke', 0),
	(1044, 'steam:11000013fa72798', '50gbag', 0),
	(1045, 'steam:11000013fa72798', 'white_pearl', 0),
	(1046, 'steam:11000013fa72798', 'jusfruit', 0),
	(1047, 'steam:11000013fa72798', 'washed_stone', 0),
	(1048, 'steam:11000013fa72798', 'whiskycoca', 0),
	(1049, 'steam:11000013fa72798', 'holografik', 0),
	(1050, 'steam:11000013fa72798', 'clothe', 0),
	(1051, 'steam:11000013fa72798', 'colis', 0),
	(1052, 'steam:11000013fa72798', 'boitierrgb', 0),
	(1053, 'steam:11000013fa72798', 'wheel', 0),
	(1054, 'steam:11000013fa72798', 'hamburger', 0),
	(1055, 'steam:11000013fa72798', 'vipskinmotyl', 0),
	(1056, 'steam:11000013fa72798', 'weapon_piece', 0),
	(1057, 'steam:11000013fa72798', 'golem', 0),
	(1058, 'steam:11000013fa72798', 'turbo', 0),
	(1059, 'steam:11000013fa72798', 'walkie_lspd', 0),
	(1060, 'steam:11000013fa72798', 'walkie_ems', 0),
	(1061, 'steam:11000013fa72798', 'vodkafruit', 0),
	(1062, 'steam:11000013fa72798', 'essence', 0),
	(1063, 'steam:11000013fa72798', 'vodkaenergy', 0),
	(1064, 'steam:11000013fa72798', 'jagerbomb', 0),
	(1065, 'steam:11000013fa72798', 'copper', 0),
	(1066, 'steam:11000013fa72798', '5gbag', 0),
	(1067, 'steam:11000013fa72798', 'vodka', 0),
	(1068, 'steam:11000013fa72798', 'cutted_wood', 0),
	(1069, 'steam:11000013fa72798', 'WEAPON_PISTOL', 0),
	(1070, 'steam:11000013fa72798', 'rollingpaper', 0),
	(1071, 'steam:11000013fa72798', 'whisky', 0),
	(1072, 'steam:11000013fa72798', 'MountedScope', 0),
	(1073, 'steam:11000013fa72798', 'cangrejos', 0),
	(1074, 'steam:11000013fa72798', 'sodium', 0),
	(1075, 'steam:11000013fa72798', 'champagne', 0),
	(1076, 'steam:11000013fa72798', 'rolling_paper', 0),
	(1077, 'steam:11000013fa72798', 'lowradio', 0),
	(1078, 'steam:11000013fa72798', 'turtle', 0),
	(1079, 'steam:11000013fa72798', 'oxygen_mask', 0),
	(1080, 'steam:11000013fa72798', 'thionyl_chloride', 0),
	(1081, 'steam:11000013fa72798', 'leather', 0),
	(1082, 'steam:11000013fa72798', 'blowtorch', 0),
	(1083, 'steam:11000013fa72798', '100gbag', 0),
	(1084, 'steam:11000013fa72798', 'WEAPON_CARBINERIFLE_AMMO', 0),
	(1085, 'steam:11000013fa72798', 'fixtool', 0),
	(1086, 'steam:11000013fa72798', '1gbag', 0),
	(1087, 'steam:11000013fa72798', 'WEAPON_STUNGUN', 0),
	(1088, 'steam:11000013fa72798', 'teqpaf', 0),
	(1089, 'steam:11000013fa72798', 'electronic_kit', 0),
	(1090, 'steam:11000013fa72798', 'heroin', 0),
	(1091, 'steam:11000013fa72798', 'firstaidkit', 0),
	(1092, 'steam:11000013fa72798', 'gintonic', 0),
	(1093, 'steam:11000013fa72798', 'iron', 0),
	(1094, 'steam:11000013fa72798', 'largescope', 0),
	(1095, 'steam:11000013fa72798', 'chemicals', 5),
	(1096, 'steam:11000013fa72798', 'cigarett', 0),
	(1097, 'steam:11000013fa72798', 'xtc', 0),
	(1098, 'steam:11000013fa72798', 'sulfuric_acid', 0),
	(1099, 'steam:11000013fa72798', 'gameboy', 0),
	(1100, 'steam:11000013fa72798', 'stone', 0),
	(1101, 'steam:11000013fa72798', 'stockrim', 0),
	(1102, 'steam:11000013fa72798', 'energy', 0),
	(1103, 'steam:11000013fa72798', 'spare_parts', 0),
	(1104, 'steam:11000013fa72798', 'fixkit', 0),
	(1105, 'steam:11000013fa72798', 'rubber', 0),
	(1106, 'steam:11000013fa72798', 'WEAPON_ADVANCEDRIFLE', 0),
	(1107, 'steam:11000013fa72798', 'carotool', 0),
	(1108, 'steam:11000013fa72798', 'jager', 0),
	(1109, 'steam:11000013fa72798', 'cajadecamarones', 0),
	(1110, 'steam:11000013fa72798', 'sodium_hydroxide', 0),
	(1111, 'steam:11000013fa72798', 'vicodin', 0),
	(1112, 'steam:11000013fa72798', 'WEAPON_ASSAULTRIFLE', 0),
	(1113, 'steam:11000013fa72798', 'sim', 0),
	(1114, 'steam:11000013fa72798', 'shark', 0),
	(1115, 'steam:11000013fa72798', 'petrol', 0),
	(1116, 'steam:11000013fa72798', 'scubagear', 0),
	(1117, 'steam:11000013fa72798', 'screen', 0),
	(1118, 'steam:11000013fa72798', 'electronics', 0),
	(1119, 'steam:11000013fa72798', 'fuse', 0),
	(1120, 'steam:11000013fa72798', 'scrap_metal', 0),
	(1121, 'steam:11000013fa72798', 'breadboard', 0),
	(1122, 'steam:11000013fa72798', 'saucisson', 0),
	(1123, 'steam:11000013fa72798', 'keycard', 0),
	(1124, 'steam:11000013fa72798', 'highgradefert', 0),
	(1125, 'steam:11000013fa72798', 'alive_chicken', 0),
	(1126, 'steam:11000013fa72798', 'cchip', 0),
	(1127, 'steam:11000013fa72798', 'moneywash', 0),
	(1128, 'steam:11000013fa72798', 'rhumfruit', 0),
	(1129, 'steam:11000013fa72798', 'samsung_s8', 0),
	(1130, 'steam:11000013fa72798', 'rope', 0),
	(1131, 'steam:11000013fa72798', 'morphine', 0),
	(1132, 'steam:11000013fa72798', 'turtlebait', 0),
	(1133, 'steam:11000013fa72798', 'rhumcoca', 0),
	(1134, 'steam:11000013fa72798', 'grand_cru', 0),
	(1135, 'steam:11000013fa72798', 'rhum', 0),
	(1136, 'steam:11000013fa72798', 'advancedlockpick', 0),
	(1137, 'steam:11000013fa72798', 'receipt', 0),
	(1138, 'steam:11000013fa72798', 'raspberry', 0),
	(1139, 'steam:11000013fa72798', 'hydrocodone', 0),
	(1140, 'steam:11000013fa72798', 'casio_watch', 0),
	(1141, 'steam:11000013fa72798', 'powiekszonymagazynek', 0),
	(1142, 'steam:11000013fa72798', 'poppyresin', 0),
	(1143, 'steam:11000013fa72798', 'platin50', 0),
	(1144, 'steam:11000013fa72798', 'plantpot', 0),
	(1145, 'steam:11000013fa72798', 'lockpick', 0),
	(1146, 'steam:11000013fa72798', 'pistachio', 0),
	(1147, 'steam:11000013fa72798', 'chips', 0),
	(1148, 'steam:11000013fa72798', 'phone', 0),
	(1149, 'steam:11000013fa72798', 'carokit', 0),
	(1150, 'steam:11000013fa72798', 'yusuf', 0),
	(1151, 'steam:11000013fa72798', 'WEAPON_ADVANCEDRIFLE_AMMO', 0),
	(1152, 'steam:11000013fa72798', 'jagercerbere', 0),
	(1153, 'steam:11000013fa72798', 'kastetdiament', 0),
	(1154, 'steam:11000013fa72798', 'kompensator', 0),
	(1155, 'steam:11000013fa72798', 'hackerDevice', 0),
	(1156, 'steam:11000013fa72798', 'bolnoixcajou', 0),
	(1157, 'steam:11000013fa72798', 'fish', 0),
	(1158, 'steam:11000013fa72798', 'packaged_plank', 0),
	(1159, 'steam:11000013fa72798', 'opium', 0),
	(1160, 'steam:11000013fa72798', 'bolchips', 0),
	(1161, 'steam:11000013fa72798', 'chocolate', 0),
	(1162, 'steam:11000013fa72798', 'steel', 0),
	(1163, 'steam:11000013fa72798', 'moneywashid', 0),
	(1164, 'steam:11000013fa72798', 'enginekiller', 0),
	(1165, 'steam:11000013fa72798', 'mojito', 0),
	(1166, 'steam:11000013fa72798', 'c4_bank', 0),
	(1167, 'steam:11000013fa72798', 'WEAPON_PISTOL_AMMO', 0),
	(1168, 'steam:11000013fa72798', 'gas_mask', 0),
	(1169, 'steam:11000013fa72798', 'bolcacahuetes', 0),
	(1170, 'steam:11000013fa72798', 'firstaid', 0),
	(1171, 'steam:11000013fa72798', 'metreshooter', 0),
	(1172, 'steam:11000013fa72798', 'menthe', 0),
	(1173, 'steam:11000013fa72798', 'medkit', 0),
	(1174, 'steam:11000013fa72798', 'celownikdluga', 0),
	(1175, 'steam:11000013fa72798', 'medikit', 0),
	(1176, 'steam:11000013fa72798', 'WEAPON_APPISTOL', 0),
	(1177, 'steam:11000013fa72798', 'WEAPON_BAT', 0),
	(1178, 'steam:11000013fa72798', 'handcuffs', 0),
	(1179, 'steam:11000013fa72798', 'WEAPON_FLASHLIGHT', 0),
	(1180, 'steam:11000013fa72798', 'lsa', 0),
	(1181, 'steam:11000013fa72798', 'adrenaline_shot', 0),
	(1182, 'steam:11000013fa72798', 'coke_pooch', 0),
	(1183, 'steam:11000013fa72798', 'WEAPON_SMG_AMMO', 0),
	(1184, 'steam:11000013fa72798', 'absinthe', 0),
	(1185, 'steam:11000013fa72798', 'lsd', 0),
	(1186, 'steam:11000013fa72798', 'epinephrine', 0),
	(1187, 'steam:11000013fa72798', 'joint', 0),
	(1188, 'steam:11000013fa72798', 'mediumscope', 0),
	(1189, 'steam:11000013fa72798', 'kastetvagos', 0),
	(1190, 'steam:11000013fa72798', 'gps', 0),
	(1191, 'steam:11000013fa72798', 'chemicalslisence', 0),
	(1192, 'steam:11000013fa72798', 'pizza', 0),
	(1193, 'steam:11000013fa72798', 'WEAPON_AUTOSHOTGUN_AMMO', 0),
	(1194, 'steam:11000013fa72798', 'lithium', 0),
	(1195, 'steam:11000013fa72798', 'cupcake', 0),
	(1196, 'steam:11000013fa72798', 'limonade', 0),
	(1197, 'steam:11000013fa72798', 'czaszkidlugie', 0),
	(1198, 'steam:11000013fa72798', 'drugscales', 0),
	(1199, 'steam:11000013fa72798', 'lighter', 0),
	(1200, 'steam:11000013fa72798', 'letter', 0),
	(1201, 'steam:11000013fa72798', 'kastethate', 0),
	(1202, 'steam:11000013fa72798', 'WEAPON_ASSAULTSHOTGUN_AMMO', 0),
	(1203, 'steam:11000013fa72798', 'hydrochloric_acid', 0),
	(1204, 'steam:11000013fa72798', 'WEAPON_ASSAULTSMG_AMMO', 0),
	(1205, 'steam:11000013fa72798', 'clutch', 0),
	(1206, 'steam:11000013fa72798', 'drpepper', 0),
	(1207, 'steam:11000013fa72798', 'gauze', 0),
	(1208, 'steam:11000013fa72798', 'clip', 0),
	(1209, 'steam:11000013fa72798', 'fishingrod', 0),
	(1210, 'steam:11000013fa72798', 'WEAPON_ASSAULTRIFLE_AMMO', 0),
	(1211, 'steam:11000013fa72798', 'lemonade', 0),
	(1212, 'steam:11000013fa72798', 'kastetplayer', 0),
	(1213, 'steam:11000013fa72798', 'blowpipe', 0),
	(1214, 'steam:11000013fa72798', 'martini', 0),
	(1215, 'steam:11000013fa72798', 'kastetbalas', 0),
	(1216, 'steam:11000013fa72798', 'marijuana', 0),
	(1217, 'steam:11000013fa72798', 'icetea', 0),
	(1218, 'steam:11000013fa72798', 'apple_iphone', 0),
	(1219, 'steam:11000013fa72798', 'battery', 0),
	(1220, 'steam:11000013fa72798', 'adrenaline', 0),
	(1221, 'steam:11000013fa72798', 'ice', 0),
	(1222, 'steam:11000013fa72798', 'mleko', 0),
	(1223, 'steam:11000013fa72798', 'WEAPON_COMBATPISTOL', 0),
	(1224, 'steam:11000013fa72798', 'fluor_stick', 0),
	(1225, 'steam:11000013fa72798', 'beer', 0),
	(1226, 'steam:11000013fa72798', 'grip', 0),
	(1227, 'steam:11000013fa72798', 'bolpistache', 0),
	(1228, 'steam:11000013fa72798', 'WEAPON_CARBINERIFLE', 0),
	(1229, 'steam:11000013fa72798', 'syringe', 0),
	(1230, 'steam:11000013fa72798', 'WEAPON_ASSAULTSMG', 0),
	(1231, 'steam:11000013fa72798', '9mm_rounds', 0),
	(1232, 'steam:11000013fa72798', 'wooddlugie', 0),
	(1233, 'steam:11000013fa72798', 'glass', 0),
	(1234, 'steam:11000013fa72798', 'kastetdollar', 0),
	(1235, 'steam:11000013fa72798', 'bread', 0),
	(1236, 'steam:11000013fa72798', 'coca_leaf', 0),
	(1237, 'steam:11000013fa72798', 'grapperaisin', 0),
	(1238, 'steam:11000013fa72798', 'fabric', 0),
	(1239, 'steam:11000013fa72798', 'cocacola', 0),
	(1240, 'steam:11000013fa72798', 'WEAPON_AUTOSHOTGUN', 0),
	(1241, 'steam:11000013fa72798', 'tactitalmuzle', 0),
	(1242, 'steam:11000013fa72798', 'fishbait', 0),
	(1243, 'steam:11000013fa72798', 'lowgradefert', 0),
	(1244, 'steam:11000013fa72798', 'sandwich', 0),
	(1245, 'steam:11000013fa72798', 'acetone', 0),
	(1246, 'steam:11000013fa72798', 'WEAPON_KNIFE', 0),
	(1247, 'steam:11000013fa72798', 'nokia_phone', 0),
	(1248, 'steam:11000013fa72798', 'WEAPON_PUMPSHOTGUN', 0),
	(1249, 'steam:11000013fa72798', 'jewels', 0),
	(1250, 'steam:11000013fa72798', 'soda', 0),
	(1251, 'steam:110000119bd7bda', 'bandage', 0),
	(1252, 'steam:110000119bd7bda', 'scrap_metal', 0),
	(1253, 'steam:110000119bd7bda', 'zebradlugie', 0),
	(1254, 'steam:110000119bd7bda', 'binocular', 0),
	(1255, 'steam:110000119bd7bda', 'lemonade', 0),
	(1256, 'steam:110000119bd7bda', 'gps', 0),
	(1257, 'steam:110000119bd7bda', 'nokia_phone', 0),
	(1258, 'steam:110000119bd7bda', 'colis', 0),
	(1259, 'steam:110000119bd7bda', 'packaged_plank', 0),
	(1260, 'steam:110000119bd7bda', 'yusuf', 0),
	(1261, 'steam:110000119bd7bda', 'xtc', 0),
	(1262, 'steam:110000119bd7bda', 'martini', 0),
	(1263, 'steam:110000119bd7bda', 'poppyresin', 0),
	(1264, 'steam:110000119bd7bda', 'bolcacahuetes', 0),
	(1265, 'steam:110000119bd7bda', 'hackerDevice', 0),
	(1266, 'steam:110000119bd7bda', 'raspberry', 0),
	(1267, 'steam:110000119bd7bda', 'cchip', 0),
	(1268, 'steam:110000119bd7bda', 'scubagear', 0),
	(1269, 'steam:110000119bd7bda', 'gauze', 0),
	(1270, 'steam:110000119bd7bda', 'ice', 0),
	(1271, 'steam:110000119bd7bda', 'kastetpimp', 0),
	(1272, 'steam:110000119bd7bda', 'gas_pump', 0),
	(1273, 'steam:110000119bd7bda', 'saucisson', 0),
	(1274, 'steam:110000119bd7bda', 'fixtool', 0),
	(1275, 'steam:110000119bd7bda', 'WEAPON_ASSAULTRIFLE', 0),
	(1276, 'steam:110000119bd7bda', 'chemicalslisence', 0),
	(1277, 'steam:110000119bd7bda', 'gameboy', 0),
	(1278, 'steam:110000119bd7bda', 'woodheavyp', 0),
	(1279, 'steam:110000119bd7bda', 'wooddlugie', 0),
	(1280, 'steam:110000119bd7bda', 'vipskinmotyl', 0),
	(1281, 'steam:110000119bd7bda', 'cangrejos', 0),
	(1282, 'steam:110000119bd7bda', 'wine', 0),
	(1283, 'steam:110000119bd7bda', 'fishingrod', 0),
	(1284, 'steam:110000119bd7bda', 'cocacola', 4),
	(1285, 'steam:110000119bd7bda', 'white_pearl', 0),
	(1286, 'steam:110000119bd7bda', 'WEAPON_PISTOL_AMMO', 0),
	(1287, 'steam:110000119bd7bda', 'boitierrgb', 0),
	(1288, 'steam:110000119bd7bda', 'whiskycoca', 0),
	(1289, 'steam:110000119bd7bda', 'beer', 0),
	(1290, 'steam:110000119bd7bda', 'rhumcoca', 0),
	(1291, 'steam:110000119bd7bda', 'drpepper', 0),
	(1292, 'steam:110000119bd7bda', 'jagercerbere', 0),
	(1293, 'steam:110000119bd7bda', 'gas_mask', 0),
	(1294, 'steam:110000119bd7bda', 'walkie_ems', 0),
	(1295, 'steam:110000119bd7bda', 'cigarette', 0),
	(1296, 'steam:110000119bd7bda', 'wheel', 0),
	(1297, 'steam:110000119bd7bda', 'celownikdluga', 0),
	(1298, 'steam:110000119bd7bda', 'rhum', 0),
	(1299, 'steam:110000119bd7bda', 'clutch', 0),
	(1300, 'steam:110000119bd7bda', 'weapon_piece', 0),
	(1301, 'steam:110000119bd7bda', 'golem', 0),
	(1302, 'steam:110000119bd7bda', 'WEAPON_KNIFE', 0),
	(1303, 'steam:110000119bd7bda', 'WEAPON_APPISTOL_AMMO', 0),
	(1304, 'steam:110000119bd7bda', 'water', 5),
	(1305, 'steam:110000119bd7bda', 'joint', 0),
	(1306, 'steam:110000119bd7bda', 'carotool', 0),
	(1307, 'steam:110000119bd7bda', 'iron', 0),
	(1308, 'steam:110000119bd7bda', 'walkie_lspd', 0),
	(1309, 'steam:110000119bd7bda', 'WEAPON_PISTOL', 0),
	(1310, 'steam:110000119bd7bda', 'metreshooter', 0),
	(1311, 'steam:110000119bd7bda', 'vodkafruit', 0),
	(1312, 'steam:110000119bd7bda', 'vodkaenergy', 0),
	(1313, 'steam:110000119bd7bda', 'heroin', 0),
	(1314, 'steam:110000119bd7bda', 'marijuana', 0),
	(1315, 'steam:110000119bd7bda', 'blowtorch', 0),
	(1316, 'steam:110000119bd7bda', 'czaszkidlugie', 0),
	(1317, 'steam:110000119bd7bda', 'absinthe', 0),
	(1318, 'steam:110000119bd7bda', 'wood', 0),
	(1319, 'steam:110000119bd7bda', 'WEAPON_PUMPSHOTGUN', 0),
	(1320, 'steam:110000119bd7bda', 'WEAPON_SMG_AMMO', 0),
	(1321, 'steam:110000119bd7bda', 'coke', 0),
	(1322, 'steam:110000119bd7bda', 'WEAPON_ADVANCEDRIFLE_AMMO', 0),
	(1323, 'steam:110000119bd7bda', 'gintonic', 0),
	(1324, 'steam:110000119bd7bda', 'camarones', 0),
	(1325, 'steam:110000119bd7bda', 'stockrim', 0),
	(1326, 'steam:110000119bd7bda', 'sodium_hydroxide', 0),
	(1327, 'steam:110000119bd7bda', 'kastetpink', 0),
	(1328, 'steam:110000119bd7bda', 'WEAPON_CARBINERIFLE', 0),
	(1329, 'steam:110000119bd7bda', 'rolling_paper', 0),
	(1330, 'steam:110000119bd7bda', 'turtle', 0),
	(1331, 'steam:110000119bd7bda', 'turbo', 0),
	(1332, 'steam:110000119bd7bda', 'thionyl_chloride', 0),
	(1333, 'steam:110000119bd7bda', 'WEAPON_COMBATPISTOL', 0),
	(1334, 'steam:110000119bd7bda', 'grand_cru', 0),
	(1335, 'steam:110000119bd7bda', 'kastetdiament', 0),
	(1336, 'steam:110000119bd7bda', 'gold', 0),
	(1337, 'steam:110000119bd7bda', 'WEAPON_ASSAULTSHOTGUN_AMMO', 0),
	(1338, 'steam:110000119bd7bda', '10', 0),
	(1339, 'steam:110000119bd7bda', 'kastethate', 0),
	(1340, 'steam:110000119bd7bda', 'copper', 0),
	(1341, 'steam:110000119bd7bda', 'advancedlockpick', 0),
	(1342, 'steam:110000119bd7bda', 'teqpaf', 0),
	(1343, 'steam:110000119bd7bda', 'plantpot', 0),
	(1344, 'steam:110000119bd7bda', 'bolchips', 0),
	(1345, 'steam:110000119bd7bda', 'tactitalmuzle', 0),
	(1346, 'steam:110000119bd7bda', 'lowradio', 0),
	(1347, 'steam:110000119bd7bda', 'turtlebait', 0),
	(1348, 'steam:110000119bd7bda', 'sunglasses', 0),
	(1349, 'steam:110000119bd7bda', 'sulfuric_acid', 0),
	(1350, 'steam:110000119bd7bda', 'acetone', 0),
	(1351, 'steam:110000119bd7bda', 'WEAPON_ASSAULTSMG', 0),
	(1352, 'steam:110000119bd7bda', 'leather', 0),
	(1353, 'steam:110000119bd7bda', 'stone', 0),
	(1354, 'steam:110000119bd7bda', 'medikit', 0),
	(1355, 'steam:110000119bd7bda', 'epinephrine', 0),
	(1356, 'steam:110000119bd7bda', 'sodium', 0),
	(1357, 'steam:110000119bd7bda', 'lowgradefert', 0),
	(1358, 'steam:110000119bd7bda', 'adrenaline_shot', 0),
	(1359, 'steam:110000119bd7bda', 'soda', 0),
	(1360, 'steam:110000119bd7bda', 'glass', 0),
	(1361, 'steam:110000119bd7bda', 'slaughtered_chicken', 0),
	(1362, 'steam:110000119bd7bda', 'samsung_s8', 0),
	(1363, 'steam:110000119bd7bda', 'bolpistache', 0),
	(1364, 'steam:110000119bd7bda', 'sim', 0),
	(1365, 'steam:110000119bd7bda', 'champagne', 0),
	(1366, 'steam:110000119bd7bda', 'petrol_raffin', 0),
	(1367, 'steam:110000119bd7bda', 'apple_iphone', 0),
	(1368, 'steam:110000119bd7bda', 'shotgun_shells', 0),
	(1369, 'steam:110000119bd7bda', 'airbag', 0),
	(1370, 'steam:110000119bd7bda', 'electronics', 0),
	(1371, 'steam:110000119bd7bda', 'blowpipe', 0),
	(1372, 'steam:110000119bd7bda', 'screen', 0),
	(1373, 'steam:110000119bd7bda', 'WEAPON_BAT', 0),
	(1374, 'steam:110000119bd7bda', 'rollingpaper', 0),
	(1375, 'steam:110000119bd7bda', 'powiekszonymagazynek', 0),
	(1376, 'steam:110000119bd7bda', 'kastetdollar', 0),
	(1377, 'steam:110000119bd7bda', 'coke_pooch', 0),
	(1378, 'steam:110000119bd7bda', 'highradio', 0),
	(1379, 'steam:110000119bd7bda', 'rope', 0),
	(1380, 'steam:110000119bd7bda', 'bolnoixcajou', 0),
	(1381, 'steam:110000119bd7bda', 'sandwich', 1),
	(1382, 'steam:110000119bd7bda', 'highrim', 0),
	(1383, 'steam:110000119bd7bda', 'kastetbalas', 0),
	(1384, 'steam:110000119bd7bda', 'whisky', 0),
	(1385, 'steam:110000119bd7bda', 'bread', 0),
	(1386, 'steam:110000119bd7bda', 'cannabis', 0),
	(1387, 'steam:110000119bd7bda', 'receipt', 0),
	(1388, 'steam:110000119bd7bda', 'platin50', 0),
	(1389, 'steam:110000119bd7bda', 'pizza', 0),
	(1390, 'steam:110000119bd7bda', 'flashlight', 0),
	(1391, 'steam:110000119bd7bda', 'adrenaline', 0),
	(1392, 'steam:110000119bd7bda', 'jagerbomb', 0),
	(1393, 'steam:110000119bd7bda', 'hydrochloric_acid', 0),
	(1394, 'steam:110000119bd7bda', 'coca_leaf', 0),
	(1395, 'steam:110000119bd7bda', 'pistachio', 0),
	(1396, 'steam:110000119bd7bda', 'clip', 0),
	(1397, 'steam:110000119bd7bda', 'phone', 0),
	(1398, 'steam:110000119bd7bda', 'lsd', 0),
	(1399, 'steam:110000119bd7bda', 'kastetplayer', 0),
	(1400, 'steam:110000119bd7bda', 'chemicals', 0),
	(1401, 'steam:110000119bd7bda', 'fishbait', 0),
	(1402, 'steam:110000119bd7bda', 'petrol', 0),
	(1403, 'steam:110000119bd7bda', 'carokit', 0),
	(1404, 'steam:110000119bd7bda', 'cutted_wood', 0),
	(1405, 'steam:110000119bd7bda', 'grapperaisin', 0),
	(1406, 'steam:110000119bd7bda', '9mm_rounds', 0),
	(1407, 'steam:110000119bd7bda', 'packaged_chicken', 0),
	(1408, 'steam:110000119bd7bda', 'spare_parts', 0),
	(1409, 'steam:110000119bd7bda', 'moneywashid', 0),
	(1410, 'steam:110000119bd7bda', 'opium', 0),
	(1411, 'steam:110000119bd7bda', 'WEAPON_FLASHLIGHT', 0),
	(1412, 'steam:110000119bd7bda', 'WEAPON_SMG', 0),
	(1413, 'steam:110000119bd7bda', 'vodka', 0),
	(1414, 'steam:110000119bd7bda', 'mleko', 0),
	(1415, 'steam:110000119bd7bda', 'WEAPON_AUTOSHOTGUN_AMMO', 0),
	(1416, 'steam:110000119bd7bda', 'WEAPON_APPISTOL', 0),
	(1417, 'steam:110000119bd7bda', 'chips', 0),
	(1418, 'steam:110000119bd7bda', 'menthe', 0),
	(1419, 'steam:110000119bd7bda', 'essence', 0),
	(1420, 'steam:110000119bd7bda', 'medkit', 0),
	(1421, 'steam:110000119bd7bda', 'meat', 0),
	(1422, 'steam:110000119bd7bda', 'mediumscope', 0),
	(1423, 'steam:110000119bd7bda', 'cupcake', 0),
	(1424, 'steam:110000119bd7bda', 'steel', 0),
	(1425, 'steam:110000119bd7bda', 'lsa', 0),
	(1426, 'steam:110000119bd7bda', 'lockpick', 0),
	(1427, 'steam:110000119bd7bda', 'lithium', 0),
	(1428, 'steam:110000119bd7bda', 'limonade', 0),
	(1429, 'steam:110000119bd7bda', 'coffe', 0),
	(1430, 'steam:110000119bd7bda', 'WEAPON_PUMPSHOTGUN_AMMO', 0),
	(1431, 'steam:110000119bd7bda', 'drugscales', 0),
	(1432, 'steam:110000119bd7bda', 'letter', 0),
	(1433, 'steam:110000119bd7bda', 'boomdlugie', 0),
	(1434, 'steam:110000119bd7bda', 'largescope', 0),
	(1435, 'steam:110000119bd7bda', 'WEAPON_COMBATPISTOL_AMMO', 0),
	(1436, 'steam:110000119bd7bda', 'kompensator', 0),
	(1437, 'steam:110000119bd7bda', 'keycard', 0),
	(1438, 'steam:110000119bd7bda', 'kastetvagos', 0),
	(1439, 'steam:110000119bd7bda', 'syringe', 0),
	(1440, 'steam:110000119bd7bda', 'Suppressor', 0),
	(1441, 'steam:110000119bd7bda', 'jager', 0),
	(1442, 'steam:110000119bd7bda', 'rubber', 0),
	(1443, 'steam:110000119bd7bda', 'cashew', 0),
	(1444, 'steam:110000119bd7bda', 'cigarett', 0),
	(1445, 'steam:110000119bd7bda', 'fixkit', 0),
	(1446, 'steam:110000119bd7bda', 'clothe', 0),
	(1447, 'steam:110000119bd7bda', 'WEAPON_ADVANCEDRIFLE', 0),
	(1448, 'steam:110000119bd7bda', 'washed_stone', 0),
	(1449, 'steam:110000119bd7bda', 'jewels', 0),
	(1450, 'steam:110000119bd7bda', 'enginekiller', 0),
	(1451, 'steam:110000119bd7bda', 'vicodin', 0),
	(1452, 'steam:110000119bd7bda', 'alive_chicken', 0),
	(1453, 'steam:110000119bd7bda', 'firstaidkit', 0),
	(1454, 'steam:110000119bd7bda', 'mixapero', 0),
	(1455, 'steam:110000119bd7bda', 'cajadecamarones', 0),
	(1456, 'steam:110000119bd7bda', '5gbag', 0),
	(1457, 'steam:110000119bd7bda', 'MountedScope', 0),
	(1458, 'steam:110000119bd7bda', 'WEAPON_AUTOSHOTGUN', 0),
	(1459, 'steam:110000119bd7bda', 'casio_watch', 0),
	(1460, 'steam:110000119bd7bda', 'holografik', 0),
	(1461, 'steam:110000119bd7bda', 'rhumfruit', 0),
	(1462, 'steam:110000119bd7bda', 'handcuffs', 0),
	(1463, 'steam:110000119bd7bda', 'highgradefert', 0),
	(1464, 'steam:110000119bd7bda', 'c4_bank', 0),
	(1465, 'steam:110000119bd7bda', 'energy', 0),
	(1466, 'steam:110000119bd7bda', 'hamburger', 1),
	(1467, 'steam:110000119bd7bda', 'WEAPON_ASSAULTSHOTGUN', 0),
	(1468, 'steam:110000119bd7bda', 'grip', 0),
	(1469, 'steam:110000119bd7bda', 'tequila', 0),
	(1470, 'steam:110000119bd7bda', '1gbag', 0),
	(1471, 'steam:110000119bd7bda', 'icetea', 0),
	(1472, 'steam:110000119bd7bda', 'moneywash', 0),
	(1473, 'steam:110000119bd7bda', 'WEAPON_STUNGUN', 0),
	(1474, 'steam:110000119bd7bda', 'electronic_kit', 0),
	(1475, 'steam:110000119bd7bda', 'bulletproof', 0),
	(1476, 'steam:110000119bd7bda', 'wool', 0),
	(1477, 'steam:110000119bd7bda', 'hydrocodone', 0),
	(1478, 'steam:110000119bd7bda', 'fuse', 0),
	(1479, 'steam:110000119bd7bda', 'fluor_stick', 0),
	(1480, 'steam:110000119bd7bda', 'fish', 0),
	(1481, 'steam:110000119bd7bda', 'mojito', 0),
	(1482, 'steam:110000119bd7bda', 'drill', 0),
	(1483, 'steam:110000119bd7bda', 'WEAPON_ASSAULTRIFLE_AMMO', 0),
	(1484, 'steam:110000119bd7bda', 'WEAPON_ASSAULTSMG_AMMO', 0),
	(1485, 'steam:110000119bd7bda', 'fabric', 0),
	(1486, 'steam:110000119bd7bda', '100gbag', 0),
	(1487, 'steam:110000119bd7bda', 'cajadecangrejos', 0),
	(1488, 'steam:110000119bd7bda', 'oxygen_mask', 0),
	(1489, 'steam:110000119bd7bda', '50gbag', 0),
	(1490, 'steam:110000119bd7bda', 'shark', 0),
	(1491, 'steam:110000119bd7bda', 'lighter', 0),
	(1492, 'steam:110000119bd7bda', 'firstaid', 0),
	(1493, 'steam:110000119bd7bda', 'WEAPON_CARBINERIFLE_AMMO', 0),
	(1494, 'steam:110000119bd7bda', 'jusfruit', 0),
	(1495, 'steam:110000119bd7bda', 'chocolate', 0),
	(1496, 'steam:110000119bd7bda', 'breadboard', 0),
	(1497, 'steam:110000119bd7bda', 'meth', 0),
	(1498, 'steam:110000119bd7bda', 'battery', 0),
	(1499, 'steam:110000119bd7bda', 'gazbottle', 0),
	(1500, 'steam:110000119bd7bda', 'morphine', 0),
	(1501, 'Char2:11000013fa72798', 'bandage', 0),
	(1502, 'Char2:11000013fa72798', 'scrap_metal', 0),
	(1503, 'Char2:11000013fa72798', 'zebradlugie', 0),
	(1504, 'Char2:11000013fa72798', 'binocular', 0),
	(1505, 'Char2:11000013fa72798', 'lemonade', 0),
	(1506, 'Char2:11000013fa72798', 'gps', 0),
	(1507, 'Char2:11000013fa72798', 'nokia_phone', 0),
	(1508, 'Char2:11000013fa72798', 'colis', 0),
	(1509, 'Char2:11000013fa72798', 'packaged_plank', 0),
	(1510, 'Char2:11000013fa72798', 'yusuf', 0),
	(1511, 'Char2:11000013fa72798', 'xtc', 0),
	(1512, 'Char2:11000013fa72798', 'martini', 0),
	(1513, 'Char2:11000013fa72798', 'poppyresin', 0),
	(1514, 'Char2:11000013fa72798', 'bolcacahuetes', 0),
	(1515, 'Char2:11000013fa72798', 'hackerDevice', 0),
	(1516, 'Char2:11000013fa72798', 'raspberry', 0),
	(1517, 'Char2:11000013fa72798', 'cchip', 0),
	(1518, 'Char2:11000013fa72798', 'scubagear', 0),
	(1519, 'Char2:11000013fa72798', 'gauze', 0),
	(1520, 'Char2:11000013fa72798', 'ice', 0),
	(1521, 'Char2:11000013fa72798', 'kastetpimp', 0),
	(1522, 'Char2:11000013fa72798', 'gas_pump', 0),
	(1523, 'Char2:11000013fa72798', 'saucisson', 0),
	(1524, 'Char2:11000013fa72798', 'fixtool', 0),
	(1525, 'Char2:11000013fa72798', 'WEAPON_ASSAULTRIFLE', 0),
	(1526, 'Char2:11000013fa72798', 'chemicalslisence', 0),
	(1527, 'Char2:11000013fa72798', 'gameboy', 0),
	(1528, 'Char2:11000013fa72798', 'woodheavyp', 0),
	(1529, 'Char2:11000013fa72798', 'wooddlugie', 0),
	(1530, 'Char2:11000013fa72798', 'vipskinmotyl', 0),
	(1531, 'Char2:11000013fa72798', 'cangrejos', 0),
	(1532, 'Char2:11000013fa72798', 'wine', 0),
	(1533, 'Char2:11000013fa72798', 'fishingrod', 0),
	(1534, 'Char2:11000013fa72798', 'cocacola', 0),
	(1535, 'Char2:11000013fa72798', 'white_pearl', 0),
	(1536, 'Char2:11000013fa72798', 'WEAPON_PISTOL_AMMO', 0),
	(1537, 'Char2:11000013fa72798', 'boitierrgb', 0),
	(1538, 'Char2:11000013fa72798', 'whiskycoca', 0),
	(1539, 'Char2:11000013fa72798', 'beer', 0),
	(1540, 'Char2:11000013fa72798', 'rhumcoca', 0),
	(1541, 'Char2:11000013fa72798', 'drpepper', 0),
	(1542, 'Char2:11000013fa72798', 'jagercerbere', 0),
	(1543, 'Char2:11000013fa72798', 'gas_mask', 0),
	(1544, 'Char2:11000013fa72798', 'walkie_ems', 0),
	(1545, 'Char2:11000013fa72798', 'cigarette', 0),
	(1546, 'Char2:11000013fa72798', 'wheel', 0),
	(1547, 'Char2:11000013fa72798', 'celownikdluga', 0),
	(1548, 'Char2:11000013fa72798', 'rhum', 0),
	(1549, 'Char2:11000013fa72798', 'clutch', 0),
	(1550, 'Char2:11000013fa72798', 'weapon_piece', 0),
	(1551, 'Char2:11000013fa72798', 'golem', 0),
	(1552, 'Char2:11000013fa72798', 'WEAPON_KNIFE', 0),
	(1553, 'Char2:11000013fa72798', 'WEAPON_APPISTOL_AMMO', 0),
	(1554, 'Char2:11000013fa72798', 'water', 0),
	(1555, 'Char2:11000013fa72798', 'joint', 0),
	(1556, 'Char2:11000013fa72798', 'carotool', 0),
	(1557, 'Char2:11000013fa72798', 'iron', 0),
	(1558, 'Char2:11000013fa72798', 'walkie_lspd', 0),
	(1559, 'Char2:11000013fa72798', 'WEAPON_PISTOL', 0),
	(1560, 'Char2:11000013fa72798', 'metreshooter', 0),
	(1561, 'Char2:11000013fa72798', 'vodkafruit', 0),
	(1562, 'Char2:11000013fa72798', 'vodkaenergy', 0),
	(1563, 'Char2:11000013fa72798', 'heroin', 0),
	(1564, 'Char2:11000013fa72798', 'marijuana', 0),
	(1565, 'Char2:11000013fa72798', 'blowtorch', 0),
	(1566, 'Char2:11000013fa72798', 'czaszkidlugie', 0),
	(1567, 'Char2:11000013fa72798', 'absinthe', 0),
	(1568, 'Char2:11000013fa72798', 'wood', 0),
	(1569, 'Char2:11000013fa72798', 'WEAPON_PUMPSHOTGUN', 0),
	(1570, 'Char2:11000013fa72798', 'WEAPON_SMG_AMMO', 0),
	(1571, 'Char2:11000013fa72798', 'coke', 0),
	(1572, 'Char2:11000013fa72798', 'WEAPON_ADVANCEDRIFLE_AMMO', 0),
	(1573, 'Char2:11000013fa72798', 'gintonic', 0),
	(1574, 'Char2:11000013fa72798', 'camarones', 0),
	(1575, 'Char2:11000013fa72798', 'stockrim', 0),
	(1576, 'Char2:11000013fa72798', 'sodium_hydroxide', 0),
	(1577, 'Char2:11000013fa72798', 'kastetpink', 0),
	(1578, 'Char2:11000013fa72798', 'WEAPON_CARBINERIFLE', 0),
	(1579, 'Char2:11000013fa72798', 'rolling_paper', 0),
	(1580, 'Char2:11000013fa72798', 'turtle', 0),
	(1581, 'Char2:11000013fa72798', 'turbo', 0),
	(1582, 'Char2:11000013fa72798', 'thionyl_chloride', 0),
	(1583, 'Char2:11000013fa72798', 'WEAPON_COMBATPISTOL', 0),
	(1584, 'Char2:11000013fa72798', 'grand_cru', 0),
	(1585, 'Char2:11000013fa72798', 'kastetdiament', 0),
	(1586, 'Char2:11000013fa72798', 'gold', 0),
	(1587, 'Char2:11000013fa72798', 'WEAPON_ASSAULTSHOTGUN_AMMO', 0),
	(1588, 'Char2:11000013fa72798', '10', 0),
	(1589, 'Char2:11000013fa72798', 'kastethate', 0),
	(1590, 'Char2:11000013fa72798', 'copper', 0),
	(1591, 'Char2:11000013fa72798', 'advancedlockpick', 0),
	(1592, 'Char2:11000013fa72798', 'teqpaf', 0),
	(1593, 'Char2:11000013fa72798', 'plantpot', 0),
	(1594, 'Char2:11000013fa72798', 'bolchips', 0),
	(1595, 'Char2:11000013fa72798', 'tactitalmuzle', 0),
	(1596, 'Char2:11000013fa72798', 'lowradio', 0),
	(1597, 'Char2:11000013fa72798', 'turtlebait', 0),
	(1598, 'Char2:11000013fa72798', 'sunglasses', 0),
	(1599, 'Char2:11000013fa72798', 'sulfuric_acid', 0),
	(1600, 'Char2:11000013fa72798', 'acetone', 0),
	(1601, 'Char2:11000013fa72798', 'WEAPON_ASSAULTSMG', 0),
	(1602, 'Char2:11000013fa72798', 'leather', 0),
	(1603, 'Char2:11000013fa72798', 'stone', 0),
	(1604, 'Char2:11000013fa72798', 'medikit', 0),
	(1605, 'Char2:11000013fa72798', 'epinephrine', 0),
	(1606, 'Char2:11000013fa72798', 'sodium', 0),
	(1607, 'Char2:11000013fa72798', 'lowgradefert', 0),
	(1608, 'Char2:11000013fa72798', 'adrenaline_shot', 0),
	(1609, 'Char2:11000013fa72798', 'soda', 0),
	(1610, 'Char2:11000013fa72798', 'glass', 0),
	(1611, 'Char2:11000013fa72798', 'slaughtered_chicken', 0),
	(1612, 'Char2:11000013fa72798', 'samsung_s8', 0),
	(1613, 'Char2:11000013fa72798', 'bolpistache', 0),
	(1614, 'Char2:11000013fa72798', 'sim', 0),
	(1615, 'Char2:11000013fa72798', 'champagne', 0),
	(1616, 'Char2:11000013fa72798', 'petrol_raffin', 0),
	(1617, 'Char2:11000013fa72798', 'apple_iphone', 0),
	(1618, 'Char2:11000013fa72798', 'shotgun_shells', 0),
	(1619, 'Char2:11000013fa72798', 'airbag', 0),
	(1620, 'Char2:11000013fa72798', 'electronics', 0),
	(1621, 'Char2:11000013fa72798', 'blowpipe', 0),
	(1622, 'Char2:11000013fa72798', 'screen', 0),
	(1623, 'Char2:11000013fa72798', 'WEAPON_BAT', 0),
	(1624, 'Char2:11000013fa72798', 'rollingpaper', 0),
	(1625, 'Char2:11000013fa72798', 'powiekszonymagazynek', 0),
	(1626, 'Char2:11000013fa72798', 'kastetdollar', 0),
	(1627, 'Char2:11000013fa72798', 'coke_pooch', 0),
	(1628, 'Char2:11000013fa72798', 'highradio', 0),
	(1629, 'Char2:11000013fa72798', 'rope', 0),
	(1630, 'Char2:11000013fa72798', 'bolnoixcajou', 0),
	(1631, 'Char2:11000013fa72798', 'sandwich', 0),
	(1632, 'Char2:11000013fa72798', 'highrim', 0),
	(1633, 'Char2:11000013fa72798', 'kastetbalas', 0),
	(1634, 'Char2:11000013fa72798', 'whisky', 0),
	(1635, 'Char2:11000013fa72798', 'bread', 0),
	(1636, 'Char2:11000013fa72798', 'cannabis', 0),
	(1637, 'Char2:11000013fa72798', 'receipt', 0),
	(1638, 'Char2:11000013fa72798', 'platin50', 0),
	(1639, 'Char2:11000013fa72798', 'pizza', 0),
	(1640, 'Char2:11000013fa72798', 'flashlight', 0),
	(1641, 'Char2:11000013fa72798', 'adrenaline', 0),
	(1642, 'Char2:11000013fa72798', 'jagerbomb', 0),
	(1643, 'Char2:11000013fa72798', 'hydrochloric_acid', 0),
	(1644, 'Char2:11000013fa72798', 'coca_leaf', 0),
	(1645, 'Char2:11000013fa72798', 'pistachio', 0),
	(1646, 'Char2:11000013fa72798', 'clip', 0),
	(1647, 'Char2:11000013fa72798', 'phone', 0),
	(1648, 'Char2:11000013fa72798', 'lsd', 0),
	(1649, 'Char2:11000013fa72798', 'kastetplayer', 0),
	(1650, 'Char2:11000013fa72798', 'chemicals', 0),
	(1651, 'Char2:11000013fa72798', 'fishbait', 0),
	(1652, 'Char2:11000013fa72798', 'petrol', 0),
	(1653, 'Char2:11000013fa72798', 'carokit', 0),
	(1654, 'Char2:11000013fa72798', 'cutted_wood', 0),
	(1655, 'Char2:11000013fa72798', 'grapperaisin', 0),
	(1656, 'Char2:11000013fa72798', '9mm_rounds', 0),
	(1657, 'Char2:11000013fa72798', 'packaged_chicken', 0),
	(1658, 'Char2:11000013fa72798', 'spare_parts', 0),
	(1659, 'Char2:11000013fa72798', 'moneywashid', 0),
	(1660, 'Char2:11000013fa72798', 'opium', 0),
	(1661, 'Char2:11000013fa72798', 'WEAPON_FLASHLIGHT', 0),
	(1662, 'Char2:11000013fa72798', 'WEAPON_SMG', 0),
	(1663, 'Char2:11000013fa72798', 'vodka', 0),
	(1664, 'Char2:11000013fa72798', 'mleko', 0),
	(1665, 'Char2:11000013fa72798', 'WEAPON_AUTOSHOTGUN_AMMO', 0),
	(1666, 'Char2:11000013fa72798', 'WEAPON_APPISTOL', 0),
	(1667, 'Char2:11000013fa72798', 'chips', 0),
	(1668, 'Char2:11000013fa72798', 'menthe', 0),
	(1669, 'Char2:11000013fa72798', 'essence', 0),
	(1670, 'Char2:11000013fa72798', 'medkit', 0),
	(1671, 'Char2:11000013fa72798', 'meat', 0),
	(1672, 'Char2:11000013fa72798', 'mediumscope', 0),
	(1673, 'Char2:11000013fa72798', 'cupcake', 0),
	(1674, 'Char2:11000013fa72798', 'steel', 0),
	(1675, 'Char2:11000013fa72798', 'lsa', 0),
	(1676, 'Char2:11000013fa72798', 'lockpick', 0),
	(1677, 'Char2:11000013fa72798', 'lithium', 0),
	(1678, 'Char2:11000013fa72798', 'limonade', 0),
	(1679, 'Char2:11000013fa72798', 'coffe', 0),
	(1680, 'Char2:11000013fa72798', 'WEAPON_PUMPSHOTGUN_AMMO', 0),
	(1681, 'Char2:11000013fa72798', 'drugscales', 0),
	(1682, 'Char2:11000013fa72798', 'letter', 0),
	(1683, 'Char2:11000013fa72798', 'boomdlugie', 0),
	(1684, 'Char2:11000013fa72798', 'largescope', 0),
	(1685, 'Char2:11000013fa72798', 'WEAPON_COMBATPISTOL_AMMO', 0),
	(1686, 'Char2:11000013fa72798', 'kompensator', 0),
	(1687, 'Char2:11000013fa72798', 'keycard', 0),
	(1688, 'Char2:11000013fa72798', 'kastetvagos', 0),
	(1689, 'Char2:11000013fa72798', 'syringe', 0),
	(1690, 'Char2:11000013fa72798', 'Suppressor', 0),
	(1691, 'Char2:11000013fa72798', 'jager', 0),
	(1692, 'Char2:11000013fa72798', 'rubber', 0),
	(1693, 'Char2:11000013fa72798', 'cashew', 0),
	(1694, 'Char2:11000013fa72798', 'cigarett', 0),
	(1695, 'Char2:11000013fa72798', 'fixkit', 0),
	(1696, 'Char2:11000013fa72798', 'clothe', 0),
	(1697, 'Char2:11000013fa72798', 'WEAPON_ADVANCEDRIFLE', 0),
	(1698, 'Char2:11000013fa72798', 'washed_stone', 0),
	(1699, 'Char2:11000013fa72798', 'jewels', 0),
	(1700, 'Char2:11000013fa72798', 'enginekiller', 0),
	(1701, 'Char2:11000013fa72798', 'vicodin', 0),
	(1702, 'Char2:11000013fa72798', 'alive_chicken', 0),
	(1703, 'Char2:11000013fa72798', 'firstaidkit', 0),
	(1704, 'Char2:11000013fa72798', 'mixapero', 0),
	(1705, 'Char2:11000013fa72798', 'cajadecamarones', 0),
	(1706, 'Char2:11000013fa72798', '5gbag', 0),
	(1707, 'Char2:11000013fa72798', 'MountedScope', 0),
	(1708, 'Char2:11000013fa72798', 'WEAPON_AUTOSHOTGUN', 0),
	(1709, 'Char2:11000013fa72798', 'casio_watch', 0),
	(1710, 'Char2:11000013fa72798', 'holografik', 0),
	(1711, 'Char2:11000013fa72798', 'rhumfruit', 0),
	(1712, 'Char2:11000013fa72798', 'handcuffs', 0),
	(1713, 'Char2:11000013fa72798', 'highgradefert', 0),
	(1714, 'Char2:11000013fa72798', 'c4_bank', 0),
	(1715, 'Char2:11000013fa72798', 'energy', 0),
	(1716, 'Char2:11000013fa72798', 'hamburger', 0),
	(1717, 'Char2:11000013fa72798', 'WEAPON_ASSAULTSHOTGUN', 0),
	(1718, 'Char2:11000013fa72798', 'grip', 0),
	(1719, 'Char2:11000013fa72798', 'tequila', 0),
	(1720, 'Char2:11000013fa72798', '1gbag', 0),
	(1721, 'Char2:11000013fa72798', 'icetea', 0),
	(1722, 'Char2:11000013fa72798', 'moneywash', 0),
	(1723, 'Char2:11000013fa72798', 'WEAPON_STUNGUN', 0),
	(1724, 'Char2:11000013fa72798', 'electronic_kit', 0),
	(1725, 'Char2:11000013fa72798', 'bulletproof', 0),
	(1726, 'Char2:11000013fa72798', 'wool', 0),
	(1727, 'Char2:11000013fa72798', 'hydrocodone', 0),
	(1728, 'Char2:11000013fa72798', 'fuse', 0),
	(1729, 'Char2:11000013fa72798', 'fluor_stick', 0),
	(1730, 'Char2:11000013fa72798', 'fish', 0),
	(1731, 'Char2:11000013fa72798', 'mojito', 0),
	(1732, 'Char2:11000013fa72798', 'drill', 0),
	(1733, 'Char2:11000013fa72798', 'WEAPON_ASSAULTRIFLE_AMMO', 0),
	(1734, 'Char2:11000013fa72798', 'WEAPON_ASSAULTSMG_AMMO', 0),
	(1735, 'Char2:11000013fa72798', 'fabric', 0),
	(1736, 'Char2:11000013fa72798', '100gbag', 0),
	(1737, 'Char2:11000013fa72798', 'cajadecangrejos', 0),
	(1738, 'Char2:11000013fa72798', 'oxygen_mask', 0),
	(1739, 'Char2:11000013fa72798', '50gbag', 0),
	(1740, 'Char2:11000013fa72798', 'shark', 0),
	(1741, 'Char2:11000013fa72798', 'lighter', 0),
	(1742, 'Char2:11000013fa72798', 'firstaid', 0),
	(1743, 'Char2:11000013fa72798', 'WEAPON_CARBINERIFLE_AMMO', 0),
	(1744, 'Char2:11000013fa72798', 'jusfruit', 0),
	(1745, 'Char2:11000013fa72798', 'chocolate', 0),
	(1746, 'Char2:11000013fa72798', 'breadboard', 0),
	(1747, 'Char2:11000013fa72798', 'meth', 0),
	(1748, 'Char2:11000013fa72798', 'battery', 0),
	(1749, 'Char2:11000013fa72798', 'gazbottle', 0),
	(1750, 'Char2:11000013fa72798', 'morphine', 0),
	(1751, 'steam:11000013d9ceb45', 'bandage', 0),
	(1752, 'steam:11000013d9ceb45', 'scrap_metal', 0),
	(1753, 'steam:11000013d9ceb45', 'zebradlugie', 0),
	(1754, 'steam:11000013d9ceb45', 'binocular', 0),
	(1755, 'steam:11000013d9ceb45', 'lemonade', 0),
	(1756, 'steam:11000013d9ceb45', 'gps', 0),
	(1757, 'steam:11000013d9ceb45', 'nokia_phone', 0),
	(1758, 'steam:11000013d9ceb45', 'colis', 0),
	(1759, 'steam:11000013d9ceb45', 'packaged_plank', 0),
	(1760, 'steam:11000013d9ceb45', 'yusuf', 0),
	(1761, 'steam:11000013d9ceb45', 'xtc', 0),
	(1762, 'steam:11000013d9ceb45', 'martini', 0),
	(1763, 'steam:11000013d9ceb45', 'poppyresin', 0),
	(1764, 'steam:11000013d9ceb45', 'bolcacahuetes', 0),
	(1765, 'steam:11000013d9ceb45', 'hackerDevice', 0),
	(1766, 'steam:11000013d9ceb45', 'raspberry', 0),
	(1767, 'steam:11000013d9ceb45', 'cchip', 0),
	(1768, 'steam:11000013d9ceb45', 'scubagear', 0),
	(1769, 'steam:11000013d9ceb45', 'gauze', 0),
	(1770, 'steam:11000013d9ceb45', 'ice', 0),
	(1771, 'steam:11000013d9ceb45', 'kastetpimp', 0),
	(1772, 'steam:11000013d9ceb45', 'gas_pump', 0),
	(1773, 'steam:11000013d9ceb45', 'saucisson', 0),
	(1774, 'steam:11000013d9ceb45', 'fixtool', 0),
	(1775, 'steam:11000013d9ceb45', 'WEAPON_ASSAULTRIFLE', 0),
	(1776, 'steam:11000013d9ceb45', 'chemicalslisence', 1),
	(1777, 'steam:11000013d9ceb45', 'gameboy', 0),
	(1778, 'steam:11000013d9ceb45', 'woodheavyp', 0),
	(1779, 'steam:11000013d9ceb45', 'wooddlugie', 0),
	(1780, 'steam:11000013d9ceb45', 'vipskinmotyl', 0),
	(1781, 'steam:11000013d9ceb45', 'cangrejos', 0),
	(1782, 'steam:11000013d9ceb45', 'wine', 0),
	(1783, 'steam:11000013d9ceb45', 'fishingrod', 0),
	(1784, 'steam:11000013d9ceb45', 'cocacola', 4),
	(1785, 'steam:11000013d9ceb45', 'white_pearl', 0),
	(1786, 'steam:11000013d9ceb45', 'WEAPON_PISTOL_AMMO', 0),
	(1787, 'steam:11000013d9ceb45', 'boitierrgb', 0),
	(1788, 'steam:11000013d9ceb45', 'whiskycoca', 0),
	(1789, 'steam:11000013d9ceb45', 'beer', 0),
	(1790, 'steam:11000013d9ceb45', 'rhumcoca', 0),
	(1791, 'steam:11000013d9ceb45', 'drpepper', 0),
	(1792, 'steam:11000013d9ceb45', 'jagercerbere', 0),
	(1793, 'steam:11000013d9ceb45', 'gas_mask', 0),
	(1794, 'steam:11000013d9ceb45', 'walkie_ems', 0),
	(1795, 'steam:11000013d9ceb45', 'cigarette', 2),
	(1796, 'steam:11000013d9ceb45', 'wheel', 0),
	(1797, 'steam:11000013d9ceb45', 'celownikdluga', 0),
	(1798, 'steam:11000013d9ceb45', 'rhum', 0),
	(1799, 'steam:11000013d9ceb45', 'clutch', 0),
	(1800, 'steam:11000013d9ceb45', 'weapon_piece', 0),
	(1801, 'steam:11000013d9ceb45', 'golem', 0),
	(1802, 'steam:11000013d9ceb45', 'WEAPON_KNIFE', 0),
	(1803, 'steam:11000013d9ceb45', 'WEAPON_APPISTOL_AMMO', 0),
	(1804, 'steam:11000013d9ceb45', 'water', 2),
	(1805, 'steam:11000013d9ceb45', 'joint', 0),
	(1806, 'steam:11000013d9ceb45', 'carotool', 0),
	(1807, 'steam:11000013d9ceb45', 'iron', 0),
	(1808, 'steam:11000013d9ceb45', 'walkie_lspd', 0),
	(1809, 'steam:11000013d9ceb45', 'WEAPON_PISTOL', 0),
	(1810, 'steam:11000013d9ceb45', 'metreshooter', 0),
	(1811, 'steam:11000013d9ceb45', 'vodkafruit', 0),
	(1812, 'steam:11000013d9ceb45', 'vodkaenergy', 0),
	(1813, 'steam:11000013d9ceb45', 'heroin', 0),
	(1814, 'steam:11000013d9ceb45', 'marijuana', 0),
	(1815, 'steam:11000013d9ceb45', 'blowtorch', 0),
	(1816, 'steam:11000013d9ceb45', 'czaszkidlugie', 0),
	(1817, 'steam:11000013d9ceb45', 'absinthe', 0),
	(1818, 'steam:11000013d9ceb45', 'wood', 0),
	(1819, 'steam:11000013d9ceb45', 'WEAPON_PUMPSHOTGUN', 0),
	(1820, 'steam:11000013d9ceb45', 'WEAPON_SMG_AMMO', 0),
	(1821, 'steam:11000013d9ceb45', 'coke', 0),
	(1822, 'steam:11000013d9ceb45', 'WEAPON_ADVANCEDRIFLE_AMMO', 0),
	(1823, 'steam:11000013d9ceb45', 'gintonic', 0),
	(1824, 'steam:11000013d9ceb45', 'camarones', 0),
	(1825, 'steam:11000013d9ceb45', 'stockrim', 0),
	(1826, 'steam:11000013d9ceb45', 'sodium_hydroxide', 0),
	(1827, 'steam:11000013d9ceb45', 'kastetpink', 0),
	(1828, 'steam:11000013d9ceb45', 'WEAPON_CARBINERIFLE', 0),
	(1829, 'steam:11000013d9ceb45', 'rolling_paper', 0),
	(1830, 'steam:11000013d9ceb45', 'turtle', 0),
	(1831, 'steam:11000013d9ceb45', 'turbo', 0),
	(1832, 'steam:11000013d9ceb45', 'thionyl_chloride', 0),
	(1833, 'steam:11000013d9ceb45', 'WEAPON_COMBATPISTOL', 0),
	(1834, 'steam:11000013d9ceb45', 'grand_cru', 0),
	(1835, 'steam:11000013d9ceb45', 'kastetdiament', 0),
	(1836, 'steam:11000013d9ceb45', 'gold', 0),
	(1837, 'steam:11000013d9ceb45', 'WEAPON_ASSAULTSHOTGUN_AMMO', 0),
	(1838, 'steam:11000013d9ceb45', '10', 0),
	(1839, 'steam:11000013d9ceb45', 'kastethate', 0),
	(1840, 'steam:11000013d9ceb45', 'copper', 0),
	(1841, 'steam:11000013d9ceb45', 'advancedlockpick', 0),
	(1842, 'steam:11000013d9ceb45', 'teqpaf', 0),
	(1843, 'steam:11000013d9ceb45', 'plantpot', 0),
	(1844, 'steam:11000013d9ceb45', 'bolchips', 0),
	(1845, 'steam:11000013d9ceb45', 'tactitalmuzle', 0),
	(1846, 'steam:11000013d9ceb45', 'lowradio', 0),
	(1847, 'steam:11000013d9ceb45', 'turtlebait', 0),
	(1848, 'steam:11000013d9ceb45', 'sunglasses', 0),
	(1849, 'steam:11000013d9ceb45', 'sulfuric_acid', 0),
	(1850, 'steam:11000013d9ceb45', 'acetone', 0),
	(1851, 'steam:11000013d9ceb45', 'WEAPON_ASSAULTSMG', 0),
	(1852, 'steam:11000013d9ceb45', 'leather', 0),
	(1853, 'steam:11000013d9ceb45', 'stone', 0),
	(1854, 'steam:11000013d9ceb45', 'medikit', 0),
	(1855, 'steam:11000013d9ceb45', 'epinephrine', 0),
	(1856, 'steam:11000013d9ceb45', 'sodium', 0),
	(1857, 'steam:11000013d9ceb45', 'lowgradefert', 0),
	(1858, 'steam:11000013d9ceb45', 'adrenaline_shot', 0),
	(1859, 'steam:11000013d9ceb45', 'soda', 0),
	(1860, 'steam:11000013d9ceb45', 'glass', 0),
	(1861, 'steam:11000013d9ceb45', 'slaughtered_chicken', 0),
	(1862, 'steam:11000013d9ceb45', 'samsung_s8', 0),
	(1863, 'steam:11000013d9ceb45', 'bolpistache', 0),
	(1864, 'steam:11000013d9ceb45', 'sim', 0),
	(1865, 'steam:11000013d9ceb45', 'champagne', 0),
	(1866, 'steam:11000013d9ceb45', 'petrol_raffin', 0),
	(1867, 'steam:11000013d9ceb45', 'apple_iphone', 0),
	(1868, 'steam:11000013d9ceb45', 'shotgun_shells', 0),
	(1869, 'steam:11000013d9ceb45', 'airbag', 0),
	(1870, 'steam:11000013d9ceb45', 'electronics', 0),
	(1871, 'steam:11000013d9ceb45', 'blowpipe', 0),
	(1872, 'steam:11000013d9ceb45', 'screen', 0),
	(1873, 'steam:11000013d9ceb45', 'WEAPON_BAT', 0),
	(1874, 'steam:11000013d9ceb45', 'rollingpaper', 0),
	(1875, 'steam:11000013d9ceb45', 'powiekszonymagazynek', 0),
	(1876, 'steam:11000013d9ceb45', 'kastetdollar', 0),
	(1877, 'steam:11000013d9ceb45', 'coke_pooch', 0),
	(1878, 'steam:11000013d9ceb45', 'highradio', 0),
	(1879, 'steam:11000013d9ceb45', 'rope', 0),
	(1880, 'steam:11000013d9ceb45', 'bolnoixcajou', 0),
	(1881, 'steam:11000013d9ceb45', 'sandwich', 5),
	(1882, 'steam:11000013d9ceb45', 'highrim', 0),
	(1883, 'steam:11000013d9ceb45', 'kastetbalas', 0),
	(1884, 'steam:11000013d9ceb45', 'whisky', 0),
	(1885, 'steam:11000013d9ceb45', 'bread', 0),
	(1886, 'steam:11000013d9ceb45', 'cannabis', 0),
	(1887, 'steam:11000013d9ceb45', 'receipt', 0),
	(1888, 'steam:11000013d9ceb45', 'platin50', 0),
	(1889, 'steam:11000013d9ceb45', 'pizza', 0),
	(1890, 'steam:11000013d9ceb45', 'flashlight', 0),
	(1891, 'steam:11000013d9ceb45', 'adrenaline', 0),
	(1892, 'steam:11000013d9ceb45', 'jagerbomb', 0),
	(1893, 'steam:11000013d9ceb45', 'hydrochloric_acid', 0),
	(1894, 'steam:11000013d9ceb45', 'coca_leaf', 0),
	(1895, 'steam:11000013d9ceb45', 'pistachio', 0),
	(1896, 'steam:11000013d9ceb45', 'clip', 0),
	(1897, 'steam:11000013d9ceb45', 'phone', 1),
	(1898, 'steam:11000013d9ceb45', 'lsd', 0),
	(1899, 'steam:11000013d9ceb45', 'kastetplayer', 0),
	(1900, 'steam:11000013d9ceb45', 'chemicals', 0),
	(1901, 'steam:11000013d9ceb45', 'fishbait', 0),
	(1902, 'steam:11000013d9ceb45', 'petrol', 0),
	(1903, 'steam:11000013d9ceb45', 'carokit', 0),
	(1904, 'steam:11000013d9ceb45', 'cutted_wood', 0),
	(1905, 'steam:11000013d9ceb45', 'grapperaisin', 0),
	(1906, 'steam:11000013d9ceb45', '9mm_rounds', 0),
	(1907, 'steam:11000013d9ceb45', 'packaged_chicken', 0),
	(1908, 'steam:11000013d9ceb45', 'spare_parts', 0),
	(1909, 'steam:11000013d9ceb45', 'moneywashid', 0),
	(1910, 'steam:11000013d9ceb45', 'opium', 0),
	(1911, 'steam:11000013d9ceb45', 'WEAPON_FLASHLIGHT', 0),
	(1912, 'steam:11000013d9ceb45', 'WEAPON_SMG', 0),
	(1913, 'steam:11000013d9ceb45', 'vodka', 0),
	(1914, 'steam:11000013d9ceb45', 'mleko', 0),
	(1915, 'steam:11000013d9ceb45', 'WEAPON_AUTOSHOTGUN_AMMO', 0),
	(1916, 'steam:11000013d9ceb45', 'WEAPON_APPISTOL', 0),
	(1917, 'steam:11000013d9ceb45', 'chips', 4),
	(1918, 'steam:11000013d9ceb45', 'menthe', 0),
	(1919, 'steam:11000013d9ceb45', 'essence', 0),
	(1920, 'steam:11000013d9ceb45', 'medkit', 0),
	(1921, 'steam:11000013d9ceb45', 'meat', 0),
	(1922, 'steam:11000013d9ceb45', 'mediumscope', 0),
	(1923, 'steam:11000013d9ceb45', 'cupcake', 5),
	(1924, 'steam:11000013d9ceb45', 'steel', 0),
	(1925, 'steam:11000013d9ceb45', 'lsa', 0),
	(1926, 'steam:11000013d9ceb45', 'lockpick', 0),
	(1927, 'steam:11000013d9ceb45', 'lithium', 0),
	(1928, 'steam:11000013d9ceb45', 'limonade', 0),
	(1929, 'steam:11000013d9ceb45', 'coffe', 5),
	(1930, 'steam:11000013d9ceb45', 'WEAPON_PUMPSHOTGUN_AMMO', 0),
	(1931, 'steam:11000013d9ceb45', 'drugscales', 0),
	(1932, 'steam:11000013d9ceb45', 'letter', 0),
	(1933, 'steam:11000013d9ceb45', 'boomdlugie', 0),
	(1934, 'steam:11000013d9ceb45', 'largescope', 0),
	(1935, 'steam:11000013d9ceb45', 'WEAPON_COMBATPISTOL_AMMO', 0),
	(1936, 'steam:11000013d9ceb45', 'kompensator', 0),
	(1937, 'steam:11000013d9ceb45', 'keycard', 0),
	(1938, 'steam:11000013d9ceb45', 'kastetvagos', 0),
	(1939, 'steam:11000013d9ceb45', 'syringe', 0),
	(1940, 'steam:11000013d9ceb45', 'Suppressor', 0),
	(1941, 'steam:11000013d9ceb45', 'jager', 0),
	(1942, 'steam:11000013d9ceb45', 'rubber', 0),
	(1943, 'steam:11000013d9ceb45', 'cashew', 0),
	(1944, 'steam:11000013d9ceb45', 'cigarett', 0),
	(1945, 'steam:11000013d9ceb45', 'fixkit', 0),
	(1946, 'steam:11000013d9ceb45', 'clothe', 0),
	(1947, 'steam:11000013d9ceb45', 'WEAPON_ADVANCEDRIFLE', 0),
	(1948, 'steam:11000013d9ceb45', 'washed_stone', 0),
	(1949, 'steam:11000013d9ceb45', 'jewels', 0),
	(1950, 'steam:11000013d9ceb45', 'enginekiller', 0),
	(1951, 'steam:11000013d9ceb45', 'vicodin', 0),
	(1952, 'steam:11000013d9ceb45', 'alive_chicken', 0),
	(1953, 'steam:11000013d9ceb45', 'firstaidkit', 0),
	(1954, 'steam:11000013d9ceb45', 'mixapero', 0),
	(1955, 'steam:11000013d9ceb45', 'cajadecamarones', 0),
	(1956, 'steam:11000013d9ceb45', '5gbag', 0),
	(1957, 'steam:11000013d9ceb45', 'MountedScope', 0),
	(1958, 'steam:11000013d9ceb45', 'WEAPON_AUTOSHOTGUN', 0),
	(1959, 'steam:11000013d9ceb45', 'casio_watch', 0),
	(1960, 'steam:11000013d9ceb45', 'holografik', 0),
	(1961, 'steam:11000013d9ceb45', 'rhumfruit', 0),
	(1962, 'steam:11000013d9ceb45', 'handcuffs', 0),
	(1963, 'steam:11000013d9ceb45', 'highgradefert', 0),
	(1964, 'steam:11000013d9ceb45', 'c4_bank', 0),
	(1965, 'steam:11000013d9ceb45', 'energy', 0),
	(1966, 'steam:11000013d9ceb45', 'hamburger', 4),
	(1967, 'steam:11000013d9ceb45', 'WEAPON_ASSAULTSHOTGUN', 0),
	(1968, 'steam:11000013d9ceb45', 'grip', 0),
	(1969, 'steam:11000013d9ceb45', 'tequila', 0),
	(1970, 'steam:11000013d9ceb45', '1gbag', 0),
	(1971, 'steam:11000013d9ceb45', 'icetea', 3),
	(1972, 'steam:11000013d9ceb45', 'moneywash', 1),
	(1973, 'steam:11000013d9ceb45', 'WEAPON_STUNGUN', 0),
	(1974, 'steam:11000013d9ceb45', 'electronic_kit', 0),
	(1975, 'steam:11000013d9ceb45', 'bulletproof', 0),
	(1976, 'steam:11000013d9ceb45', 'wool', 0),
	(1977, 'steam:11000013d9ceb45', 'hydrocodone', 0),
	(1978, 'steam:11000013d9ceb45', 'fuse', 0),
	(1979, 'steam:11000013d9ceb45', 'fluor_stick', 0),
	(1980, 'steam:11000013d9ceb45', 'fish', 0),
	(1981, 'steam:11000013d9ceb45', 'mojito', 0),
	(1982, 'steam:11000013d9ceb45', 'drill', 0),
	(1983, 'steam:11000013d9ceb45', 'WEAPON_ASSAULTRIFLE_AMMO', 0),
	(1984, 'steam:11000013d9ceb45', 'WEAPON_ASSAULTSMG_AMMO', 0),
	(1985, 'steam:11000013d9ceb45', 'fabric', 0),
	(1986, 'steam:11000013d9ceb45', '100gbag', 0),
	(1987, 'steam:11000013d9ceb45', 'cajadecangrejos', 0),
	(1988, 'steam:11000013d9ceb45', 'oxygen_mask', 0),
	(1989, 'steam:11000013d9ceb45', '50gbag', 0),
	(1990, 'steam:11000013d9ceb45', 'shark', 0),
	(1991, 'steam:11000013d9ceb45', 'lighter', 0),
	(1992, 'steam:11000013d9ceb45', 'firstaid', 0),
	(1993, 'steam:11000013d9ceb45', 'WEAPON_CARBINERIFLE_AMMO', 0),
	(1994, 'steam:11000013d9ceb45', 'jusfruit', 0),
	(1995, 'steam:11000013d9ceb45', 'chocolate', 0),
	(1996, 'steam:11000013d9ceb45', 'breadboard', 0),
	(1997, 'steam:11000013d9ceb45', 'meth', 0),
	(1998, 'steam:11000013d9ceb45', 'battery', 0),
	(1999, 'steam:11000013d9ceb45', 'gazbottle', 0),
	(2000, 'steam:11000013d9ceb45', 'morphine', 0),
	(2001, 'steam:110000135a2dcb0', 'WEAPON_ASSAULTSHOTGUN_AMMO', 0),
	(2002, 'steam:110000135a2dcb0', 'boomdlugie', 0),
	(2003, 'steam:110000135a2dcb0', 'moneywashid', 0),
	(2004, 'steam:110000135a2dcb0', 'acetone', 0),
	(2005, 'steam:110000135a2dcb0', 'spare_parts', 0),
	(2006, 'steam:110000135a2dcb0', 'champagne', 0),
	(2007, 'steam:110000135a2dcb0', 'electronic_kit', 0),
	(2008, 'steam:110000135a2dcb0', 'scrap_metal', 0),
	(2009, 'steam:110000135a2dcb0', 'cocacola', 0),
	(2010, 'steam:110000135a2dcb0', 'zebradlugie', 0),
	(2011, 'steam:110000135a2dcb0', 'yusuf', 0),
	(2012, 'steam:110000135a2dcb0', 'WEAPON_APPISTOL', 0),
	(2013, 'steam:110000135a2dcb0', 'WEAPON_ADVANCEDRIFLE', 0),
	(2014, 'steam:110000135a2dcb0', '50gbag', 0),
	(2015, 'steam:110000135a2dcb0', 'xtc', 0),
	(2016, 'steam:110000135a2dcb0', 'wool', 0),
	(2017, 'steam:110000135a2dcb0', 'lowgradefert', 0),
	(2018, 'steam:110000135a2dcb0', 'fish', 0),
	(2019, 'steam:110000135a2dcb0', 'fixkit', 0),
	(2020, 'steam:110000135a2dcb0', 'breadboard', 0),
	(2021, 'steam:110000135a2dcb0', 'mediumscope', 0),
	(2022, 'steam:110000135a2dcb0', 'vipskinmotyl', 0),
	(2023, 'steam:110000135a2dcb0', 'casio_watch', 0),
	(2024, 'steam:110000135a2dcb0', 'WEAPON_SMG_AMMO', 0),
	(2025, 'steam:110000135a2dcb0', 'gold', 0),
	(2026, 'steam:110000135a2dcb0', 'glass', 0),
	(2027, 'steam:110000135a2dcb0', 'WEAPON_BAT', 0),
	(2028, 'steam:110000135a2dcb0', 'woodheavyp', 0),
	(2029, 'steam:110000135a2dcb0', 'blowpipe', 0),
	(2030, 'steam:110000135a2dcb0', 'kastetbalas', 0),
	(2031, 'steam:110000135a2dcb0', 'bolpistache', 0),
	(2032, 'steam:110000135a2dcb0', 'advancedlockpick', 0),
	(2033, 'steam:110000135a2dcb0', 'bulletproof', 0),
	(2034, 'steam:110000135a2dcb0', 'battery', 0),
	(2035, 'steam:110000135a2dcb0', 'wood', 0),
	(2036, 'steam:110000135a2dcb0', 'wine', 0),
	(2037, 'steam:110000135a2dcb0', 'gps', 0),
	(2038, 'steam:110000135a2dcb0', 'pizza', 0),
	(2039, 'steam:110000135a2dcb0', 'bandage', 0),
	(2040, 'steam:110000135a2dcb0', 'jagerbomb', 0),
	(2041, 'steam:110000135a2dcb0', 'weapon_piece', 0),
	(2042, 'steam:110000135a2dcb0', 'copper', 0),
	(2043, 'steam:110000135a2dcb0', 'MountedScope', 0),
	(2044, 'steam:110000135a2dcb0', 'receipt', 0),
	(2045, 'steam:110000135a2dcb0', 'cigarett', 0),
	(2046, 'steam:110000135a2dcb0', 'washed_stone', 0),
	(2047, 'steam:110000135a2dcb0', 'sulfuric_acid', 0),
	(2048, 'steam:110000135a2dcb0', 'walkie_lspd', 0),
	(2049, 'steam:110000135a2dcb0', 'cangrejos', 0),
	(2050, 'steam:110000135a2dcb0', 'medkit', 0),
	(2051, 'steam:110000135a2dcb0', 'meat', 0),
	(2052, 'steam:110000135a2dcb0', 'cajadecamarones', 0),
	(2053, 'steam:110000135a2dcb0', 'teqpaf', 0),
	(2054, 'steam:110000135a2dcb0', 'coffe', 0),
	(2055, 'steam:110000135a2dcb0', 'cashew', 0),
	(2056, 'steam:110000135a2dcb0', 'morphine', 0),
	(2057, 'steam:110000135a2dcb0', 'vodka', 0),
	(2058, 'steam:110000135a2dcb0', '9mm_rounds', 0),
	(2059, 'steam:110000135a2dcb0', 'gauze', 0),
	(2060, 'steam:110000135a2dcb0', 'jagercerbere', 0),
	(2061, 'steam:110000135a2dcb0', 'vodkaenergy', 0),
	(2062, 'steam:110000135a2dcb0', 'turtle', 0),
	(2063, 'steam:110000135a2dcb0', 'rope', 0),
	(2064, 'steam:110000135a2dcb0', 'camarones', 0),
	(2065, 'steam:110000135a2dcb0', 'WEAPON_PUMPSHOTGUN_AMMO', 0),
	(2066, 'steam:110000135a2dcb0', 'electronics', 0),
	(2067, 'steam:110000135a2dcb0', 'raspberry', 0),
	(2068, 'steam:110000135a2dcb0', 'gas_mask', 0),
	(2069, 'steam:110000135a2dcb0', 'kompensator', 0),
	(2070, 'steam:110000135a2dcb0', 'WEAPON_CARBINERIFLE_AMMO', 0),
	(2071, 'steam:110000135a2dcb0', 'tequila', 0),
	(2072, 'steam:110000135a2dcb0', 'WEAPON_ASSAULTSMG_AMMO', 0),
	(2073, 'steam:110000135a2dcb0', 'rubber', 0),
	(2074, 'steam:110000135a2dcb0', 'vodkafruit', 0),
	(2075, 'steam:110000135a2dcb0', 'bread', 0),
	(2076, 'steam:110000135a2dcb0', 'WEAPON_ASSAULTRIFLE_AMMO', 0),
	(2077, 'steam:110000135a2dcb0', 'jewels', 0),
	(2078, 'steam:110000135a2dcb0', 'tactitalmuzle', 0),
	(2079, 'steam:110000135a2dcb0', 'chemicalslisence', 0),
	(2080, 'steam:110000135a2dcb0', 'syringe', 0),
	(2081, 'steam:110000135a2dcb0', 'binocular', 0),
	(2082, 'steam:110000135a2dcb0', 'sunglasses', 0),
	(2083, 'steam:110000135a2dcb0', 'petrol', 0),
	(2084, 'steam:110000135a2dcb0', 'adrenaline_shot', 0),
	(2085, 'steam:110000135a2dcb0', 'fishingrod', 0),
	(2086, 'steam:110000135a2dcb0', 'steel', 0),
	(2087, 'steam:110000135a2dcb0', 'stockrim', 0),
	(2088, 'steam:110000135a2dcb0', 'WEAPON_FLASHLIGHT', 0),
	(2089, 'steam:110000135a2dcb0', 'gameboy', 0),
	(2090, 'steam:110000135a2dcb0', 'keycard', 0),
	(2091, 'steam:110000135a2dcb0', 'stone', 0),
	(2092, 'steam:110000135a2dcb0', 'bolchips', 0),
	(2093, 'steam:110000135a2dcb0', 'bolcacahuetes', 0),
	(2094, 'steam:110000135a2dcb0', 'sodium_hydroxide', 0),
	(2095, 'steam:110000135a2dcb0', 'sodium', 0),
	(2096, 'steam:110000135a2dcb0', '1gbag', 0),
	(2097, 'steam:110000135a2dcb0', 'jusfruit', 0),
	(2098, 'steam:110000135a2dcb0', 'hamburger', 0),
	(2099, 'steam:110000135a2dcb0', 'soda', 0),
	(2100, 'steam:110000135a2dcb0', 'absinthe', 0),
	(2101, 'steam:110000135a2dcb0', 'blowtorch', 0),
	(2102, 'steam:110000135a2dcb0', 'gazbottle', 0),
	(2103, 'steam:110000135a2dcb0', 'WEAPON_PISTOL_AMMO', 0),
	(2104, 'steam:110000135a2dcb0', 'firstaid', 0),
	(2105, 'steam:110000135a2dcb0', 'sim', 0),
	(2106, 'steam:110000135a2dcb0', 'shotgun_shells', 0),
	(2107, 'steam:110000135a2dcb0', 'kastetpink', 0),
	(2108, 'steam:110000135a2dcb0', 'shark', 0),
	(2109, 'steam:110000135a2dcb0', 'scubagear', 0),
	(2110, 'steam:110000135a2dcb0', 'highrim', 0),
	(2111, 'steam:110000135a2dcb0', 'opium', 0),
	(2112, 'steam:110000135a2dcb0', 'rhum', 0),
	(2113, 'steam:110000135a2dcb0', 'sandwich', 0),
	(2114, 'steam:110000135a2dcb0', 'flashlight', 0),
	(2115, 'steam:110000135a2dcb0', 'marijuana', 0),
	(2116, 'steam:110000135a2dcb0', 'white_pearl', 0),
	(2117, 'steam:110000135a2dcb0', 'alive_chicken', 0),
	(2118, 'steam:110000135a2dcb0', 'rolling_paper', 0),
	(2119, 'steam:110000135a2dcb0', 'chips', 0),
	(2120, 'steam:110000135a2dcb0', 'rhumfruit', 0),
	(2121, 'steam:110000135a2dcb0', 'carotool', 0),
	(2122, 'steam:110000135a2dcb0', 'golem', 0),
	(2123, 'steam:110000135a2dcb0', 'gintonic', 0),
	(2124, 'steam:110000135a2dcb0', 'saucisson', 0),
	(2125, 'steam:110000135a2dcb0', 'WEAPON_ASSAULTSHOTGUN', 0),
	(2126, 'steam:110000135a2dcb0', 'metreshooter', 0),
	(2127, 'steam:110000135a2dcb0', 'poppyresin', 0),
	(2128, 'steam:110000135a2dcb0', 'powiekszonymagazynek', 0),
	(2129, 'steam:110000135a2dcb0', 'clip', 0),
	(2130, 'steam:110000135a2dcb0', 'WEAPON_COMBATPISTOL_AMMO', 0),
	(2131, 'steam:110000135a2dcb0', 'plantpot', 0),
	(2132, 'steam:110000135a2dcb0', 'whiskycoca', 0),
	(2133, 'steam:110000135a2dcb0', 'WEAPON_STUNGUN', 0),
	(2134, 'steam:110000135a2dcb0', 'kastetplayer', 0),
	(2135, 'steam:110000135a2dcb0', 'pistachio', 0),
	(2136, 'steam:110000135a2dcb0', 'fuse', 0),
	(2137, 'steam:110000135a2dcb0', 'epinephrine', 0),
	(2138, 'steam:110000135a2dcb0', 'packaged_chicken', 0),
	(2139, 'steam:110000135a2dcb0', 'cupcake', 0),
	(2140, 'steam:110000135a2dcb0', 'WEAPON_KNIFE', 0),
	(2141, 'steam:110000135a2dcb0', 'lemonade', 0),
	(2142, 'steam:110000135a2dcb0', 'ice', 0),
	(2143, 'steam:110000135a2dcb0', 'highgradefert', 0),
	(2144, 'steam:110000135a2dcb0', 'firstaidkit', 0),
	(2145, 'steam:110000135a2dcb0', 'petrol_raffin', 0),
	(2146, 'steam:110000135a2dcb0', 'energy', 0),
	(2147, 'steam:110000135a2dcb0', 'packaged_plank', 0),
	(2148, 'steam:110000135a2dcb0', 'adrenaline', 0),
	(2149, 'steam:110000135a2dcb0', 'screen', 0),
	(2150, 'steam:110000135a2dcb0', 'lsa', 0),
	(2151, 'steam:110000135a2dcb0', 'turtlebait', 0),
	(2152, 'steam:110000135a2dcb0', 'enginekiller', 0),
	(2153, 'steam:110000135a2dcb0', 'moneywash', 0),
	(2154, 'steam:110000135a2dcb0', 'mojito', 0),
	(2155, 'steam:110000135a2dcb0', 'mleko', 0),
	(2156, 'steam:110000135a2dcb0', 'essence', 0),
	(2157, 'steam:110000135a2dcb0', 'mixapero', 0),
	(2158, 'steam:110000135a2dcb0', 'meth', 0),
	(2159, 'steam:110000135a2dcb0', 'menthe', 0),
	(2160, 'steam:110000135a2dcb0', 'walkie_ems', 0),
	(2161, 'steam:110000135a2dcb0', 'fixtool', 0),
	(2162, 'steam:110000135a2dcb0', 'medikit', 0),
	(2163, 'steam:110000135a2dcb0', 'kastetpimp', 0),
	(2164, 'steam:110000135a2dcb0', '100gbag', 0),
	(2165, 'steam:110000135a2dcb0', 'martini', 0),
	(2166, 'steam:110000135a2dcb0', 'samsung_s8', 0),
	(2167, 'steam:110000135a2dcb0', 'coke_pooch', 0),
	(2168, 'steam:110000135a2dcb0', 'nokia_phone', 0),
	(2169, 'steam:110000135a2dcb0', 'beer', 0),
	(2170, 'steam:110000135a2dcb0', 'chemicals', 0),
	(2171, 'steam:110000135a2dcb0', 'WEAPON_PUMPSHOTGUN', 0),
	(2172, 'steam:110000135a2dcb0', 'celownikdluga', 0),
	(2173, 'steam:110000135a2dcb0', 'wooddlugie', 0),
	(2174, 'steam:110000135a2dcb0', 'water', 0),
	(2175, 'steam:110000135a2dcb0', 'lithium', 0),
	(2176, 'steam:110000135a2dcb0', 'fishbait', 0),
	(2177, 'steam:110000135a2dcb0', 'limonade', 0),
	(2178, 'steam:110000135a2dcb0', 'grand_cru', 0),
	(2179, 'steam:110000135a2dcb0', '10', 0),
	(2180, 'steam:110000135a2dcb0', 'letter', 0),
	(2181, 'steam:110000135a2dcb0', 'leather', 0),
	(2182, 'steam:110000135a2dcb0', 'platin50', 0),
	(2183, 'steam:110000135a2dcb0', 'drpepper', 0),
	(2184, 'steam:110000135a2dcb0', 'gas_pump', 0),
	(2185, 'steam:110000135a2dcb0', 'cutted_wood', 0),
	(2186, 'steam:110000135a2dcb0', 'thionyl_chloride', 0),
	(2187, 'steam:110000135a2dcb0', 'kastetvagos', 0),
	(2188, 'steam:110000135a2dcb0', 'kastethate', 0),
	(2189, 'steam:110000135a2dcb0', 'kastetdollar', 0),
	(2190, 'steam:110000135a2dcb0', 'czaszkidlugie', 0),
	(2191, 'steam:110000135a2dcb0', 'cchip', 0),
	(2192, 'steam:110000135a2dcb0', 'kastetdiament', 0),
	(2193, 'steam:110000135a2dcb0', 'lowradio', 0),
	(2194, 'steam:110000135a2dcb0', 'joint', 0),
	(2195, 'steam:110000135a2dcb0', 'wheel', 0),
	(2196, 'steam:110000135a2dcb0', 'jager', 0),
	(2197, 'steam:110000135a2dcb0', 'clothe', 0),
	(2198, 'steam:110000135a2dcb0', 'iron', 0),
	(2199, 'steam:110000135a2dcb0', 'icetea', 0),
	(2200, 'steam:110000135a2dcb0', 'holografik', 0),
	(2201, 'steam:110000135a2dcb0', 'cigarette', 0),
	(2202, 'steam:110000135a2dcb0', 'hydrochloric_acid', 0),
	(2203, 'steam:110000135a2dcb0', 'WEAPON_SMG', 0),
	(2204, 'steam:110000135a2dcb0', 'hydrocodone', 0),
	(2205, 'steam:110000135a2dcb0', 'whisky', 0),
	(2206, 'steam:110000135a2dcb0', 'WEAPON_ASSAULTRIFLE', 0),
	(2207, 'steam:110000135a2dcb0', 'grip', 0),
	(2208, 'steam:110000135a2dcb0', 'handcuffs', 0),
	(2209, 'steam:110000135a2dcb0', 'heroin', 0),
	(2210, 'steam:110000135a2dcb0', 'colis', 0),
	(2211, 'steam:110000135a2dcb0', 'WEAPON_AUTOSHOTGUN', 0),
	(2212, 'steam:110000135a2dcb0', 'WEAPON_ASSAULTSMG', 0),
	(2213, 'steam:110000135a2dcb0', 'rhumcoca', 0),
	(2214, 'steam:110000135a2dcb0', 'cannabis', 0),
	(2215, 'steam:110000135a2dcb0', 'hackerDevice', 0),
	(2216, 'steam:110000135a2dcb0', 'lockpick', 0),
	(2217, 'steam:110000135a2dcb0', 'grapperaisin', 0),
	(2218, 'steam:110000135a2dcb0', 'WEAPON_CARBINERIFLE', 0),
	(2219, 'steam:110000135a2dcb0', 'lighter', 0),
	(2220, 'steam:110000135a2dcb0', 'rollingpaper', 0),
	(2221, 'steam:110000135a2dcb0', 'WEAPON_COMBATPISTOL', 0),
	(2222, 'steam:110000135a2dcb0', 'highradio', 0),
	(2223, 'steam:110000135a2dcb0', 'apple_iphone', 0),
	(2224, 'steam:110000135a2dcb0', 'WEAPON_PISTOL', 0),
	(2225, 'steam:110000135a2dcb0', 'turbo', 0),
	(2226, 'steam:110000135a2dcb0', 'WEAPON_APPISTOL_AMMO', 0),
	(2227, 'steam:110000135a2dcb0', 'clutch', 0),
	(2228, 'steam:110000135a2dcb0', 'vicodin', 0),
	(2229, 'steam:110000135a2dcb0', 'cajadecangrejos', 0),
	(2230, 'steam:110000135a2dcb0', 'fluor_stick', 0),
	(2231, 'steam:110000135a2dcb0', 'boitierrgb', 0),
	(2232, 'steam:110000135a2dcb0', 'WEAPON_AUTOSHOTGUN_AMMO', 0),
	(2233, 'steam:110000135a2dcb0', 'airbag', 0),
	(2234, 'steam:110000135a2dcb0', 'largescope', 0),
	(2235, 'steam:110000135a2dcb0', 'coke', 0),
	(2236, 'steam:110000135a2dcb0', 'slaughtered_chicken', 0),
	(2237, 'steam:110000135a2dcb0', 'phone', 0),
	(2238, 'steam:110000135a2dcb0', 'bolnoixcajou', 0),
	(2239, 'steam:110000135a2dcb0', 'fabric', 0),
	(2240, 'steam:110000135a2dcb0', 'drugscales', 0),
	(2241, 'steam:110000135a2dcb0', 'drill', 0),
	(2242, 'steam:110000135a2dcb0', 'carokit', 0),
	(2243, 'steam:110000135a2dcb0', 'oxygen_mask', 0),
	(2244, 'steam:110000135a2dcb0', 'lsd', 0),
	(2245, 'steam:110000135a2dcb0', 'WEAPON_ADVANCEDRIFLE_AMMO', 0),
	(2246, 'steam:110000135a2dcb0', 'coca_leaf', 0),
	(2247, 'steam:110000135a2dcb0', '5gbag', 0),
	(2248, 'steam:110000135a2dcb0', 'chocolate', 0),
	(2249, 'steam:110000135a2dcb0', 'Suppressor', 0),
	(2250, 'steam:110000135a2dcb0', 'c4_bank', 0),
	(2251, 'steam:110000141badbd7', 'WEAPON_ASSAULTSHOTGUN_AMMO', 0),
	(2252, 'steam:110000141badbd7', 'boomdlugie', 0),
	(2253, 'steam:110000141badbd7', 'moneywashid', 0),
	(2254, 'steam:110000141badbd7', 'acetone', 0),
	(2255, 'steam:110000141badbd7', 'spare_parts', 0),
	(2256, 'steam:110000141badbd7', 'champagne', 0),
	(2257, 'steam:110000141badbd7', 'electronic_kit', 0),
	(2258, 'steam:110000141badbd7', 'scrap_metal', 0),
	(2259, 'steam:110000141badbd7', 'cocacola', 0),
	(2260, 'steam:110000141badbd7', 'zebradlugie', 0),
	(2261, 'steam:110000141badbd7', 'yusuf', 0),
	(2262, 'steam:110000141badbd7', 'WEAPON_APPISTOL', 0),
	(2263, 'steam:110000141badbd7', 'WEAPON_ADVANCEDRIFLE', 0),
	(2264, 'steam:110000141badbd7', '50gbag', 0),
	(2265, 'steam:110000141badbd7', 'xtc', 0),
	(2266, 'steam:110000141badbd7', 'wool', 0),
	(2267, 'steam:110000141badbd7', 'lowgradefert', 0),
	(2268, 'steam:110000141badbd7', 'fish', 0),
	(2269, 'steam:110000141badbd7', 'fixkit', 0),
	(2270, 'steam:110000141badbd7', 'breadboard', 0),
	(2271, 'steam:110000141badbd7', 'mediumscope', 0),
	(2272, 'steam:110000141badbd7', 'vipskinmotyl', 0),
	(2273, 'steam:110000141badbd7', 'casio_watch', 0),
	(2274, 'steam:110000141badbd7', 'WEAPON_SMG_AMMO', 0),
	(2275, 'steam:110000141badbd7', 'gold', 0),
	(2276, 'steam:110000141badbd7', 'glass', 0),
	(2277, 'steam:110000141badbd7', 'WEAPON_BAT', 0),
	(2278, 'steam:110000141badbd7', 'woodheavyp', 0),
	(2279, 'steam:110000141badbd7', 'blowpipe', 0),
	(2280, 'steam:110000141badbd7', 'kastetbalas', 0),
	(2281, 'steam:110000141badbd7', 'bolpistache', 0),
	(2282, 'steam:110000141badbd7', 'advancedlockpick', 0),
	(2283, 'steam:110000141badbd7', 'bulletproof', 0),
	(2284, 'steam:110000141badbd7', 'battery', 0),
	(2285, 'steam:110000141badbd7', 'wood', 0),
	(2286, 'steam:110000141badbd7', 'wine', 0),
	(2287, 'steam:110000141badbd7', 'gps', 0),
	(2288, 'steam:110000141badbd7', 'pizza', 0),
	(2289, 'steam:110000141badbd7', 'bandage', 0),
	(2290, 'steam:110000141badbd7', 'jagerbomb', 0),
	(2291, 'steam:110000141badbd7', 'weapon_piece', 0),
	(2292, 'steam:110000141badbd7', 'copper', 0),
	(2293, 'steam:110000141badbd7', 'MountedScope', 0),
	(2294, 'steam:110000141badbd7', 'receipt', 0),
	(2295, 'steam:110000141badbd7', 'cigarett', 0),
	(2296, 'steam:110000141badbd7', 'washed_stone', 0),
	(2297, 'steam:110000141badbd7', 'sulfuric_acid', 0),
	(2298, 'steam:110000141badbd7', 'walkie_lspd', 0),
	(2299, 'steam:110000141badbd7', 'cangrejos', 0),
	(2300, 'steam:110000141badbd7', 'medkit', 0),
	(2301, 'steam:110000141badbd7', 'meat', 0),
	(2302, 'steam:110000141badbd7', 'cajadecamarones', 0),
	(2303, 'steam:110000141badbd7', 'teqpaf', 0),
	(2304, 'steam:110000141badbd7', 'coffe', 0),
	(2305, 'steam:110000141badbd7', 'cashew', 0),
	(2306, 'steam:110000141badbd7', 'morphine', 0),
	(2307, 'steam:110000141badbd7', 'vodka', 0),
	(2308, 'steam:110000141badbd7', '9mm_rounds', 0),
	(2309, 'steam:110000141badbd7', 'gauze', 0),
	(2310, 'steam:110000141badbd7', 'jagercerbere', 0),
	(2311, 'steam:110000141badbd7', 'vodkaenergy', 0),
	(2312, 'steam:110000141badbd7', 'turtle', 0),
	(2313, 'steam:110000141badbd7', 'rope', 0),
	(2314, 'steam:110000141badbd7', 'camarones', 0),
	(2315, 'steam:110000141badbd7', 'WEAPON_PUMPSHOTGUN_AMMO', 0),
	(2316, 'steam:110000141badbd7', 'electronics', 0),
	(2317, 'steam:110000141badbd7', 'raspberry', 0),
	(2318, 'steam:110000141badbd7', 'gas_mask', 0),
	(2319, 'steam:110000141badbd7', 'kompensator', 0),
	(2320, 'steam:110000141badbd7', 'WEAPON_CARBINERIFLE_AMMO', 0),
	(2321, 'steam:110000141badbd7', 'tequila', 0),
	(2322, 'steam:110000141badbd7', 'WEAPON_ASSAULTSMG_AMMO', 0),
	(2323, 'steam:110000141badbd7', 'rubber', 0),
	(2324, 'steam:110000141badbd7', 'vodkafruit', 0),
	(2325, 'steam:110000141badbd7', 'bread', 0),
	(2326, 'steam:110000141badbd7', 'WEAPON_ASSAULTRIFLE_AMMO', 0),
	(2327, 'steam:110000141badbd7', 'jewels', 0),
	(2328, 'steam:110000141badbd7', 'tactitalmuzle', 0),
	(2329, 'steam:110000141badbd7', 'chemicalslisence', 0),
	(2330, 'steam:110000141badbd7', 'syringe', 0),
	(2331, 'steam:110000141badbd7', 'binocular', 0),
	(2332, 'steam:110000141badbd7', 'sunglasses', 0),
	(2333, 'steam:110000141badbd7', 'petrol', 0),
	(2334, 'steam:110000141badbd7', 'adrenaline_shot', 0),
	(2335, 'steam:110000141badbd7', 'fishingrod', 0),
	(2336, 'steam:110000141badbd7', 'steel', 0),
	(2337, 'steam:110000141badbd7', 'stockrim', 0),
	(2338, 'steam:110000141badbd7', 'WEAPON_FLASHLIGHT', 0),
	(2339, 'steam:110000141badbd7', 'gameboy', 0),
	(2340, 'steam:110000141badbd7', 'keycard', 0),
	(2341, 'steam:110000141badbd7', 'stone', 0),
	(2342, 'steam:110000141badbd7', 'bolchips', 0),
	(2343, 'steam:110000141badbd7', 'bolcacahuetes', 0),
	(2344, 'steam:110000141badbd7', 'sodium_hydroxide', 0),
	(2345, 'steam:110000141badbd7', 'sodium', 0),
	(2346, 'steam:110000141badbd7', '1gbag', 0),
	(2347, 'steam:110000141badbd7', 'jusfruit', 0),
	(2348, 'steam:110000141badbd7', 'hamburger', 0),
	(2349, 'steam:110000141badbd7', 'soda', 0),
	(2350, 'steam:110000141badbd7', 'absinthe', 0),
	(2351, 'steam:110000141badbd7', 'blowtorch', 0),
	(2352, 'steam:110000141badbd7', 'gazbottle', 0),
	(2353, 'steam:110000141badbd7', 'WEAPON_PISTOL_AMMO', 0),
	(2354, 'steam:110000141badbd7', 'firstaid', 0),
	(2355, 'steam:110000141badbd7', 'sim', 0),
	(2356, 'steam:110000141badbd7', 'shotgun_shells', 0),
	(2357, 'steam:110000141badbd7', 'kastetpink', 0),
	(2358, 'steam:110000141badbd7', 'shark', 0),
	(2359, 'steam:110000141badbd7', 'scubagear', 0),
	(2360, 'steam:110000141badbd7', 'highrim', 0),
	(2361, 'steam:110000141badbd7', 'opium', 0),
	(2362, 'steam:110000141badbd7', 'rhum', 0),
	(2363, 'steam:110000141badbd7', 'sandwich', 0),
	(2364, 'steam:110000141badbd7', 'flashlight', 0),
	(2365, 'steam:110000141badbd7', 'marijuana', 0),
	(2366, 'steam:110000141badbd7', 'white_pearl', 0),
	(2367, 'steam:110000141badbd7', 'alive_chicken', 0),
	(2368, 'steam:110000141badbd7', 'rolling_paper', 0),
	(2369, 'steam:110000141badbd7', 'chips', 0),
	(2370, 'steam:110000141badbd7', 'rhumfruit', 0),
	(2371, 'steam:110000141badbd7', 'carotool', 0),
	(2372, 'steam:110000141badbd7', 'golem', 0),
	(2373, 'steam:110000141badbd7', 'gintonic', 0),
	(2374, 'steam:110000141badbd7', 'saucisson', 0),
	(2375, 'steam:110000141badbd7', 'WEAPON_ASSAULTSHOTGUN', 0),
	(2376, 'steam:110000141badbd7', 'metreshooter', 0),
	(2377, 'steam:110000141badbd7', 'poppyresin', 0),
	(2378, 'steam:110000141badbd7', 'powiekszonymagazynek', 0),
	(2379, 'steam:110000141badbd7', 'clip', 0),
	(2380, 'steam:110000141badbd7', 'WEAPON_COMBATPISTOL_AMMO', 0),
	(2381, 'steam:110000141badbd7', 'plantpot', 0),
	(2382, 'steam:110000141badbd7', 'whiskycoca', 0),
	(2383, 'steam:110000141badbd7', 'WEAPON_STUNGUN', 0),
	(2384, 'steam:110000141badbd7', 'kastetplayer', 0),
	(2385, 'steam:110000141badbd7', 'pistachio', 0),
	(2386, 'steam:110000141badbd7', 'fuse', 0),
	(2387, 'steam:110000141badbd7', 'epinephrine', 0),
	(2388, 'steam:110000141badbd7', 'packaged_chicken', 0),
	(2389, 'steam:110000141badbd7', 'cupcake', 0),
	(2390, 'steam:110000141badbd7', 'WEAPON_KNIFE', 0),
	(2391, 'steam:110000141badbd7', 'lemonade', 0),
	(2392, 'steam:110000141badbd7', 'ice', 0),
	(2393, 'steam:110000141badbd7', 'highgradefert', 0),
	(2394, 'steam:110000141badbd7', 'firstaidkit', 0),
	(2395, 'steam:110000141badbd7', 'petrol_raffin', 0),
	(2396, 'steam:110000141badbd7', 'energy', 0),
	(2397, 'steam:110000141badbd7', 'packaged_plank', 0),
	(2398, 'steam:110000141badbd7', 'adrenaline', 0),
	(2399, 'steam:110000141badbd7', 'screen', 0),
	(2400, 'steam:110000141badbd7', 'lsa', 0),
	(2401, 'steam:110000141badbd7', 'turtlebait', 0),
	(2402, 'steam:110000141badbd7', 'enginekiller', 0),
	(2403, 'steam:110000141badbd7', 'moneywash', 0),
	(2404, 'steam:110000141badbd7', 'mojito', 0),
	(2405, 'steam:110000141badbd7', 'mleko', 0),
	(2406, 'steam:110000141badbd7', 'essence', 0),
	(2407, 'steam:110000141badbd7', 'mixapero', 0),
	(2408, 'steam:110000141badbd7', 'meth', 0),
	(2409, 'steam:110000141badbd7', 'menthe', 0),
	(2410, 'steam:110000141badbd7', 'walkie_ems', 0),
	(2411, 'steam:110000141badbd7', 'fixtool', 0),
	(2412, 'steam:110000141badbd7', 'medikit', 0),
	(2413, 'steam:110000141badbd7', 'kastetpimp', 0),
	(2414, 'steam:110000141badbd7', '100gbag', 0),
	(2415, 'steam:110000141badbd7', 'martini', 0),
	(2416, 'steam:110000141badbd7', 'samsung_s8', 0),
	(2417, 'steam:110000141badbd7', 'coke_pooch', 0),
	(2418, 'steam:110000141badbd7', 'nokia_phone', 0),
	(2419, 'steam:110000141badbd7', 'beer', 0),
	(2420, 'steam:110000141badbd7', 'chemicals', 0),
	(2421, 'steam:110000141badbd7', 'WEAPON_PUMPSHOTGUN', 0),
	(2422, 'steam:110000141badbd7', 'celownikdluga', 0),
	(2423, 'steam:110000141badbd7', 'wooddlugie', 0),
	(2424, 'steam:110000141badbd7', 'water', 0),
	(2425, 'steam:110000141badbd7', 'lithium', 0),
	(2426, 'steam:110000141badbd7', 'fishbait', 0),
	(2427, 'steam:110000141badbd7', 'limonade', 0),
	(2428, 'steam:110000141badbd7', 'grand_cru', 0),
	(2429, 'steam:110000141badbd7', '10', 0),
	(2430, 'steam:110000141badbd7', 'letter', 0),
	(2431, 'steam:110000141badbd7', 'leather', 0),
	(2432, 'steam:110000141badbd7', 'platin50', 0),
	(2433, 'steam:110000141badbd7', 'drpepper', 0),
	(2434, 'steam:110000141badbd7', 'gas_pump', 0),
	(2435, 'steam:110000141badbd7', 'cutted_wood', 0),
	(2436, 'steam:110000141badbd7', 'thionyl_chloride', 0),
	(2437, 'steam:110000141badbd7', 'kastetvagos', 0),
	(2438, 'steam:110000141badbd7', 'kastethate', 0),
	(2439, 'steam:110000141badbd7', 'kastetdollar', 0),
	(2440, 'steam:110000141badbd7', 'czaszkidlugie', 0),
	(2441, 'steam:110000141badbd7', 'cchip', 0),
	(2442, 'steam:110000141badbd7', 'kastetdiament', 0),
	(2443, 'steam:110000141badbd7', 'lowradio', 0),
	(2444, 'steam:110000141badbd7', 'joint', 0),
	(2445, 'steam:110000141badbd7', 'wheel', 0),
	(2446, 'steam:110000141badbd7', 'jager', 0),
	(2447, 'steam:110000141badbd7', 'clothe', 0),
	(2448, 'steam:110000141badbd7', 'iron', 0),
	(2449, 'steam:110000141badbd7', 'icetea', 0),
	(2450, 'steam:110000141badbd7', 'holografik', 0),
	(2451, 'steam:110000141badbd7', 'cigarette', 0),
	(2452, 'steam:110000141badbd7', 'hydrochloric_acid', 0),
	(2453, 'steam:110000141badbd7', 'WEAPON_SMG', 0),
	(2454, 'steam:110000141badbd7', 'hydrocodone', 0),
	(2455, 'steam:110000141badbd7', 'whisky', 0),
	(2456, 'steam:110000141badbd7', 'WEAPON_ASSAULTRIFLE', 0),
	(2457, 'steam:110000141badbd7', 'grip', 0),
	(2458, 'steam:110000141badbd7', 'handcuffs', 0),
	(2459, 'steam:110000141badbd7', 'heroin', 0),
	(2460, 'steam:110000141badbd7', 'colis', 0),
	(2461, 'steam:110000141badbd7', 'WEAPON_AUTOSHOTGUN', 0),
	(2462, 'steam:110000141badbd7', 'WEAPON_ASSAULTSMG', 0),
	(2463, 'steam:110000141badbd7', 'rhumcoca', 0),
	(2464, 'steam:110000141badbd7', 'cannabis', 0),
	(2465, 'steam:110000141badbd7', 'hackerDevice', 0),
	(2466, 'steam:110000141badbd7', 'lockpick', 0),
	(2467, 'steam:110000141badbd7', 'grapperaisin', 0),
	(2468, 'steam:110000141badbd7', 'WEAPON_CARBINERIFLE', 0),
	(2469, 'steam:110000141badbd7', 'lighter', 0),
	(2470, 'steam:110000141badbd7', 'rollingpaper', 0),
	(2471, 'steam:110000141badbd7', 'WEAPON_COMBATPISTOL', 0),
	(2472, 'steam:110000141badbd7', 'highradio', 0),
	(2473, 'steam:110000141badbd7', 'apple_iphone', 0),
	(2474, 'steam:110000141badbd7', 'WEAPON_PISTOL', 0),
	(2475, 'steam:110000141badbd7', 'turbo', 0),
	(2476, 'steam:110000141badbd7', 'WEAPON_APPISTOL_AMMO', 0),
	(2477, 'steam:110000141badbd7', 'clutch', 0),
	(2478, 'steam:110000141badbd7', 'vicodin', 0),
	(2479, 'steam:110000141badbd7', 'cajadecangrejos', 0),
	(2480, 'steam:110000141badbd7', 'fluor_stick', 0),
	(2481, 'steam:110000141badbd7', 'boitierrgb', 0),
	(2482, 'steam:110000141badbd7', 'WEAPON_AUTOSHOTGUN_AMMO', 0),
	(2483, 'steam:110000141badbd7', 'airbag', 0),
	(2484, 'steam:110000141badbd7', 'largescope', 0),
	(2485, 'steam:110000141badbd7', 'coke', 0),
	(2486, 'steam:110000141badbd7', 'slaughtered_chicken', 0),
	(2487, 'steam:110000141badbd7', 'phone', 0),
	(2488, 'steam:110000141badbd7', 'bolnoixcajou', 0),
	(2489, 'steam:110000141badbd7', 'fabric', 0),
	(2490, 'steam:110000141badbd7', 'drugscales', 0),
	(2491, 'steam:110000141badbd7', 'drill', 0),
	(2492, 'steam:110000141badbd7', 'carokit', 0),
	(2493, 'steam:110000141badbd7', 'oxygen_mask', 0),
	(2494, 'steam:110000141badbd7', 'lsd', 0),
	(2495, 'steam:110000141badbd7', 'WEAPON_ADVANCEDRIFLE_AMMO', 0),
	(2496, 'steam:110000141badbd7', 'coca_leaf', 0),
	(2497, 'steam:110000141badbd7', '5gbag', 0),
	(2498, 'steam:110000141badbd7', 'chocolate', 0),
	(2499, 'steam:110000141badbd7', 'Suppressor', 0),
	(2500, 'steam:110000141badbd7', 'c4_bank', 0),
	(2501, 'steam:11000013f7c200c', 'turtlebait', 0),
	(2502, 'steam:11000013f7c200c', 'coca_leaf', 0),
	(2503, 'steam:11000013f7c200c', 'lsd', 0),
	(2504, 'steam:11000013f7c200c', 'grip', 0),
	(2505, 'steam:11000013f7c200c', 'adrenaline', 0),
	(2506, 'steam:11000013f7c200c', 'flashlight', 0),
	(2507, 'steam:11000013f7c200c', 'receipt', 0),
	(2508, 'steam:11000013f7c200c', 'zebradlugie', 0),
	(2509, 'steam:11000013f7c200c', 'yusuf', 0),
	(2510, 'steam:11000013f7c200c', 'screen', 0),
	(2511, 'steam:11000013f7c200c', 'slaughtered_chicken', 0),
	(2512, 'steam:11000013f7c200c', 'kastetpimp', 0),
	(2513, 'steam:11000013f7c200c', 'bandage', 0),
	(2514, 'steam:11000013f7c200c', 'medkit', 0),
	(2515, 'steam:11000013f7c200c', 'xtc', 0),
	(2516, 'steam:11000013f7c200c', 'rope', 0),
	(2517, 'steam:11000013f7c200c', 'woodheavyp', 0),
	(2518, 'steam:11000013f7c200c', 'meat', 0),
	(2519, 'steam:11000013f7c200c', 'camarones', 0),
	(2520, 'steam:11000013f7c200c', 'lowgradefert', 0),
	(2521, 'steam:11000013f7c200c', 'wooddlugie', 0),
	(2522, 'steam:11000013f7c200c', 'rolling_paper', 0),
	(2523, 'steam:11000013f7c200c', 'packaged_chicken', 0),
	(2524, 'steam:11000013f7c200c', 'wine', 0),
	(2525, 'steam:11000013f7c200c', 'electronics', 0),
	(2526, 'steam:11000013f7c200c', 'WEAPON_ADVANCEDRIFLE', 0),
	(2527, 'steam:11000013f7c200c', '50gbag', 0),
	(2528, 'steam:11000013f7c200c', 'white_pearl', 0),
	(2529, 'steam:11000013f7c200c', 'nokia_phone', 0),
	(2530, 'steam:11000013f7c200c', 'gameboy', 0),
	(2531, 'steam:11000013f7c200c', 'lowradio', 0),
	(2532, 'steam:11000013f7c200c', 'blowtorch', 0),
	(2533, 'steam:11000013f7c200c', 'vodka', 0),
	(2534, 'steam:11000013f7c200c', 'WEAPON_APPISTOL_AMMO', 0),
	(2535, 'steam:11000013f7c200c', 'cajadecangrejos', 0),
	(2536, 'steam:11000013f7c200c', 'whisky', 0),
	(2537, 'steam:11000013f7c200c', 'morphine', 0),
	(2538, 'steam:11000013f7c200c', 'cupcake', 0),
	(2539, 'steam:11000013f7c200c', 'cashew', 0),
	(2540, 'steam:11000013f7c200c', 'rollingpaper', 0),
	(2541, 'steam:11000013f7c200c', 'wheel', 0),
	(2542, 'steam:11000013f7c200c', 'gold', 0),
	(2543, 'steam:11000013f7c200c', 'essence', 0),
	(2544, 'steam:11000013f7c200c', 'tactitalmuzle', 0),
	(2545, 'steam:11000013f7c200c', 'kastetvagos', 0),
	(2546, 'steam:11000013f7c200c', 'energy', 0),
	(2547, 'steam:11000013f7c200c', 'tequila', 0),
	(2548, 'steam:11000013f7c200c', 'gps', 0),
	(2549, 'steam:11000013f7c200c', 'bolnoixcajou', 0),
	(2550, 'steam:11000013f7c200c', 'weapon_piece', 0),
	(2551, 'steam:11000013f7c200c', 'bolpistache', 0),
	(2552, 'steam:11000013f7c200c', 'drill', 0),
	(2553, 'steam:11000013f7c200c', 'mediumscope', 0),
	(2554, 'steam:11000013f7c200c', 'teqpaf', 0),
	(2555, 'steam:11000013f7c200c', 'cangrejos', 0),
	(2556, 'steam:11000013f7c200c', 'breadboard', 0),
	(2557, 'steam:11000013f7c200c', 'vodkafruit', 0),
	(2558, 'steam:11000013f7c200c', 'gintonic', 0),
	(2559, 'steam:11000013f7c200c', 'handcuffs', 0),
	(2560, 'steam:11000013f7c200c', 'walkie_ems', 0),
	(2561, 'steam:11000013f7c200c', 'vodkaenergy', 0),
	(2562, 'steam:11000013f7c200c', 'turtle', 0),
	(2563, 'steam:11000013f7c200c', 'vipskinmotyl', 0),
	(2564, 'steam:11000013f7c200c', 'vicodin', 0),
	(2565, 'steam:11000013f7c200c', 'shotgun_shells', 0),
	(2566, 'steam:11000013f7c200c', 'drpepper', 0),
	(2567, 'steam:11000013f7c200c', 'golem', 0),
	(2568, 'steam:11000013f7c200c', 'joint', 0),
	(2569, 'steam:11000013f7c200c', 'thionyl_chloride', 0),
	(2570, 'steam:11000013f7c200c', 'washed_stone', 0),
	(2571, 'steam:11000013f7c200c', 'pizza', 0),
	(2572, 'steam:11000013f7c200c', 'leather', 0),
	(2573, 'steam:11000013f7c200c', 'electronic_kit', 0),
	(2574, 'steam:11000013f7c200c', 'sulfuric_acid', 0),
	(2575, 'steam:11000013f7c200c', 'cigarette', 0),
	(2576, 'steam:11000013f7c200c', 'lithium', 0),
	(2577, 'steam:11000013f7c200c', 'chocolate', 0),
	(2578, 'steam:11000013f7c200c', 'kastetbalas', 0),
	(2579, 'steam:11000013f7c200c', 'saucisson', 0),
	(2580, 'steam:11000013f7c200c', 'WEAPON_ASSAULTSMG_AMMO', 0),
	(2581, 'steam:11000013f7c200c', 'stockrim', 0),
	(2582, 'steam:11000013f7c200c', 'steel', 0),
	(2583, 'steam:11000013f7c200c', 'fishingrod', 0),
	(2584, 'steam:11000013f7c200c', 'c4_bank', 0),
	(2585, 'steam:11000013f7c200c', '10', 0),
	(2586, 'steam:11000013f7c200c', 'WEAPON_KNIFE', 0),
	(2587, 'steam:11000013f7c200c', 'fixkit', 0),
	(2588, 'steam:11000013f7c200c', 'WEAPON_PISTOL', 0),
	(2589, 'steam:11000013f7c200c', 'clothe', 0),
	(2590, 'steam:11000013f7c200c', 'spare_parts', 0),
	(2591, 'steam:11000013f7c200c', 'kastetdollar', 0),
	(2592, 'steam:11000013f7c200c', '1gbag', 0),
	(2593, 'steam:11000013f7c200c', 'cannabis', 0),
	(2594, 'steam:11000013f7c200c', 'sodium_hydroxide', 0),
	(2595, 'steam:11000013f7c200c', 'sodium', 0),
	(2596, 'steam:11000013f7c200c', '5gbag', 0),
	(2597, 'steam:11000013f7c200c', 'boomdlugie', 0),
	(2598, 'steam:11000013f7c200c', 'soda', 0),
	(2599, 'steam:11000013f7c200c', 'carotool', 0),
	(2600, 'steam:11000013f7c200c', 'WEAPON_ASSAULTRIFLE', 0),
	(2601, 'steam:11000013f7c200c', 'colis', 0),
	(2602, 'steam:11000013f7c200c', 'WEAPON_FLASHLIGHT', 0),
	(2603, 'steam:11000013f7c200c', 'kompensator', 0),
	(2604, 'steam:11000013f7c200c', 'cocacola', 0),
	(2605, 'steam:11000013f7c200c', 'carokit', 0),
	(2606, 'steam:11000013f7c200c', 'enginekiller', 0),
	(2607, 'steam:11000013f7c200c', 'fluor_stick', 0),
	(2608, 'steam:11000013f7c200c', 'sim', 0),
	(2609, 'steam:11000013f7c200c', 'lemonade', 0),
	(2610, 'steam:11000013f7c200c', 'WEAPON_AUTOSHOTGUN', 0),
	(2611, 'steam:11000013f7c200c', 'shark', 0),
	(2612, 'steam:11000013f7c200c', 'scubagear', 0),
	(2613, 'steam:11000013f7c200c', 'hydrocodone', 0),
	(2614, 'steam:11000013f7c200c', 'cigarett', 0),
	(2615, 'steam:11000013f7c200c', 'scrap_metal', 0),
	(2616, 'steam:11000013f7c200c', 'binocular', 0),
	(2617, 'steam:11000013f7c200c', 'mleko', 0),
	(2618, 'steam:11000013f7c200c', 'sandwich', 0),
	(2619, 'steam:11000013f7c200c', 'drugscales', 0),
	(2620, 'steam:11000013f7c200c', 'clutch', 0),
	(2621, 'steam:11000013f7c200c', 'glass', 0),
	(2622, 'steam:11000013f7c200c', 'rhumfruit', 0),
	(2623, 'steam:11000013f7c200c', 'rubber', 0),
	(2624, 'steam:11000013f7c200c', 'firstaidkit', 0),
	(2625, 'steam:11000013f7c200c', 'holografik', 0),
	(2626, 'steam:11000013f7c200c', 'gazbottle', 0),
	(2627, 'steam:11000013f7c200c', 'wool', 0),
	(2628, 'steam:11000013f7c200c', 'wood', 0),
	(2629, 'steam:11000013f7c200c', 'samsung_s8', 0),
	(2630, 'steam:11000013f7c200c', 'celownikdluga', 0),
	(2631, 'steam:11000013f7c200c', 'lockpick', 0),
	(2632, 'steam:11000013f7c200c', 'rhum', 0),
	(2633, 'steam:11000013f7c200c', 'firstaid', 0),
	(2634, 'steam:11000013f7c200c', 'gas_mask', 0),
	(2635, 'steam:11000013f7c200c', 'raspberry', 0),
	(2636, 'steam:11000013f7c200c', 'powiekszonymagazynek', 0),
	(2637, 'steam:11000013f7c200c', 'cutted_wood', 0),
	(2638, 'steam:11000013f7c200c', 'jusfruit', 0),
	(2639, 'steam:11000013f7c200c', 'meth', 0),
	(2640, 'steam:11000013f7c200c', 'chemicals', 0),
	(2641, 'steam:11000013f7c200c', 'platin50', 0),
	(2642, 'steam:11000013f7c200c', 'plantpot', 0),
	(2643, 'steam:11000013f7c200c', 'syringe', 0),
	(2644, 'steam:11000013f7c200c', 'pistachio', 0),
	(2645, 'steam:11000013f7c200c', '9mm_rounds', 0),
	(2646, 'steam:11000013f7c200c', 'phone', 0),
	(2647, 'steam:11000013f7c200c', 'WEAPON_SMG', 0),
	(2648, 'steam:11000013f7c200c', 'opium', 0),
	(2649, 'steam:11000013f7c200c', 'icetea', 0),
	(2650, 'steam:11000013f7c200c', 'airbag', 0),
	(2651, 'steam:11000013f7c200c', 'WEAPON_SMG_AMMO', 0),
	(2652, 'steam:11000013f7c200c', 'WEAPON_ASSAULTSHOTGUN', 0),
	(2653, 'steam:11000013f7c200c', 'petrol', 0),
	(2654, 'steam:11000013f7c200c', 'WEAPON_ASSAULTRIFLE_AMMO', 0),
	(2655, 'steam:11000013f7c200c', 'kastetplayer', 0),
	(2656, 'steam:11000013f7c200c', 'fabric', 0),
	(2657, 'steam:11000013f7c200c', 'oxygen_mask', 0),
	(2658, 'steam:11000013f7c200c', 'WEAPON_PUMPSHOTGUN', 0),
	(2659, 'steam:11000013f7c200c', 'stone', 0),
	(2660, 'steam:11000013f7c200c', 'hamburger', 0),
	(2661, 'steam:11000013f7c200c', 'coke_pooch', 0),
	(2662, 'steam:11000013f7c200c', 'moneywash', 1),
	(2663, 'steam:11000013f7c200c', 'mojito', 0),
	(2664, 'steam:11000013f7c200c', 'mixapero', 0),
	(2665, 'steam:11000013f7c200c', 'metreshooter', 0),
	(2666, 'steam:11000013f7c200c', 'coke', 0),
	(2667, 'steam:11000013f7c200c', 'epinephrine', 0),
	(2668, 'steam:11000013f7c200c', 'poppyresin', 0),
	(2669, 'steam:11000013f7c200c', 'menthe', 0),
	(2670, 'steam:11000013f7c200c', 'kastetdiament', 0),
	(2671, 'steam:11000013f7c200c', 'water', 0),
	(2672, 'steam:11000013f7c200c', 'adrenaline_shot', 0),
	(2673, 'steam:11000013f7c200c', 'bread', 0),
	(2674, 'steam:11000013f7c200c', 'medikit', 0),
	(2675, 'steam:11000013f7c200c', 'martini', 0),
	(2676, 'steam:11000013f7c200c', 'moneywashid', 0),
	(2677, 'steam:11000013f7c200c', 'alive_chicken', 0),
	(2678, 'steam:11000013f7c200c', 'whiskycoca', 0),
	(2679, 'steam:11000013f7c200c', 'advancedlockpick', 0),
	(2680, 'steam:11000013f7c200c', 'WEAPON_AUTOSHOTGUN_AMMO', 0),
	(2681, 'steam:11000013f7c200c', 'rhumcoca', 0),
	(2682, 'steam:11000013f7c200c', 'limonade', 0),
	(2683, 'steam:11000013f7c200c', 'WEAPON_CARBINERIFLE', 0),
	(2684, 'steam:11000013f7c200c', 'boitierrgb', 0),
	(2685, 'steam:11000013f7c200c', 'letter', 0),
	(2686, 'steam:11000013f7c200c', 'sunglasses', 0),
	(2687, 'steam:11000013f7c200c', 'largescope', 0),
	(2688, 'steam:11000013f7c200c', 'keycard', 0),
	(2689, 'steam:11000013f7c200c', 'kastetpink', 0),
	(2690, 'steam:11000013f7c200c', 'clip', 0),
	(2691, 'steam:11000013f7c200c', 'cajadecamarones', 0),
	(2692, 'steam:11000013f7c200c', 'WEAPON_ASSAULTSHOTGUN_AMMO', 0),
	(2693, 'steam:11000013f7c200c', 'jewels', 0),
	(2694, 'steam:11000013f7c200c', 'jagercerbere', 0),
	(2695, 'steam:11000013f7c200c', 'coffe', 0),
	(2696, 'steam:11000013f7c200c', 'petrol_raffin', 0),
	(2697, 'steam:11000013f7c200c', 'jager', 0),
	(2698, 'steam:11000013f7c200c', 'iron', 0),
	(2699, 'steam:11000013f7c200c', 'bulletproof', 0),
	(2700, 'steam:11000013f7c200c', 'ice', 0),
	(2701, 'steam:11000013f7c200c', 'walkie_lspd', 0),
	(2702, 'steam:11000013f7c200c', 'highrim', 0),
	(2703, 'steam:11000013f7c200c', 'marijuana', 0),
	(2704, 'steam:11000013f7c200c', 'MountedScope', 0),
	(2705, 'steam:11000013f7c200c', 'beer', 0),
	(2706, 'steam:11000013f7c200c', 'highgradefert', 0),
	(2707, 'steam:11000013f7c200c', '100gbag', 0),
	(2708, 'steam:11000013f7c200c', 'apple_iphone', 0),
	(2709, 'steam:11000013f7c200c', 'chips', 0),
	(2710, 'steam:11000013f7c200c', 'highradio', 0),
	(2711, 'steam:11000013f7c200c', 'chemicalslisence', 0),
	(2712, 'steam:11000013f7c200c', 'WEAPON_ASSAULTSMG', 0),
	(2713, 'steam:11000013f7c200c', 'hackerDevice', 0),
	(2714, 'steam:11000013f7c200c', 'grapperaisin', 0),
	(2715, 'steam:11000013f7c200c', 'bolcacahuetes', 0),
	(2716, 'steam:11000013f7c200c', 'fixtool', 0),
	(2717, 'steam:11000013f7c200c', 'gauze', 0),
	(2718, 'steam:11000013f7c200c', 'heroin', 0),
	(2719, 'steam:11000013f7c200c', 'fish', 0),
	(2720, 'steam:11000013f7c200c', 'turbo', 0),
	(2721, 'steam:11000013f7c200c', 'WEAPON_BAT', 0),
	(2722, 'steam:11000013f7c200c', 'champagne', 0),
	(2723, 'steam:11000013f7c200c', 'WEAPON_PUMPSHOTGUN_AMMO', 0),
	(2724, 'steam:11000013f7c200c', 'bolchips', 0),
	(2725, 'steam:11000013f7c200c', 'WEAPON_PISTOL_AMMO', 0),
	(2726, 'steam:11000013f7c200c', 'hydrochloric_acid', 0),
	(2727, 'steam:11000013f7c200c', 'WEAPON_APPISTOL', 0),
	(2728, 'steam:11000013f7c200c', 'fuse', 0),
	(2729, 'steam:11000013f7c200c', 'WEAPON_ADVANCEDRIFLE_AMMO', 0),
	(2730, 'steam:11000013f7c200c', 'WEAPON_CARBINERIFLE_AMMO', 0),
	(2731, 'steam:11000013f7c200c', 'gas_pump', 0),
	(2732, 'steam:11000013f7c200c', 'kastethate', 0),
	(2733, 'steam:11000013f7c200c', 'grand_cru', 0),
	(2734, 'steam:11000013f7c200c', 'battery', 0),
	(2735, 'steam:11000013f7c200c', 'fishbait', 0),
	(2736, 'steam:11000013f7c200c', 'cchip', 0),
	(2737, 'steam:11000013f7c200c', 'lsa', 0),
	(2738, 'steam:11000013f7c200c', 'czaszkidlugie', 0),
	(2739, 'steam:11000013f7c200c', 'jagerbomb', 0),
	(2740, 'steam:11000013f7c200c', 'copper', 0),
	(2741, 'steam:11000013f7c200c', 'WEAPON_STUNGUN', 0),
	(2742, 'steam:11000013f7c200c', 'packaged_plank', 0),
	(2743, 'steam:11000013f7c200c', 'blowpipe', 0),
	(2744, 'steam:11000013f7c200c', 'WEAPON_COMBATPISTOL', 0),
	(2745, 'steam:11000013f7c200c', 'casio_watch', 0),
	(2746, 'steam:11000013f7c200c', 'absinthe', 0),
	(2747, 'steam:11000013f7c200c', 'acetone', 0),
	(2748, 'steam:11000013f7c200c', 'WEAPON_COMBATPISTOL_AMMO', 0),
	(2749, 'steam:11000013f7c200c', 'lighter', 0),
	(2750, 'steam:11000013f7c200c', 'Suppressor', 0),
	(2751, 'steam:11000013643f404', 'turtlebait', 0),
	(2752, 'steam:11000013643f404', 'coca_leaf', 0),
	(2753, 'steam:11000013643f404', 'lsd', 0),
	(2754, 'steam:11000013643f404', 'grip', 0),
	(2755, 'steam:11000013643f404', 'adrenaline', 0),
	(2756, 'steam:11000013643f404', 'flashlight', 0),
	(2757, 'steam:11000013643f404', 'receipt', 0),
	(2758, 'steam:11000013643f404', 'zebradlugie', 0),
	(2759, 'steam:11000013643f404', 'yusuf', 0),
	(2760, 'steam:11000013643f404', 'screen', 0),
	(2761, 'steam:11000013643f404', 'slaughtered_chicken', 0),
	(2762, 'steam:11000013643f404', 'kastetpimp', 0),
	(2763, 'steam:11000013643f404', 'bandage', 0),
	(2764, 'steam:11000013643f404', 'medkit', 0),
	(2765, 'steam:11000013643f404', 'xtc', 0),
	(2766, 'steam:11000013643f404', 'rope', 0),
	(2767, 'steam:11000013643f404', 'woodheavyp', 0),
	(2768, 'steam:11000013643f404', 'meat', 0),
	(2769, 'steam:11000013643f404', 'camarones', 0),
	(2770, 'steam:11000013643f404', 'lowgradefert', 0),
	(2771, 'steam:11000013643f404', 'wooddlugie', 0),
	(2772, 'steam:11000013643f404', 'rolling_paper', 0),
	(2773, 'steam:11000013643f404', 'packaged_chicken', 0),
	(2774, 'steam:11000013643f404', 'wine', 0),
	(2775, 'steam:11000013643f404', 'electronics', 0),
	(2776, 'steam:11000013643f404', 'WEAPON_ADVANCEDRIFLE', 0),
	(2777, 'steam:11000013643f404', '50gbag', 0),
	(2778, 'steam:11000013643f404', 'white_pearl', 0),
	(2779, 'steam:11000013643f404', 'nokia_phone', 0),
	(2780, 'steam:11000013643f404', 'gameboy', 0),
	(2781, 'steam:11000013643f404', 'lowradio', 0),
	(2782, 'steam:11000013643f404', 'blowtorch', 0),
	(2783, 'steam:11000013643f404', 'vodka', 0),
	(2784, 'steam:11000013643f404', 'WEAPON_APPISTOL_AMMO', 0),
	(2785, 'steam:11000013643f404', 'cajadecangrejos', 0),
	(2786, 'steam:11000013643f404', 'whisky', 0),
	(2787, 'steam:11000013643f404', 'morphine', 0),
	(2788, 'steam:11000013643f404', 'cupcake', 3),
	(2789, 'steam:11000013643f404', 'cashew', 0),
	(2790, 'steam:11000013643f404', 'rollingpaper', 0),
	(2791, 'steam:11000013643f404', 'wheel', 0),
	(2792, 'steam:11000013643f404', 'gold', 0),
	(2793, 'steam:11000013643f404', 'essence', 0),
	(2794, 'steam:11000013643f404', 'tactitalmuzle', 0),
	(2795, 'steam:11000013643f404', 'kastetvagos', 0),
	(2796, 'steam:11000013643f404', 'energy', 0),
	(2797, 'steam:11000013643f404', 'tequila', 0),
	(2798, 'steam:11000013643f404', 'gps', 0),
	(2799, 'steam:11000013643f404', 'bolnoixcajou', 0),
	(2800, 'steam:11000013643f404', 'weapon_piece', 0),
	(2801, 'steam:11000013643f404', 'bolpistache', 0),
	(2802, 'steam:11000013643f404', 'drill', 0),
	(2803, 'steam:11000013643f404', 'mediumscope', 0),
	(2804, 'steam:11000013643f404', 'teqpaf', 0),
	(2805, 'steam:11000013643f404', 'cangrejos', 0),
	(2806, 'steam:11000013643f404', 'breadboard', 0),
	(2807, 'steam:11000013643f404', 'vodkafruit', 0),
	(2808, 'steam:11000013643f404', 'gintonic', 0),
	(2809, 'steam:11000013643f404', 'handcuffs', 0),
	(2810, 'steam:11000013643f404', 'walkie_ems', 0),
	(2811, 'steam:11000013643f404', 'vodkaenergy', 0),
	(2812, 'steam:11000013643f404', 'turtle', 0),
	(2813, 'steam:11000013643f404', 'vipskinmotyl', 0),
	(2814, 'steam:11000013643f404', 'vicodin', 0),
	(2815, 'steam:11000013643f404', 'shotgun_shells', 0),
	(2816, 'steam:11000013643f404', 'drpepper', 0),
	(2817, 'steam:11000013643f404', 'golem', 0),
	(2818, 'steam:11000013643f404', 'joint', 0),
	(2819, 'steam:11000013643f404', 'thionyl_chloride', 0),
	(2820, 'steam:11000013643f404', 'washed_stone', 0),
	(2821, 'steam:11000013643f404', 'pizza', 0),
	(2822, 'steam:11000013643f404', 'leather', 0),
	(2823, 'steam:11000013643f404', 'electronic_kit', 0),
	(2824, 'steam:11000013643f404', 'sulfuric_acid', 5),
	(2825, 'steam:11000013643f404', 'cigarette', 4),
	(2826, 'steam:11000013643f404', 'lithium', 0),
	(2827, 'steam:11000013643f404', 'chocolate', 0),
	(2828, 'steam:11000013643f404', 'kastetbalas', 0),
	(2829, 'steam:11000013643f404', 'saucisson', 0),
	(2830, 'steam:11000013643f404', 'WEAPON_ASSAULTSMG_AMMO', 0),
	(2831, 'steam:11000013643f404', 'stockrim', 0),
	(2832, 'steam:11000013643f404', 'steel', 0),
	(2833, 'steam:11000013643f404', 'fishingrod', 0),
	(2834, 'steam:11000013643f404', 'c4_bank', 0),
	(2835, 'steam:11000013643f404', '10', 0),
	(2836, 'steam:11000013643f404', 'WEAPON_KNIFE', 0),
	(2837, 'steam:11000013643f404', 'fixkit', 0),
	(2838, 'steam:11000013643f404', 'WEAPON_PISTOL', 0),
	(2839, 'steam:11000013643f404', 'clothe', 0),
	(2840, 'steam:11000013643f404', 'spare_parts', 0),
	(2841, 'steam:11000013643f404', 'kastetdollar', 0),
	(2842, 'steam:11000013643f404', '1gbag', 0),
	(2843, 'steam:11000013643f404', 'cannabis', 1),
	(2844, 'steam:11000013643f404', 'sodium_hydroxide', 0),
	(2845, 'steam:11000013643f404', 'sodium', 0),
	(2846, 'steam:11000013643f404', '5gbag', 0),
	(2847, 'steam:11000013643f404', 'boomdlugie', 0),
	(2848, 'steam:11000013643f404', 'soda', 0),
	(2849, 'steam:11000013643f404', 'carotool', 0),
	(2850, 'steam:11000013643f404', 'WEAPON_ASSAULTRIFLE', 0),
	(2851, 'steam:11000013643f404', 'colis', 0),
	(2852, 'steam:11000013643f404', 'WEAPON_FLASHLIGHT', 0),
	(2853, 'steam:11000013643f404', 'kompensator', 0),
	(2854, 'steam:11000013643f404', 'cocacola', 0),
	(2855, 'steam:11000013643f404', 'carokit', 0),
	(2856, 'steam:11000013643f404', 'enginekiller', 0),
	(2857, 'steam:11000013643f404', 'fluor_stick', 0),
	(2858, 'steam:11000013643f404', 'sim', 0),
	(2859, 'steam:11000013643f404', 'lemonade', 0),
	(2860, 'steam:11000013643f404', 'WEAPON_AUTOSHOTGUN', 0),
	(2861, 'steam:11000013643f404', 'shark', 0),
	(2862, 'steam:11000013643f404', 'scubagear', 0),
	(2863, 'steam:11000013643f404', 'hydrocodone', 0),
	(2864, 'steam:11000013643f404', 'cigarett', 0),
	(2865, 'steam:11000013643f404', 'scrap_metal', 0),
	(2866, 'steam:11000013643f404', 'binocular', 0),
	(2867, 'steam:11000013643f404', 'mleko', 0),
	(2868, 'steam:11000013643f404', 'sandwich', 3),
	(2869, 'steam:11000013643f404', 'drugscales', 0),
	(2870, 'steam:11000013643f404', 'clutch', 0),
	(2871, 'steam:11000013643f404', 'glass', 0),
	(2872, 'steam:11000013643f404', 'rhumfruit', 0),
	(2873, 'steam:11000013643f404', 'rubber', 0),
	(2874, 'steam:11000013643f404', 'firstaidkit', 0),
	(2875, 'steam:11000013643f404', 'holografik', 0),
	(2876, 'steam:11000013643f404', 'gazbottle', 0),
	(2877, 'steam:11000013643f404', 'wool', 0),
	(2878, 'steam:11000013643f404', 'wood', 0),
	(2879, 'steam:11000013643f404', 'samsung_s8', 0),
	(2880, 'steam:11000013643f404', 'celownikdluga', 0),
	(2881, 'steam:11000013643f404', 'lockpick', 0),
	(2882, 'steam:11000013643f404', 'rhum', 0),
	(2883, 'steam:11000013643f404', 'firstaid', 0),
	(2884, 'steam:11000013643f404', 'gas_mask', 0),
	(2885, 'steam:11000013643f404', 'raspberry', 0),
	(2886, 'steam:11000013643f404', 'powiekszonymagazynek', 0),
	(2887, 'steam:11000013643f404', 'cutted_wood', 0),
	(2888, 'steam:11000013643f404', 'jusfruit', 0),
	(2889, 'steam:11000013643f404', 'meth', 0),
	(2890, 'steam:11000013643f404', 'chemicals', 0),
	(2891, 'steam:11000013643f404', 'platin50', 0),
	(2892, 'steam:11000013643f404', 'plantpot', 0),
	(2893, 'steam:11000013643f404', 'syringe', 0),
	(2894, 'steam:11000013643f404', 'pistachio', 0),
	(2895, 'steam:11000013643f404', '9mm_rounds', 0),
	(2896, 'steam:11000013643f404', 'phone', 1),
	(2897, 'steam:11000013643f404', 'WEAPON_SMG', 0),
	(2898, 'steam:11000013643f404', 'opium', 0),
	(2899, 'steam:11000013643f404', 'icetea', 2),
	(2900, 'steam:11000013643f404', 'airbag', 0),
	(2901, 'steam:11000013643f404', 'WEAPON_SMG_AMMO', 0),
	(2902, 'steam:11000013643f404', 'WEAPON_ASSAULTSHOTGUN', 0),
	(2903, 'steam:11000013643f404', 'petrol', 0),
	(2904, 'steam:11000013643f404', 'WEAPON_ASSAULTRIFLE_AMMO', 0),
	(2905, 'steam:11000013643f404', 'kastetplayer', 0),
	(2906, 'steam:11000013643f404', 'fabric', 0),
	(2907, 'steam:11000013643f404', 'oxygen_mask', 0),
	(2908, 'steam:11000013643f404', 'WEAPON_PUMPSHOTGUN', 0),
	(2909, 'steam:11000013643f404', 'stone', 0),
	(2910, 'steam:11000013643f404', 'hamburger', 3),
	(2911, 'steam:11000013643f404', 'coke_pooch', 0),
	(2912, 'steam:11000013643f404', 'moneywash', 0),
	(2913, 'steam:11000013643f404', 'mojito', 0),
	(2914, 'steam:11000013643f404', 'mixapero', 0),
	(2915, 'steam:11000013643f404', 'metreshooter', 0),
	(2916, 'steam:11000013643f404', 'coke', 0),
	(2917, 'steam:11000013643f404', 'epinephrine', 0),
	(2918, 'steam:11000013643f404', 'poppyresin', 1),
	(2919, 'steam:11000013643f404', 'menthe', 0),
	(2920, 'steam:11000013643f404', 'kastetdiament', 0),
	(2921, 'steam:11000013643f404', 'water', 2),
	(2922, 'steam:11000013643f404', 'adrenaline_shot', 0),
	(2923, 'steam:11000013643f404', 'bread', 0),
	(2924, 'steam:11000013643f404', 'medikit', 0),
	(2925, 'steam:11000013643f404', 'martini', 0),
	(2926, 'steam:11000013643f404', 'moneywashid', 0),
	(2927, 'steam:11000013643f404', 'alive_chicken', 0),
	(2928, 'steam:11000013643f404', 'whiskycoca', 0),
	(2929, 'steam:11000013643f404', 'advancedlockpick', 0),
	(2930, 'steam:11000013643f404', 'WEAPON_AUTOSHOTGUN_AMMO', 0),
	(2931, 'steam:11000013643f404', 'rhumcoca', 0),
	(2932, 'steam:11000013643f404', 'limonade', 0),
	(2933, 'steam:11000013643f404', 'WEAPON_CARBINERIFLE', 0),
	(2934, 'steam:11000013643f404', 'boitierrgb', 0),
	(2935, 'steam:11000013643f404', 'letter', 0),
	(2936, 'steam:11000013643f404', 'sunglasses', 0),
	(2937, 'steam:11000013643f404', 'largescope', 0),
	(2938, 'steam:11000013643f404', 'keycard', 0),
	(2939, 'steam:11000013643f404', 'kastetpink', 0),
	(2940, 'steam:11000013643f404', 'clip', 0),
	(2941, 'steam:11000013643f404', 'cajadecamarones', 0),
	(2942, 'steam:11000013643f404', 'WEAPON_ASSAULTSHOTGUN_AMMO', 0),
	(2943, 'steam:11000013643f404', 'jewels', 0),
	(2944, 'steam:11000013643f404', 'jagercerbere', 0),
	(2945, 'steam:11000013643f404', 'coffe', 2),
	(2946, 'steam:11000013643f404', 'petrol_raffin', 0),
	(2947, 'steam:11000013643f404', 'jager', 0),
	(2948, 'steam:11000013643f404', 'iron', 0),
	(2949, 'steam:11000013643f404', 'bulletproof', 0),
	(2950, 'steam:11000013643f404', 'ice', 0),
	(2951, 'steam:11000013643f404', 'walkie_lspd', 0),
	(2952, 'steam:11000013643f404', 'highrim', 0),
	(2953, 'steam:11000013643f404', 'marijuana', 0),
	(2954, 'steam:11000013643f404', 'MountedScope', 0),
	(2955, 'steam:11000013643f404', 'beer', 0),
	(2956, 'steam:11000013643f404', 'highgradefert', 0),
	(2957, 'steam:11000013643f404', '100gbag', 0),
	(2958, 'steam:11000013643f404', 'apple_iphone', 0),
	(2959, 'steam:11000013643f404', 'chips', 3),
	(2960, 'steam:11000013643f404', 'highradio', 0),
	(2961, 'steam:11000013643f404', 'chemicalslisence', 0),
	(2962, 'steam:11000013643f404', 'WEAPON_ASSAULTSMG', 0),
	(2963, 'steam:11000013643f404', 'hackerDevice', 0),
	(2964, 'steam:11000013643f404', 'grapperaisin', 0),
	(2965, 'steam:11000013643f404', 'bolcacahuetes', 0),
	(2966, 'steam:11000013643f404', 'fixtool', 0),
	(2967, 'steam:11000013643f404', 'gauze', 0),
	(2968, 'steam:11000013643f404', 'heroin', 0),
	(2969, 'steam:11000013643f404', 'fish', 0),
	(2970, 'steam:11000013643f404', 'turbo', 0),
	(2971, 'steam:11000013643f404', 'WEAPON_BAT', 0),
	(2972, 'steam:11000013643f404', 'champagne', 0),
	(2973, 'steam:11000013643f404', 'WEAPON_PUMPSHOTGUN_AMMO', 0),
	(2974, 'steam:11000013643f404', 'bolchips', 0),
	(2975, 'steam:11000013643f404', 'WEAPON_PISTOL_AMMO', 0),
	(2976, 'steam:11000013643f404', 'hydrochloric_acid', 0),
	(2977, 'steam:11000013643f404', 'WEAPON_APPISTOL', 0),
	(2978, 'steam:11000013643f404', 'fuse', 0),
	(2979, 'steam:11000013643f404', 'WEAPON_ADVANCEDRIFLE_AMMO', 0),
	(2980, 'steam:11000013643f404', 'WEAPON_CARBINERIFLE_AMMO', 0),
	(2981, 'steam:11000013643f404', 'gas_pump', 0),
	(2982, 'steam:11000013643f404', 'kastethate', 0),
	(2983, 'steam:11000013643f404', 'grand_cru', 0),
	(2984, 'steam:11000013643f404', 'battery', 0),
	(2985, 'steam:11000013643f404', 'fishbait', 0),
	(2986, 'steam:11000013643f404', 'cchip', 0),
	(2987, 'steam:11000013643f404', 'lsa', 0),
	(2988, 'steam:11000013643f404', 'czaszkidlugie', 0),
	(2989, 'steam:11000013643f404', 'jagerbomb', 0),
	(2990, 'steam:11000013643f404', 'copper', 0),
	(2991, 'steam:11000013643f404', 'WEAPON_STUNGUN', 0),
	(2992, 'steam:11000013643f404', 'packaged_plank', 0),
	(2993, 'steam:11000013643f404', 'blowpipe', 0),
	(2994, 'steam:11000013643f404', 'WEAPON_COMBATPISTOL', 0),
	(2995, 'steam:11000013643f404', 'casio_watch', 0),
	(2996, 'steam:11000013643f404', 'absinthe', 0),
	(2997, 'steam:11000013643f404', 'acetone', 0),
	(2998, 'steam:11000013643f404', 'WEAPON_COMBATPISTOL_AMMO', 0),
	(2999, 'steam:11000013643f404', 'lighter', 0),
	(3000, 'steam:11000013643f404', 'Suppressor', 0),
	(3001, 'steam:11000013c71edd7', 'metreshooter', 0),
	(3002, 'steam:11000013c71edd7', 'tequila', 0),
	(3003, 'steam:11000013c71edd7', 'WEAPON_ASSAULTRIFLE', 0),
	(3004, 'steam:11000013c71edd7', 'kompensator', 0),
	(3005, 'steam:11000013c71edd7', 'hackerDevice', 0),
	(3006, 'steam:11000013c71edd7', 'beer', 0),
	(3007, 'steam:11000013c71edd7', 'moneywash', 0),
	(3008, 'steam:11000013c71edd7', 'enginekiller', 0),
	(3009, 'steam:11000013c71edd7', 'clothe', 0),
	(3010, 'steam:11000013c71edd7', 'zebradlugie', 0),
	(3011, 'steam:11000013c71edd7', 'yusuf', 0),
	(3012, 'steam:11000013c71edd7', 'iron', 0),
	(3013, 'steam:11000013c71edd7', 'xtc', 0),
	(3014, 'steam:11000013c71edd7', 'steel', 0),
	(3015, 'steam:11000013c71edd7', 'wool', 0),
	(3016, 'steam:11000013c71edd7', 'syringe', 0),
	(3017, 'steam:11000013c71edd7', 'limonade', 0),
	(3018, 'steam:11000013c71edd7', 'stockrim', 0),
	(3019, 'steam:11000013c71edd7', 'cajadecangrejos', 0),
	(3020, 'steam:11000013c71edd7', 'whisky', 0),
	(3021, 'steam:11000013c71edd7', 'wood', 0),
	(3022, 'steam:11000013c71edd7', 'wine', 0),
	(3023, 'steam:11000013c71edd7', 'spare_parts', 0),
	(3024, 'steam:11000013c71edd7', 'whiskycoca', 0),
	(3025, 'steam:11000013c71edd7', 'wooddlugie', 0),
	(3026, 'steam:11000013c71edd7', 'wheel', 0),
	(3027, 'steam:11000013c71edd7', 'weapon_piece', 0),
	(3028, 'steam:11000013c71edd7', 'water', 5),
	(3029, 'steam:11000013c71edd7', 'washed_stone', 0),
	(3030, 'steam:11000013c71edd7', 'lowradio', 0),
	(3031, 'steam:11000013c71edd7', 'c4_bank', 0),
	(3032, 'steam:11000013c71edd7', 'WEAPON_ADVANCEDRIFLE', 0),
	(3033, 'steam:11000013c71edd7', 'walkie_lspd', 0),
	(3034, 'steam:11000013c71edd7', 'bandage', 0),
	(3035, 'steam:11000013c71edd7', 'cigarett', 0),
	(3036, 'steam:11000013c71edd7', 'walkie_ems', 0),
	(3037, 'steam:11000013c71edd7', 'vodkafruit', 0),
	(3038, 'steam:11000013c71edd7', 'blowtorch', 0),
	(3039, 'steam:11000013c71edd7', 'rope', 0),
	(3040, 'steam:11000013c71edd7', 'vodkaenergy', 0),
	(3041, 'steam:11000013c71edd7', 'vodka', 0),
	(3042, 'steam:11000013c71edd7', 'vipskinmotyl', 0),
	(3043, 'steam:11000013c71edd7', 'camarones', 0),
	(3044, 'steam:11000013c71edd7', 'turtle', 0),
	(3045, 'steam:11000013c71edd7', 'turtlebait', 0),
	(3046, 'steam:11000013c71edd7', 'poppyresin', 0),
	(3047, 'steam:11000013c71edd7', 'grip', 0),
	(3048, 'steam:11000013c71edd7', 'hydrochloric_acid', 0),
	(3049, 'steam:11000013c71edd7', 'leather', 0),
	(3050, 'steam:11000013c71edd7', 'keycard', 0),
	(3051, 'steam:11000013c71edd7', 'vicodin', 0),
	(3052, 'steam:11000013c71edd7', 'firstaid', 0),
	(3053, 'steam:11000013c71edd7', 'turbo', 0),
	(3054, 'steam:11000013c71edd7', 'thionyl_chloride', 0),
	(3055, 'steam:11000013c71edd7', 'oxygen_mask', 0),
	(3056, 'steam:11000013c71edd7', 'teqpaf', 0),
	(3057, 'steam:11000013c71edd7', 'chemicals', 0),
	(3058, 'steam:11000013c71edd7', 'mixapero', 0),
	(3059, 'steam:11000013c71edd7', 'tactitalmuzle', 0),
	(3060, 'steam:11000013c71edd7', 'sunglasses', 0),
	(3061, 'steam:11000013c71edd7', 'phone', 1),
	(3062, 'steam:11000013c71edd7', 'sulfuric_acid', 0),
	(3063, 'steam:11000013c71edd7', 'stone', 0),
	(3064, 'steam:11000013c71edd7', 'white_pearl', 0),
	(3065, 'steam:11000013c71edd7', 'moneywashid', 0),
	(3066, 'steam:11000013c71edd7', 'alive_chicken', 0),
	(3067, 'steam:11000013c71edd7', 'kastetbalas', 0),
	(3068, 'steam:11000013c71edd7', 'meth', 0),
	(3069, 'steam:11000013c71edd7', 'epinephrine', 0),
	(3070, 'steam:11000013c71edd7', 'cajadecamarones', 0),
	(3071, 'steam:11000013c71edd7', 'advancedlockpick', 0),
	(3072, 'steam:11000013c71edd7', 'sodium', 0),
	(3073, 'steam:11000013c71edd7', 'hamburger', 0),
	(3074, 'steam:11000013c71edd7', 'slaughtered_chicken', 0),
	(3075, 'steam:11000013c71edd7', 'sim', 0),
	(3076, 'steam:11000013c71edd7', 'Suppressor', 0),
	(3077, 'steam:11000013c71edd7', 'martini', 0),
	(3078, 'steam:11000013c71edd7', '10', 0),
	(3079, 'steam:11000013c71edd7', 'mleko', 0),
	(3080, 'steam:11000013c71edd7', 'scubagear', 0),
	(3081, 'steam:11000013c71edd7', 'glass', 0),
	(3082, 'steam:11000013c71edd7', 'drpepper', 0),
	(3083, 'steam:11000013c71edd7', 'nokia_phone', 0),
	(3084, 'steam:11000013c71edd7', 'WEAPON_APPISTOL_AMMO', 0),
	(3085, 'steam:11000013c71edd7', 'cashew', 0),
	(3086, 'steam:11000013c71edd7', 'petrol', 0),
	(3087, 'steam:11000013c71edd7', 'bolnoixcajou', 0),
	(3088, 'steam:11000013c71edd7', 'saucisson', 0),
	(3089, 'steam:11000013c71edd7', 'kastetdollar', 0),
	(3090, 'steam:11000013c71edd7', 'jager', 0),
	(3091, 'steam:11000013c71edd7', 'sandwich', 5),
	(3092, 'steam:11000013c71edd7', 'WEAPON_ASSAULTSMG', 0),
	(3093, 'steam:11000013c71edd7', 'drugscales', 0),
	(3094, 'steam:11000013c71edd7', 'woodheavyp', 0),
	(3095, 'steam:11000013c71edd7', 'chocolate', 0),
	(3096, 'steam:11000013c71edd7', 'rubber', 0),
	(3097, 'steam:11000013c71edd7', 'rollingpaper', 0),
	(3098, 'steam:11000013c71edd7', '9mm_rounds', 0),
	(3099, 'steam:11000013c71edd7', 'acetone', 0),
	(3100, 'steam:11000013c71edd7', 'adrenaline', 0),
	(3101, 'steam:11000013c71edd7', 'boomdlugie', 0),
	(3102, 'steam:11000013c71edd7', 'flashlight', 0),
	(3103, 'steam:11000013c71edd7', 'rhumfruit', 0),
	(3104, 'steam:11000013c71edd7', 'kastetpimp', 0),
	(3105, 'steam:11000013c71edd7', 'WEAPON_KNIFE', 0),
	(3106, 'steam:11000013c71edd7', 'carotool', 0),
	(3107, 'steam:11000013c71edd7', '1gbag', 0),
	(3108, 'steam:11000013c71edd7', 'bolcacahuetes', 0),
	(3109, 'steam:11000013c71edd7', 'cchip', 0),
	(3110, 'steam:11000013c71edd7', 'rhum', 0),
	(3111, 'steam:11000013c71edd7', 'bulletproof', 0),
	(3112, 'steam:11000013c71edd7', 'cangrejos', 0),
	(3113, 'steam:11000013c71edd7', 'receipt', 0),
	(3114, 'steam:11000013c71edd7', 'raspberry', 0),
	(3115, 'steam:11000013c71edd7', 'electronics', 0),
	(3116, 'steam:11000013c71edd7', 'WEAPON_ASSAULTSHOTGUN_AMMO', 0),
	(3117, 'steam:11000013c71edd7', 'platin50', 0),
	(3118, 'steam:11000013c71edd7', 'rolling_paper', 0),
	(3119, 'steam:11000013c71edd7', '5gbag', 0),
	(3120, 'steam:11000013c71edd7', 'WEAPON_COMBATPISTOL', 0),
	(3121, 'steam:11000013c71edd7', 'coffe', 0),
	(3122, 'steam:11000013c71edd7', 'pizza', 0),
	(3123, 'steam:11000013c71edd7', 'pistachio', 0),
	(3124, 'steam:11000013c71edd7', 'colis', 0),
	(3125, 'steam:11000013c71edd7', 'WEAPON_AUTOSHOTGUN', 0),
	(3126, 'steam:11000013c71edd7', 'petrol_raffin', 0),
	(3127, 'steam:11000013c71edd7', 'WEAPON_ASSAULTRIFLE_AMMO', 0),
	(3128, 'steam:11000013c71edd7', 'fabric', 0),
	(3129, 'steam:11000013c71edd7', 'scrap_metal', 0),
	(3130, 'steam:11000013c71edd7', 'packaged_plank', 0),
	(3131, 'steam:11000013c71edd7', 'gold', 0),
	(3132, 'steam:11000013c71edd7', 'chips', 0),
	(3133, 'steam:11000013c71edd7', 'packaged_chicken', 0),
	(3134, 'steam:11000013c71edd7', 'absinthe', 0),
	(3135, 'steam:11000013c71edd7', 'airbag', 0),
	(3136, 'steam:11000013c71edd7', 'opium', 0),
	(3137, 'steam:11000013c71edd7', 'golem', 0),
	(3138, 'steam:11000013c71edd7', 'WEAPON_PISTOL_AMMO', 0),
	(3139, 'steam:11000013c71edd7', 'drill', 0),
	(3140, 'steam:11000013c71edd7', 'lithium', 0),
	(3141, 'steam:11000013c71edd7', 'coke', 0),
	(3142, 'steam:11000013c71edd7', 'lemonade', 0),
	(3143, 'steam:11000013c71edd7', 'powiekszonymagazynek', 0),
	(3144, 'steam:11000013c71edd7', 'lowgradefert', 0),
	(3145, 'steam:11000013c71edd7', 'shark', 0),
	(3146, 'steam:11000013c71edd7', 'menthe', 0),
	(3147, 'steam:11000013c71edd7', 'gameboy', 0),
	(3148, 'steam:11000013c71edd7', '50gbag', 0),
	(3149, 'steam:11000013c71edd7', 'icetea', 0),
	(3150, 'steam:11000013c71edd7', 'mediumscope', 0),
	(3151, 'steam:11000013c71edd7', 'letter', 0),
	(3152, 'steam:11000013c71edd7', 'WEAPON_BAT', 0),
	(3153, 'steam:11000013c71edd7', 'meat', 0),
	(3154, 'steam:11000013c71edd7', 'cutted_wood', 0),
	(3155, 'steam:11000013c71edd7', 'WEAPON_ASSAULTSHOTGUN', 0),
	(3156, 'steam:11000013c71edd7', 'WEAPON_PISTOL', 0),
	(3157, 'steam:11000013c71edd7', 'shotgun_shells', 0),
	(3158, 'steam:11000013c71edd7', 'marijuana', 0),
	(3159, 'steam:11000013c71edd7', 'binocular', 0),
	(3160, 'steam:11000013c71edd7', 'jagerbomb', 0),
	(3161, 'steam:11000013c71edd7', 'mojito', 0),
	(3162, 'steam:11000013c71edd7', 'chemicalslisence', 0),
	(3163, 'steam:11000013c71edd7', 'essence', 0),
	(3164, 'steam:11000013c71edd7', 'lockpick', 0),
	(3165, 'steam:11000013c71edd7', 'joint', 0),
	(3166, 'steam:11000013c71edd7', 'medikit', 0),
	(3167, 'steam:11000013c71edd7', 'WEAPON_AUTOSHOTGUN_AMMO', 0),
	(3168, 'steam:11000013c71edd7', 'fluor_stick', 0),
	(3169, 'steam:11000013c71edd7', 'firstaidkit', 0),
	(3170, 'steam:11000013c71edd7', 'czaszkidlugie', 0),
	(3171, 'steam:11000013c71edd7', 'kastetvagos', 0),
	(3172, 'steam:11000013c71edd7', 'kastetplayer', 0),
	(3173, 'steam:11000013c71edd7', 'cigarette', 2),
	(3174, 'steam:11000013c71edd7', 'grapperaisin', 0),
	(3175, 'steam:11000013c71edd7', 'champagne', 0),
	(3176, 'steam:11000013c71edd7', 'WEAPON_CARBINERIFLE', 0),
	(3177, 'steam:11000013c71edd7', 'kastetpink', 0),
	(3178, 'steam:11000013c71edd7', 'jusfruit', 0),
	(3179, 'steam:11000013c71edd7', 'lighter', 0),
	(3180, 'steam:11000013c71edd7', 'jewels', 0),
	(3181, 'steam:11000013c71edd7', 'ice', 0),
	(3182, 'steam:11000013c71edd7', '100gbag', 0),
	(3183, 'steam:11000013c71edd7', 'WEAPON_FLASHLIGHT', 0),
	(3184, 'steam:11000013c71edd7', 'lsd', 0),
	(3185, 'steam:11000013c71edd7', 'jagercerbere', 0),
	(3186, 'steam:11000013c71edd7', 'casio_watch', 0),
	(3187, 'steam:11000013c71edd7', 'holografik', 0),
	(3188, 'steam:11000013c71edd7', 'fuse', 0),
	(3189, 'steam:11000013c71edd7', 'highrim', 0),
	(3190, 'steam:11000013c71edd7', 'highradio', 0),
	(3191, 'steam:11000013c71edd7', 'highgradefert', 0),
	(3192, 'steam:11000013c71edd7', 'samsung_s8', 0),
	(3193, 'steam:11000013c71edd7', 'cupcake', 0),
	(3194, 'steam:11000013c71edd7', 'heroin', 0),
	(3195, 'steam:11000013c71edd7', 'handcuffs', 0),
	(3196, 'steam:11000013c71edd7', 'WEAPON_PUMPSHOTGUN', 0),
	(3197, 'steam:11000013c71edd7', 'soda', 0),
	(3198, 'steam:11000013c71edd7', 'WEAPON_STUNGUN', 0),
	(3199, 'steam:11000013c71edd7', 'cocacola', 0),
	(3200, 'steam:11000013c71edd7', 'kastetdiament', 0),
	(3201, 'steam:11000013c71edd7', 'apple_iphone', 0),
	(3202, 'steam:11000013c71edd7', 'bolpistache', 0),
	(3203, 'steam:11000013c71edd7', 'sodium_hydroxide', 0),
	(3204, 'steam:11000013c71edd7', 'morphine', 0),
	(3205, 'steam:11000013c71edd7', 'blowpipe', 0),
	(3206, 'steam:11000013c71edd7', 'clutch', 0),
	(3207, 'steam:11000013c71edd7', 'WEAPON_ADVANCEDRIFLE_AMMO', 0),
	(3208, 'steam:11000013c71edd7', 'gazbottle', 0),
	(3209, 'steam:11000013c71edd7', 'battery', 0),
	(3210, 'steam:11000013c71edd7', 'gauze', 0),
	(3211, 'steam:11000013c71edd7', 'gas_pump', 0),
	(3212, 'steam:11000013c71edd7', 'gas_mask', 0),
	(3213, 'steam:11000013c71edd7', 'rhumcoca', 0),
	(3214, 'steam:11000013c71edd7', 'WEAPON_SMG_AMMO', 0),
	(3215, 'steam:11000013c71edd7', 'medkit', 0),
	(3216, 'steam:11000013c71edd7', 'hydrocodone', 0),
	(3217, 'steam:11000013c71edd7', 'bread', 0),
	(3218, 'steam:11000013c71edd7', 'plantpot', 0),
	(3219, 'steam:11000013c71edd7', 'largescope', 0),
	(3220, 'steam:11000013c71edd7', 'fishingrod', 0),
	(3221, 'steam:11000013c71edd7', 'WEAPON_ASSAULTSMG_AMMO', 0),
	(3222, 'steam:11000013c71edd7', 'grand_cru', 0),
	(3223, 'steam:11000013c71edd7', 'WEAPON_CARBINERIFLE_AMMO', 0),
	(3224, 'steam:11000013c71edd7', 'fixtool', 0),
	(3225, 'steam:11000013c71edd7', 'celownikdluga', 0),
	(3226, 'steam:11000013c71edd7', 'fixkit', 0),
	(3227, 'steam:11000013c71edd7', 'boitierrgb', 0),
	(3228, 'steam:11000013c71edd7', 'fishbait', 0),
	(3229, 'steam:11000013c71edd7', 'kastethate', 0),
	(3230, 'steam:11000013c71edd7', 'WEAPON_COMBATPISTOL_AMMO', 0),
	(3231, 'steam:11000013c71edd7', 'gintonic', 0),
	(3232, 'steam:11000013c71edd7', 'coca_leaf', 0),
	(3233, 'steam:11000013c71edd7', 'breadboard', 0),
	(3234, 'steam:11000013c71edd7', 'energy', 0),
	(3235, 'steam:11000013c71edd7', 'lsa', 0),
	(3236, 'steam:11000013c71edd7', 'electronic_kit', 0),
	(3237, 'steam:11000013c71edd7', 'screen', 0),
	(3238, 'steam:11000013c71edd7', 'cannabis', 0),
	(3239, 'steam:11000013c71edd7', 'MountedScope', 0),
	(3240, 'steam:11000013c71edd7', 'copper', 0),
	(3241, 'steam:11000013c71edd7', 'coke_pooch', 0),
	(3242, 'steam:11000013c71edd7', 'carokit', 0),
	(3243, 'steam:11000013c71edd7', 'gps', 0),
	(3244, 'steam:11000013c71edd7', 'adrenaline_shot', 0),
	(3245, 'steam:11000013c71edd7', 'bolchips', 0),
	(3246, 'steam:11000013c71edd7', 'clip', 0),
	(3247, 'steam:11000013c71edd7', 'WEAPON_PUMPSHOTGUN_AMMO', 0),
	(3248, 'steam:11000013c71edd7', 'WEAPON_APPISTOL', 0),
	(3249, 'steam:11000013c71edd7', 'WEAPON_SMG', 0),
	(3250, 'steam:11000013c71edd7', 'fish', 0),
	(3251, 'steam:110000112bdd6a2', 'metreshooter', 0),
	(3252, 'steam:110000112bdd6a2', 'tequila', 0),
	(3253, 'steam:110000112bdd6a2', 'WEAPON_ASSAULTRIFLE', 0),
	(3254, 'steam:110000112bdd6a2', 'kompensator', 0),
	(3255, 'steam:110000112bdd6a2', 'hackerDevice', 0),
	(3256, 'steam:110000112bdd6a2', 'beer', 0),
	(3257, 'steam:110000112bdd6a2', 'moneywash', 0),
	(3258, 'steam:110000112bdd6a2', 'enginekiller', 0),
	(3259, 'steam:110000112bdd6a2', 'clothe', 0),
	(3260, 'steam:110000112bdd6a2', 'zebradlugie', 0),
	(3261, 'steam:110000112bdd6a2', 'yusuf', 0),
	(3262, 'steam:110000112bdd6a2', 'iron', 0),
	(3263, 'steam:110000112bdd6a2', 'xtc', 0),
	(3264, 'steam:110000112bdd6a2', 'steel', 0),
	(3265, 'steam:110000112bdd6a2', 'wool', 0),
	(3266, 'steam:110000112bdd6a2', 'syringe', 0),
	(3267, 'steam:110000112bdd6a2', 'limonade', 0),
	(3268, 'steam:110000112bdd6a2', 'stockrim', 0),
	(3269, 'steam:110000112bdd6a2', 'cajadecangrejos', 0),
	(3270, 'steam:110000112bdd6a2', 'whisky', 0),
	(3271, 'steam:110000112bdd6a2', 'wood', 0),
	(3272, 'steam:110000112bdd6a2', 'wine', 0),
	(3273, 'steam:110000112bdd6a2', 'spare_parts', 0),
	(3274, 'steam:110000112bdd6a2', 'whiskycoca', 0),
	(3275, 'steam:110000112bdd6a2', 'wooddlugie', 0),
	(3276, 'steam:110000112bdd6a2', 'wheel', 0),
	(3277, 'steam:110000112bdd6a2', 'weapon_piece', 0),
	(3278, 'steam:110000112bdd6a2', 'water', 0),
	(3279, 'steam:110000112bdd6a2', 'washed_stone', 0),
	(3280, 'steam:110000112bdd6a2', 'lowradio', 0),
	(3281, 'steam:110000112bdd6a2', 'c4_bank', 0),
	(3282, 'steam:110000112bdd6a2', 'WEAPON_ADVANCEDRIFLE', 0),
	(3283, 'steam:110000112bdd6a2', 'walkie_lspd', 0),
	(3284, 'steam:110000112bdd6a2', 'bandage', 0),
	(3285, 'steam:110000112bdd6a2', 'cigarett', 0),
	(3286, 'steam:110000112bdd6a2', 'walkie_ems', 0),
	(3287, 'steam:110000112bdd6a2', 'vodkafruit', 0),
	(3288, 'steam:110000112bdd6a2', 'blowtorch', 0),
	(3289, 'steam:110000112bdd6a2', 'rope', 0),
	(3290, 'steam:110000112bdd6a2', 'vodkaenergy', 0),
	(3291, 'steam:110000112bdd6a2', 'vodka', 0),
	(3292, 'steam:110000112bdd6a2', 'vipskinmotyl', 0),
	(3293, 'steam:110000112bdd6a2', 'camarones', 0),
	(3294, 'steam:110000112bdd6a2', 'turtle', 0),
	(3295, 'steam:110000112bdd6a2', 'turtlebait', 0),
	(3296, 'steam:110000112bdd6a2', 'poppyresin', 0),
	(3297, 'steam:110000112bdd6a2', 'grip', 0),
	(3298, 'steam:110000112bdd6a2', 'hydrochloric_acid', 0),
	(3299, 'steam:110000112bdd6a2', 'leather', 0),
	(3300, 'steam:110000112bdd6a2', 'keycard', 0),
	(3301, 'steam:110000112bdd6a2', 'vicodin', 0),
	(3302, 'steam:110000112bdd6a2', 'firstaid', 0),
	(3303, 'steam:110000112bdd6a2', 'turbo', 0),
	(3304, 'steam:110000112bdd6a2', 'thionyl_chloride', 0),
	(3305, 'steam:110000112bdd6a2', 'oxygen_mask', 0),
	(3306, 'steam:110000112bdd6a2', 'teqpaf', 0),
	(3307, 'steam:110000112bdd6a2', 'chemicals', 0),
	(3308, 'steam:110000112bdd6a2', 'mixapero', 0),
	(3309, 'steam:110000112bdd6a2', 'tactitalmuzle', 0),
	(3310, 'steam:110000112bdd6a2', 'sunglasses', 0),
	(3311, 'steam:110000112bdd6a2', 'phone', 0),
	(3312, 'steam:110000112bdd6a2', 'sulfuric_acid', 0),
	(3313, 'steam:110000112bdd6a2', 'stone', 0),
	(3314, 'steam:110000112bdd6a2', 'white_pearl', 0),
	(3315, 'steam:110000112bdd6a2', 'moneywashid', 0),
	(3316, 'steam:110000112bdd6a2', 'alive_chicken', 0),
	(3317, 'steam:110000112bdd6a2', 'kastetbalas', 0),
	(3318, 'steam:110000112bdd6a2', 'meth', 0),
	(3319, 'steam:110000112bdd6a2', 'epinephrine', 0),
	(3320, 'steam:110000112bdd6a2', 'cajadecamarones', 0),
	(3321, 'steam:110000112bdd6a2', 'advancedlockpick', 0),
	(3322, 'steam:110000112bdd6a2', 'sodium', 0),
	(3323, 'steam:110000112bdd6a2', 'hamburger', 0),
	(3324, 'steam:110000112bdd6a2', 'slaughtered_chicken', 0),
	(3325, 'steam:110000112bdd6a2', 'sim', 0),
	(3326, 'steam:110000112bdd6a2', 'Suppressor', 0),
	(3327, 'steam:110000112bdd6a2', 'martini', 0),
	(3328, 'steam:110000112bdd6a2', '10', 0),
	(3329, 'steam:110000112bdd6a2', 'mleko', 0),
	(3330, 'steam:110000112bdd6a2', 'scubagear', 0),
	(3331, 'steam:110000112bdd6a2', 'glass', 0),
	(3332, 'steam:110000112bdd6a2', 'drpepper', 0),
	(3333, 'steam:110000112bdd6a2', 'nokia_phone', 0),
	(3334, 'steam:110000112bdd6a2', 'WEAPON_APPISTOL_AMMO', 0),
	(3335, 'steam:110000112bdd6a2', 'cashew', 0),
	(3336, 'steam:110000112bdd6a2', 'petrol', 0),
	(3337, 'steam:110000112bdd6a2', 'bolnoixcajou', 0),
	(3338, 'steam:110000112bdd6a2', 'saucisson', 0),
	(3339, 'steam:110000112bdd6a2', 'kastetdollar', 0),
	(3340, 'steam:110000112bdd6a2', 'jager', 0),
	(3341, 'steam:110000112bdd6a2', 'sandwich', 0),
	(3342, 'steam:110000112bdd6a2', 'WEAPON_ASSAULTSMG', 0),
	(3343, 'steam:110000112bdd6a2', 'drugscales', 0),
	(3344, 'steam:110000112bdd6a2', 'woodheavyp', 0),
	(3345, 'steam:110000112bdd6a2', 'chocolate', 0),
	(3346, 'steam:110000112bdd6a2', 'rubber', 0),
	(3347, 'steam:110000112bdd6a2', 'rollingpaper', 0),
	(3348, 'steam:110000112bdd6a2', '9mm_rounds', 0),
	(3349, 'steam:110000112bdd6a2', 'acetone', 0),
	(3350, 'steam:110000112bdd6a2', 'adrenaline', 0),
	(3351, 'steam:110000112bdd6a2', 'boomdlugie', 0),
	(3352, 'steam:110000112bdd6a2', 'flashlight', 0),
	(3353, 'steam:110000112bdd6a2', 'rhumfruit', 0),
	(3354, 'steam:110000112bdd6a2', 'kastetpimp', 0),
	(3355, 'steam:110000112bdd6a2', 'WEAPON_KNIFE', 0),
	(3356, 'steam:110000112bdd6a2', 'carotool', 0),
	(3357, 'steam:110000112bdd6a2', '1gbag', 0),
	(3358, 'steam:110000112bdd6a2', 'bolcacahuetes', 0),
	(3359, 'steam:110000112bdd6a2', 'cchip', 0),
	(3360, 'steam:110000112bdd6a2', 'rhum', 0),
	(3361, 'steam:110000112bdd6a2', 'bulletproof', 0),
	(3362, 'steam:110000112bdd6a2', 'cangrejos', 0),
	(3363, 'steam:110000112bdd6a2', 'receipt', 0),
	(3364, 'steam:110000112bdd6a2', 'raspberry', 0),
	(3365, 'steam:110000112bdd6a2', 'electronics', 0),
	(3366, 'steam:110000112bdd6a2', 'WEAPON_ASSAULTSHOTGUN_AMMO', 0),
	(3367, 'steam:110000112bdd6a2', 'platin50', 0),
	(3368, 'steam:110000112bdd6a2', 'rolling_paper', 0),
	(3369, 'steam:110000112bdd6a2', '5gbag', 0),
	(3370, 'steam:110000112bdd6a2', 'WEAPON_COMBATPISTOL', 0),
	(3371, 'steam:110000112bdd6a2', 'coffe', 0),
	(3372, 'steam:110000112bdd6a2', 'pizza', 0),
	(3373, 'steam:110000112bdd6a2', 'pistachio', 0),
	(3374, 'steam:110000112bdd6a2', 'colis', 0),
	(3375, 'steam:110000112bdd6a2', 'WEAPON_AUTOSHOTGUN', 0),
	(3376, 'steam:110000112bdd6a2', 'petrol_raffin', 0),
	(3377, 'steam:110000112bdd6a2', 'WEAPON_ASSAULTRIFLE_AMMO', 0),
	(3378, 'steam:110000112bdd6a2', 'fabric', 0),
	(3379, 'steam:110000112bdd6a2', 'scrap_metal', 0),
	(3380, 'steam:110000112bdd6a2', 'packaged_plank', 0),
	(3381, 'steam:110000112bdd6a2', 'gold', 0),
	(3382, 'steam:110000112bdd6a2', 'chips', 0),
	(3383, 'steam:110000112bdd6a2', 'packaged_chicken', 0),
	(3384, 'steam:110000112bdd6a2', 'absinthe', 0),
	(3385, 'steam:110000112bdd6a2', 'airbag', 0),
	(3386, 'steam:110000112bdd6a2', 'opium', 0),
	(3387, 'steam:110000112bdd6a2', 'golem', 0),
	(3388, 'steam:110000112bdd6a2', 'WEAPON_PISTOL_AMMO', 0),
	(3389, 'steam:110000112bdd6a2', 'drill', 0),
	(3390, 'steam:110000112bdd6a2', 'lithium', 0),
	(3391, 'steam:110000112bdd6a2', 'coke', 0),
	(3392, 'steam:110000112bdd6a2', 'lemonade', 0),
	(3393, 'steam:110000112bdd6a2', 'powiekszonymagazynek', 0),
	(3394, 'steam:110000112bdd6a2', 'lowgradefert', 0),
	(3395, 'steam:110000112bdd6a2', 'shark', 0),
	(3396, 'steam:110000112bdd6a2', 'menthe', 0),
	(3397, 'steam:110000112bdd6a2', 'gameboy', 0),
	(3398, 'steam:110000112bdd6a2', '50gbag', 0),
	(3399, 'steam:110000112bdd6a2', 'icetea', 0),
	(3400, 'steam:110000112bdd6a2', 'mediumscope', 0),
	(3401, 'steam:110000112bdd6a2', 'letter', 0),
	(3402, 'steam:110000112bdd6a2', 'WEAPON_BAT', 0),
	(3403, 'steam:110000112bdd6a2', 'meat', 0),
	(3404, 'steam:110000112bdd6a2', 'cutted_wood', 0),
	(3405, 'steam:110000112bdd6a2', 'WEAPON_ASSAULTSHOTGUN', 0),
	(3406, 'steam:110000112bdd6a2', 'WEAPON_PISTOL', 0),
	(3407, 'steam:110000112bdd6a2', 'shotgun_shells', 0),
	(3408, 'steam:110000112bdd6a2', 'marijuana', 0),
	(3409, 'steam:110000112bdd6a2', 'binocular', 0),
	(3410, 'steam:110000112bdd6a2', 'jagerbomb', 0),
	(3411, 'steam:110000112bdd6a2', 'mojito', 0),
	(3412, 'steam:110000112bdd6a2', 'chemicalslisence', 0),
	(3413, 'steam:110000112bdd6a2', 'essence', 0),
	(3414, 'steam:110000112bdd6a2', 'lockpick', 0),
	(3415, 'steam:110000112bdd6a2', 'joint', 0),
	(3416, 'steam:110000112bdd6a2', 'medikit', 0),
	(3417, 'steam:110000112bdd6a2', 'WEAPON_AUTOSHOTGUN_AMMO', 0),
	(3418, 'steam:110000112bdd6a2', 'fluor_stick', 0),
	(3419, 'steam:110000112bdd6a2', 'firstaidkit', 0),
	(3420, 'steam:110000112bdd6a2', 'czaszkidlugie', 0),
	(3421, 'steam:110000112bdd6a2', 'kastetvagos', 0),
	(3422, 'steam:110000112bdd6a2', 'kastetplayer', 0),
	(3423, 'steam:110000112bdd6a2', 'cigarette', 0),
	(3424, 'steam:110000112bdd6a2', 'grapperaisin', 0),
	(3425, 'steam:110000112bdd6a2', 'champagne', 0),
	(3426, 'steam:110000112bdd6a2', 'WEAPON_CARBINERIFLE', 0),
	(3427, 'steam:110000112bdd6a2', 'kastetpink', 0),
	(3428, 'steam:110000112bdd6a2', 'jusfruit', 0),
	(3429, 'steam:110000112bdd6a2', 'lighter', 0),
	(3430, 'steam:110000112bdd6a2', 'jewels', 0),
	(3431, 'steam:110000112bdd6a2', 'ice', 0),
	(3432, 'steam:110000112bdd6a2', '100gbag', 0),
	(3433, 'steam:110000112bdd6a2', 'WEAPON_FLASHLIGHT', 0),
	(3434, 'steam:110000112bdd6a2', 'lsd', 0),
	(3435, 'steam:110000112bdd6a2', 'jagercerbere', 0),
	(3436, 'steam:110000112bdd6a2', 'casio_watch', 0),
	(3437, 'steam:110000112bdd6a2', 'holografik', 0),
	(3438, 'steam:110000112bdd6a2', 'fuse', 0),
	(3439, 'steam:110000112bdd6a2', 'highrim', 0),
	(3440, 'steam:110000112bdd6a2', 'highradio', 0),
	(3441, 'steam:110000112bdd6a2', 'highgradefert', 0),
	(3442, 'steam:110000112bdd6a2', 'samsung_s8', 0),
	(3443, 'steam:110000112bdd6a2', 'cupcake', 0),
	(3444, 'steam:110000112bdd6a2', 'heroin', 0),
	(3445, 'steam:110000112bdd6a2', 'handcuffs', 0),
	(3446, 'steam:110000112bdd6a2', 'WEAPON_PUMPSHOTGUN', 0),
	(3447, 'steam:110000112bdd6a2', 'soda', 0),
	(3448, 'steam:110000112bdd6a2', 'WEAPON_STUNGUN', 0),
	(3449, 'steam:110000112bdd6a2', 'cocacola', 0),
	(3450, 'steam:110000112bdd6a2', 'kastetdiament', 0),
	(3451, 'steam:110000112bdd6a2', 'apple_iphone', 0),
	(3452, 'steam:110000112bdd6a2', 'bolpistache', 0),
	(3453, 'steam:110000112bdd6a2', 'sodium_hydroxide', 0),
	(3454, 'steam:110000112bdd6a2', 'morphine', 0),
	(3455, 'steam:110000112bdd6a2', 'blowpipe', 0),
	(3456, 'steam:110000112bdd6a2', 'clutch', 0),
	(3457, 'steam:110000112bdd6a2', 'WEAPON_ADVANCEDRIFLE_AMMO', 0),
	(3458, 'steam:110000112bdd6a2', 'gazbottle', 0),
	(3459, 'steam:110000112bdd6a2', 'battery', 0),
	(3460, 'steam:110000112bdd6a2', 'gauze', 0),
	(3461, 'steam:110000112bdd6a2', 'gas_pump', 0),
	(3462, 'steam:110000112bdd6a2', 'gas_mask', 0),
	(3463, 'steam:110000112bdd6a2', 'rhumcoca', 0),
	(3464, 'steam:110000112bdd6a2', 'WEAPON_SMG_AMMO', 0),
	(3465, 'steam:110000112bdd6a2', 'medkit', 0),
	(3466, 'steam:110000112bdd6a2', 'hydrocodone', 0),
	(3467, 'steam:110000112bdd6a2', 'bread', 0),
	(3468, 'steam:110000112bdd6a2', 'plantpot', 0),
	(3469, 'steam:110000112bdd6a2', 'largescope', 0),
	(3470, 'steam:110000112bdd6a2', 'fishingrod', 0),
	(3471, 'steam:110000112bdd6a2', 'WEAPON_ASSAULTSMG_AMMO', 0),
	(3472, 'steam:110000112bdd6a2', 'grand_cru', 0),
	(3473, 'steam:110000112bdd6a2', 'WEAPON_CARBINERIFLE_AMMO', 0),
	(3474, 'steam:110000112bdd6a2', 'fixtool', 0),
	(3475, 'steam:110000112bdd6a2', 'celownikdluga', 0),
	(3476, 'steam:110000112bdd6a2', 'fixkit', 0),
	(3477, 'steam:110000112bdd6a2', 'boitierrgb', 0),
	(3478, 'steam:110000112bdd6a2', 'fishbait', 0),
	(3479, 'steam:110000112bdd6a2', 'kastethate', 0),
	(3480, 'steam:110000112bdd6a2', 'WEAPON_COMBATPISTOL_AMMO', 0),
	(3481, 'steam:110000112bdd6a2', 'gintonic', 0),
	(3482, 'steam:110000112bdd6a2', 'coca_leaf', 0),
	(3483, 'steam:110000112bdd6a2', 'breadboard', 0),
	(3484, 'steam:110000112bdd6a2', 'energy', 0),
	(3485, 'steam:110000112bdd6a2', 'lsa', 0),
	(3486, 'steam:110000112bdd6a2', 'electronic_kit', 0),
	(3487, 'steam:110000112bdd6a2', 'screen', 0),
	(3488, 'steam:110000112bdd6a2', 'cannabis', 0),
	(3489, 'steam:110000112bdd6a2', 'MountedScope', 0),
	(3490, 'steam:110000112bdd6a2', 'copper', 0),
	(3491, 'steam:110000112bdd6a2', 'coke_pooch', 0),
	(3492, 'steam:110000112bdd6a2', 'carokit', 0),
	(3493, 'steam:110000112bdd6a2', 'gps', 0),
	(3494, 'steam:110000112bdd6a2', 'adrenaline_shot', 0),
	(3495, 'steam:110000112bdd6a2', 'bolchips', 0),
	(3496, 'steam:110000112bdd6a2', 'clip', 0),
	(3497, 'steam:110000112bdd6a2', 'WEAPON_PUMPSHOTGUN_AMMO', 0),
	(3498, 'steam:110000112bdd6a2', 'WEAPON_APPISTOL', 0),
	(3499, 'steam:110000112bdd6a2', 'WEAPON_SMG', 0),
	(3500, 'steam:110000112bdd6a2', 'fish', 0),
	(3501, 'steam:110000140ec1768', 'metreshooter', 0),
	(3502, 'steam:110000140ec1768', 'tequila', 0),
	(3503, 'steam:110000140ec1768', 'WEAPON_ASSAULTRIFLE', 0),
	(3504, 'steam:110000140ec1768', 'kompensator', 0),
	(3505, 'steam:110000140ec1768', 'hackerDevice', 0),
	(3506, 'steam:110000140ec1768', 'beer', 0),
	(3507, 'steam:110000140ec1768', 'moneywash', 0),
	(3508, 'steam:110000140ec1768', 'enginekiller', 0),
	(3509, 'steam:110000140ec1768', 'clothe', 0),
	(3510, 'steam:110000140ec1768', 'zebradlugie', 0),
	(3511, 'steam:110000140ec1768', 'yusuf', 0),
	(3512, 'steam:110000140ec1768', 'iron', 0),
	(3513, 'steam:110000140ec1768', 'xtc', 0),
	(3514, 'steam:110000140ec1768', 'steel', 0),
	(3515, 'steam:110000140ec1768', 'wool', 0),
	(3516, 'steam:110000140ec1768', 'syringe', 0),
	(3517, 'steam:110000140ec1768', 'limonade', 0),
	(3518, 'steam:110000140ec1768', 'stockrim', 0),
	(3519, 'steam:110000140ec1768', 'cajadecangrejos', 0),
	(3520, 'steam:110000140ec1768', 'whisky', 0),
	(3521, 'steam:110000140ec1768', 'wood', 0),
	(3522, 'steam:110000140ec1768', 'wine', 0),
	(3523, 'steam:110000140ec1768', 'spare_parts', 0),
	(3524, 'steam:110000140ec1768', 'whiskycoca', 0),
	(3525, 'steam:110000140ec1768', 'wooddlugie', 0),
	(3526, 'steam:110000140ec1768', 'wheel', 0),
	(3527, 'steam:110000140ec1768', 'weapon_piece', 0),
	(3528, 'steam:110000140ec1768', 'water', 0),
	(3529, 'steam:110000140ec1768', 'washed_stone', 0),
	(3530, 'steam:110000140ec1768', 'lowradio', 0),
	(3531, 'steam:110000140ec1768', 'c4_bank', 0),
	(3532, 'steam:110000140ec1768', 'WEAPON_ADVANCEDRIFLE', 0),
	(3533, 'steam:110000140ec1768', 'walkie_lspd', 0),
	(3534, 'steam:110000140ec1768', 'bandage', 0),
	(3535, 'steam:110000140ec1768', 'cigarett', 0),
	(3536, 'steam:110000140ec1768', 'walkie_ems', 0),
	(3537, 'steam:110000140ec1768', 'vodkafruit', 0),
	(3538, 'steam:110000140ec1768', 'blowtorch', 0),
	(3539, 'steam:110000140ec1768', 'rope', 0),
	(3540, 'steam:110000140ec1768', 'vodkaenergy', 0),
	(3541, 'steam:110000140ec1768', 'vodka', 0),
	(3542, 'steam:110000140ec1768', 'vipskinmotyl', 0),
	(3543, 'steam:110000140ec1768', 'camarones', 0),
	(3544, 'steam:110000140ec1768', 'turtle', 0),
	(3545, 'steam:110000140ec1768', 'turtlebait', 0),
	(3546, 'steam:110000140ec1768', 'poppyresin', 0),
	(3547, 'steam:110000140ec1768', 'grip', 0),
	(3548, 'steam:110000140ec1768', 'hydrochloric_acid', 0),
	(3549, 'steam:110000140ec1768', 'leather', 0),
	(3550, 'steam:110000140ec1768', 'keycard', 0),
	(3551, 'steam:110000140ec1768', 'vicodin', 0),
	(3552, 'steam:110000140ec1768', 'firstaid', 0),
	(3553, 'steam:110000140ec1768', 'turbo', 0),
	(3554, 'steam:110000140ec1768', 'thionyl_chloride', 0),
	(3555, 'steam:110000140ec1768', 'oxygen_mask', 0),
	(3556, 'steam:110000140ec1768', 'teqpaf', 0),
	(3557, 'steam:110000140ec1768', 'chemicals', 0),
	(3558, 'steam:110000140ec1768', 'mixapero', 0),
	(3559, 'steam:110000140ec1768', 'tactitalmuzle', 0),
	(3560, 'steam:110000140ec1768', 'sunglasses', 0),
	(3561, 'steam:110000140ec1768', 'phone', 0),
	(3562, 'steam:110000140ec1768', 'sulfuric_acid', 0),
	(3563, 'steam:110000140ec1768', 'stone', 0),
	(3564, 'steam:110000140ec1768', 'white_pearl', 0),
	(3565, 'steam:110000140ec1768', 'moneywashid', 0),
	(3566, 'steam:110000140ec1768', 'alive_chicken', 0),
	(3567, 'steam:110000140ec1768', 'kastetbalas', 0),
	(3568, 'steam:110000140ec1768', 'meth', 0),
	(3569, 'steam:110000140ec1768', 'epinephrine', 0),
	(3570, 'steam:110000140ec1768', 'cajadecamarones', 0),
	(3571, 'steam:110000140ec1768', 'advancedlockpick', 0),
	(3572, 'steam:110000140ec1768', 'sodium', 0),
	(3573, 'steam:110000140ec1768', 'hamburger', 0),
	(3574, 'steam:110000140ec1768', 'slaughtered_chicken', 0),
	(3575, 'steam:110000140ec1768', 'sim', 0),
	(3576, 'steam:110000140ec1768', 'Suppressor', 0),
	(3577, 'steam:110000140ec1768', 'martini', 0),
	(3578, 'steam:110000140ec1768', '10', 0),
	(3579, 'steam:110000140ec1768', 'mleko', 0),
	(3580, 'steam:110000140ec1768', 'scubagear', 0),
	(3581, 'steam:110000140ec1768', 'glass', 0),
	(3582, 'steam:110000140ec1768', 'drpepper', 0),
	(3583, 'steam:110000140ec1768', 'nokia_phone', 0),
	(3584, 'steam:110000140ec1768', 'WEAPON_APPISTOL_AMMO', 0),
	(3585, 'steam:110000140ec1768', 'cashew', 0),
	(3586, 'steam:110000140ec1768', 'petrol', 0),
	(3587, 'steam:110000140ec1768', 'bolnoixcajou', 0),
	(3588, 'steam:110000140ec1768', 'saucisson', 0),
	(3589, 'steam:110000140ec1768', 'kastetdollar', 0),
	(3590, 'steam:110000140ec1768', 'jager', 0),
	(3591, 'steam:110000140ec1768', 'sandwich', 0),
	(3592, 'steam:110000140ec1768', 'WEAPON_ASSAULTSMG', 0),
	(3593, 'steam:110000140ec1768', 'drugscales', 0),
	(3594, 'steam:110000140ec1768', 'woodheavyp', 0),
	(3595, 'steam:110000140ec1768', 'chocolate', 0),
	(3596, 'steam:110000140ec1768', 'rubber', 0),
	(3597, 'steam:110000140ec1768', 'rollingpaper', 0),
	(3598, 'steam:110000140ec1768', '9mm_rounds', 0),
	(3599, 'steam:110000140ec1768', 'acetone', 0),
	(3600, 'steam:110000140ec1768', 'adrenaline', 0),
	(3601, 'steam:110000140ec1768', 'boomdlugie', 0),
	(3602, 'steam:110000140ec1768', 'flashlight', 0),
	(3603, 'steam:110000140ec1768', 'rhumfruit', 0),
	(3604, 'steam:110000140ec1768', 'kastetpimp', 0),
	(3605, 'steam:110000140ec1768', 'WEAPON_KNIFE', 0),
	(3606, 'steam:110000140ec1768', 'carotool', 0),
	(3607, 'steam:110000140ec1768', '1gbag', 0),
	(3608, 'steam:110000140ec1768', 'bolcacahuetes', 0),
	(3609, 'steam:110000140ec1768', 'cchip', 0),
	(3610, 'steam:110000140ec1768', 'rhum', 0),
	(3611, 'steam:110000140ec1768', 'bulletproof', 0),
	(3612, 'steam:110000140ec1768', 'cangrejos', 0),
	(3613, 'steam:110000140ec1768', 'receipt', 0),
	(3614, 'steam:110000140ec1768', 'raspberry', 0),
	(3615, 'steam:110000140ec1768', 'electronics', 0),
	(3616, 'steam:110000140ec1768', 'WEAPON_ASSAULTSHOTGUN_AMMO', 0),
	(3617, 'steam:110000140ec1768', 'platin50', 0),
	(3618, 'steam:110000140ec1768', 'rolling_paper', 0),
	(3619, 'steam:110000140ec1768', '5gbag', 0),
	(3620, 'steam:110000140ec1768', 'WEAPON_COMBATPISTOL', 0),
	(3621, 'steam:110000140ec1768', 'coffe', 0),
	(3622, 'steam:110000140ec1768', 'pizza', 0),
	(3623, 'steam:110000140ec1768', 'pistachio', 0),
	(3624, 'steam:110000140ec1768', 'colis', 0),
	(3625, 'steam:110000140ec1768', 'WEAPON_AUTOSHOTGUN', 0),
	(3626, 'steam:110000140ec1768', 'petrol_raffin', 0),
	(3627, 'steam:110000140ec1768', 'WEAPON_ASSAULTRIFLE_AMMO', 0),
	(3628, 'steam:110000140ec1768', 'fabric', 0),
	(3629, 'steam:110000140ec1768', 'scrap_metal', 0),
	(3630, 'steam:110000140ec1768', 'packaged_plank', 0),
	(3631, 'steam:110000140ec1768', 'gold', 0),
	(3632, 'steam:110000140ec1768', 'chips', 0),
	(3633, 'steam:110000140ec1768', 'packaged_chicken', 0),
	(3634, 'steam:110000140ec1768', 'absinthe', 0),
	(3635, 'steam:110000140ec1768', 'airbag', 0),
	(3636, 'steam:110000140ec1768', 'opium', 0),
	(3637, 'steam:110000140ec1768', 'golem', 0),
	(3638, 'steam:110000140ec1768', 'WEAPON_PISTOL_AMMO', 0),
	(3639, 'steam:110000140ec1768', 'drill', 0),
	(3640, 'steam:110000140ec1768', 'lithium', 0),
	(3641, 'steam:110000140ec1768', 'coke', 0),
	(3642, 'steam:110000140ec1768', 'lemonade', 0),
	(3643, 'steam:110000140ec1768', 'powiekszonymagazynek', 0),
	(3644, 'steam:110000140ec1768', 'lowgradefert', 0),
	(3645, 'steam:110000140ec1768', 'shark', 0),
	(3646, 'steam:110000140ec1768', 'menthe', 0),
	(3647, 'steam:110000140ec1768', 'gameboy', 0),
	(3648, 'steam:110000140ec1768', '50gbag', 0),
	(3649, 'steam:110000140ec1768', 'icetea', 0),
	(3650, 'steam:110000140ec1768', 'mediumscope', 0),
	(3651, 'steam:110000140ec1768', 'letter', 0),
	(3652, 'steam:110000140ec1768', 'WEAPON_BAT', 0),
	(3653, 'steam:110000140ec1768', 'meat', 0),
	(3654, 'steam:110000140ec1768', 'cutted_wood', 0),
	(3655, 'steam:110000140ec1768', 'WEAPON_ASSAULTSHOTGUN', 0),
	(3656, 'steam:110000140ec1768', 'WEAPON_PISTOL', 0),
	(3657, 'steam:110000140ec1768', 'shotgun_shells', 0),
	(3658, 'steam:110000140ec1768', 'marijuana', 0),
	(3659, 'steam:110000140ec1768', 'binocular', 0),
	(3660, 'steam:110000140ec1768', 'jagerbomb', 0),
	(3661, 'steam:110000140ec1768', 'mojito', 0),
	(3662, 'steam:110000140ec1768', 'chemicalslisence', 0),
	(3663, 'steam:110000140ec1768', 'essence', 0),
	(3664, 'steam:110000140ec1768', 'lockpick', 0),
	(3665, 'steam:110000140ec1768', 'joint', 0),
	(3666, 'steam:110000140ec1768', 'medikit', 0),
	(3667, 'steam:110000140ec1768', 'WEAPON_AUTOSHOTGUN_AMMO', 0),
	(3668, 'steam:110000140ec1768', 'fluor_stick', 0),
	(3669, 'steam:110000140ec1768', 'firstaidkit', 0),
	(3670, 'steam:110000140ec1768', 'czaszkidlugie', 0),
	(3671, 'steam:110000140ec1768', 'kastetvagos', 0),
	(3672, 'steam:110000140ec1768', 'kastetplayer', 0),
	(3673, 'steam:110000140ec1768', 'cigarette', 0),
	(3674, 'steam:110000140ec1768', 'grapperaisin', 0),
	(3675, 'steam:110000140ec1768', 'champagne', 0),
	(3676, 'steam:110000140ec1768', 'WEAPON_CARBINERIFLE', 0),
	(3677, 'steam:110000140ec1768', 'kastetpink', 0),
	(3678, 'steam:110000140ec1768', 'jusfruit', 0),
	(3679, 'steam:110000140ec1768', 'lighter', 0),
	(3680, 'steam:110000140ec1768', 'jewels', 0),
	(3681, 'steam:110000140ec1768', 'ice', 0),
	(3682, 'steam:110000140ec1768', '100gbag', 0),
	(3683, 'steam:110000140ec1768', 'WEAPON_FLASHLIGHT', 0),
	(3684, 'steam:110000140ec1768', 'lsd', 0),
	(3685, 'steam:110000140ec1768', 'jagercerbere', 0),
	(3686, 'steam:110000140ec1768', 'casio_watch', 0),
	(3687, 'steam:110000140ec1768', 'holografik', 0),
	(3688, 'steam:110000140ec1768', 'fuse', 0),
	(3689, 'steam:110000140ec1768', 'highrim', 0),
	(3690, 'steam:110000140ec1768', 'highradio', 0),
	(3691, 'steam:110000140ec1768', 'highgradefert', 0),
	(3692, 'steam:110000140ec1768', 'samsung_s8', 0),
	(3693, 'steam:110000140ec1768', 'cupcake', 0),
	(3694, 'steam:110000140ec1768', 'heroin', 0),
	(3695, 'steam:110000140ec1768', 'handcuffs', 0),
	(3696, 'steam:110000140ec1768', 'WEAPON_PUMPSHOTGUN', 0),
	(3697, 'steam:110000140ec1768', 'soda', 0),
	(3698, 'steam:110000140ec1768', 'WEAPON_STUNGUN', 0),
	(3699, 'steam:110000140ec1768', 'cocacola', 0),
	(3700, 'steam:110000140ec1768', 'kastetdiament', 0),
	(3701, 'steam:110000140ec1768', 'apple_iphone', 0),
	(3702, 'steam:110000140ec1768', 'bolpistache', 0),
	(3703, 'steam:110000140ec1768', 'sodium_hydroxide', 0),
	(3704, 'steam:110000140ec1768', 'morphine', 0),
	(3705, 'steam:110000140ec1768', 'blowpipe', 0),
	(3706, 'steam:110000140ec1768', 'clutch', 0),
	(3707, 'steam:110000140ec1768', 'WEAPON_ADVANCEDRIFLE_AMMO', 0),
	(3708, 'steam:110000140ec1768', 'gazbottle', 0),
	(3709, 'steam:110000140ec1768', 'battery', 0),
	(3710, 'steam:110000140ec1768', 'gauze', 0),
	(3711, 'steam:110000140ec1768', 'gas_pump', 0),
	(3712, 'steam:110000140ec1768', 'gas_mask', 0),
	(3713, 'steam:110000140ec1768', 'rhumcoca', 0),
	(3714, 'steam:110000140ec1768', 'WEAPON_SMG_AMMO', 0),
	(3715, 'steam:110000140ec1768', 'medkit', 0),
	(3716, 'steam:110000140ec1768', 'hydrocodone', 0),
	(3717, 'steam:110000140ec1768', 'bread', 0),
	(3718, 'steam:110000140ec1768', 'plantpot', 0),
	(3719, 'steam:110000140ec1768', 'largescope', 0),
	(3720, 'steam:110000140ec1768', 'fishingrod', 0),
	(3721, 'steam:110000140ec1768', 'WEAPON_ASSAULTSMG_AMMO', 0),
	(3722, 'steam:110000140ec1768', 'grand_cru', 0),
	(3723, 'steam:110000140ec1768', 'WEAPON_CARBINERIFLE_AMMO', 0),
	(3724, 'steam:110000140ec1768', 'fixtool', 0),
	(3725, 'steam:110000140ec1768', 'celownikdluga', 0),
	(3726, 'steam:110000140ec1768', 'fixkit', 0),
	(3727, 'steam:110000140ec1768', 'boitierrgb', 0),
	(3728, 'steam:110000140ec1768', 'fishbait', 0),
	(3729, 'steam:110000140ec1768', 'kastethate', 0),
	(3730, 'steam:110000140ec1768', 'WEAPON_COMBATPISTOL_AMMO', 0),
	(3731, 'steam:110000140ec1768', 'gintonic', 0),
	(3732, 'steam:110000140ec1768', 'coca_leaf', 0),
	(3733, 'steam:110000140ec1768', 'breadboard', 0),
	(3734, 'steam:110000140ec1768', 'energy', 0),
	(3735, 'steam:110000140ec1768', 'lsa', 0),
	(3736, 'steam:110000140ec1768', 'electronic_kit', 0),
	(3737, 'steam:110000140ec1768', 'screen', 0),
	(3738, 'steam:110000140ec1768', 'cannabis', 0),
	(3739, 'steam:110000140ec1768', 'MountedScope', 0),
	(3740, 'steam:110000140ec1768', 'copper', 0),
	(3741, 'steam:110000140ec1768', 'coke_pooch', 0),
	(3742, 'steam:110000140ec1768', 'carokit', 0),
	(3743, 'steam:110000140ec1768', 'gps', 0),
	(3744, 'steam:110000140ec1768', 'adrenaline_shot', 0),
	(3745, 'steam:110000140ec1768', 'bolchips', 0),
	(3746, 'steam:110000140ec1768', 'clip', 0),
	(3747, 'steam:110000140ec1768', 'WEAPON_PUMPSHOTGUN_AMMO', 0),
	(3748, 'steam:110000140ec1768', 'WEAPON_APPISTOL', 0),
	(3749, 'steam:110000140ec1768', 'WEAPON_SMG', 0),
	(3750, 'steam:110000140ec1768', 'fish', 0),
	(3751, 'steam:1100001407e52c2', 'metreshooter', 0),
	(3752, 'steam:1100001407e52c2', 'tequila', 0),
	(3753, 'steam:1100001407e52c2', 'WEAPON_ASSAULTRIFLE', 0),
	(3754, 'steam:1100001407e52c2', 'kompensator', 0),
	(3755, 'steam:1100001407e52c2', 'hackerDevice', 0),
	(3756, 'steam:1100001407e52c2', 'beer', 0),
	(3757, 'steam:1100001407e52c2', 'moneywash', 0),
	(3758, 'steam:1100001407e52c2', 'enginekiller', 0),
	(3759, 'steam:1100001407e52c2', 'clothe', 0),
	(3760, 'steam:1100001407e52c2', 'zebradlugie', 0),
	(3761, 'steam:1100001407e52c2', 'yusuf', 0),
	(3762, 'steam:1100001407e52c2', 'iron', 0),
	(3763, 'steam:1100001407e52c2', 'xtc', 0),
	(3764, 'steam:1100001407e52c2', 'steel', 0),
	(3765, 'steam:1100001407e52c2', 'wool', 0),
	(3766, 'steam:1100001407e52c2', 'syringe', 0),
	(3767, 'steam:1100001407e52c2', 'limonade', 0),
	(3768, 'steam:1100001407e52c2', 'stockrim', 0),
	(3769, 'steam:1100001407e52c2', 'cajadecangrejos', 0),
	(3770, 'steam:1100001407e52c2', 'whisky', 0),
	(3771, 'steam:1100001407e52c2', 'wood', 0),
	(3772, 'steam:1100001407e52c2', 'wine', 0),
	(3773, 'steam:1100001407e52c2', 'spare_parts', 0),
	(3774, 'steam:1100001407e52c2', 'whiskycoca', 0),
	(3775, 'steam:1100001407e52c2', 'wooddlugie', 0),
	(3776, 'steam:1100001407e52c2', 'wheel', 0),
	(3777, 'steam:1100001407e52c2', 'weapon_piece', 0),
	(3778, 'steam:1100001407e52c2', 'water', 0),
	(3779, 'steam:1100001407e52c2', 'washed_stone', 0),
	(3780, 'steam:1100001407e52c2', 'lowradio', 0),
	(3781, 'steam:1100001407e52c2', 'c4_bank', 0),
	(3782, 'steam:1100001407e52c2', 'WEAPON_ADVANCEDRIFLE', 0),
	(3783, 'steam:1100001407e52c2', 'walkie_lspd', 0),
	(3784, 'steam:1100001407e52c2', 'bandage', 0),
	(3785, 'steam:1100001407e52c2', 'cigarett', 0),
	(3786, 'steam:1100001407e52c2', 'walkie_ems', 0),
	(3787, 'steam:1100001407e52c2', 'vodkafruit', 0),
	(3788, 'steam:1100001407e52c2', 'blowtorch', 0),
	(3789, 'steam:1100001407e52c2', 'rope', 0),
	(3790, 'steam:1100001407e52c2', 'vodkaenergy', 0),
	(3791, 'steam:1100001407e52c2', 'vodka', 0),
	(3792, 'steam:1100001407e52c2', 'vipskinmotyl', 0),
	(3793, 'steam:1100001407e52c2', 'camarones', 0),
	(3794, 'steam:1100001407e52c2', 'turtle', 0),
	(3795, 'steam:1100001407e52c2', 'turtlebait', 0),
	(3796, 'steam:1100001407e52c2', 'poppyresin', 0),
	(3797, 'steam:1100001407e52c2', 'grip', 0),
	(3798, 'steam:1100001407e52c2', 'hydrochloric_acid', 0),
	(3799, 'steam:1100001407e52c2', 'leather', 0),
	(3800, 'steam:1100001407e52c2', 'keycard', 0),
	(3801, 'steam:1100001407e52c2', 'vicodin', 0),
	(3802, 'steam:1100001407e52c2', 'firstaid', 0),
	(3803, 'steam:1100001407e52c2', 'turbo', 0),
	(3804, 'steam:1100001407e52c2', 'thionyl_chloride', 0),
	(3805, 'steam:1100001407e52c2', 'oxygen_mask', 0),
	(3806, 'steam:1100001407e52c2', 'teqpaf', 0),
	(3807, 'steam:1100001407e52c2', 'chemicals', 0),
	(3808, 'steam:1100001407e52c2', 'mixapero', 0),
	(3809, 'steam:1100001407e52c2', 'tactitalmuzle', 0),
	(3810, 'steam:1100001407e52c2', 'sunglasses', 0),
	(3811, 'steam:1100001407e52c2', 'phone', 0),
	(3812, 'steam:1100001407e52c2', 'sulfuric_acid', 0),
	(3813, 'steam:1100001407e52c2', 'stone', 0),
	(3814, 'steam:1100001407e52c2', 'white_pearl', 0),
	(3815, 'steam:1100001407e52c2', 'moneywashid', 0),
	(3816, 'steam:1100001407e52c2', 'alive_chicken', 0),
	(3817, 'steam:1100001407e52c2', 'kastetbalas', 0),
	(3818, 'steam:1100001407e52c2', 'meth', 0),
	(3819, 'steam:1100001407e52c2', 'epinephrine', 0),
	(3820, 'steam:1100001407e52c2', 'cajadecamarones', 0),
	(3821, 'steam:1100001407e52c2', 'advancedlockpick', 0),
	(3822, 'steam:1100001407e52c2', 'sodium', 0),
	(3823, 'steam:1100001407e52c2', 'hamburger', 0),
	(3824, 'steam:1100001407e52c2', 'slaughtered_chicken', 0),
	(3825, 'steam:1100001407e52c2', 'sim', 0),
	(3826, 'steam:1100001407e52c2', 'Suppressor', 0),
	(3827, 'steam:1100001407e52c2', 'martini', 0),
	(3828, 'steam:1100001407e52c2', '10', 0),
	(3829, 'steam:1100001407e52c2', 'mleko', 0),
	(3830, 'steam:1100001407e52c2', 'scubagear', 0),
	(3831, 'steam:1100001407e52c2', 'glass', 0),
	(3832, 'steam:1100001407e52c2', 'drpepper', 0),
	(3833, 'steam:1100001407e52c2', 'nokia_phone', 0),
	(3834, 'steam:1100001407e52c2', 'WEAPON_APPISTOL_AMMO', 0),
	(3835, 'steam:1100001407e52c2', 'cashew', 0),
	(3836, 'steam:1100001407e52c2', 'petrol', 0),
	(3837, 'steam:1100001407e52c2', 'bolnoixcajou', 0),
	(3838, 'steam:1100001407e52c2', 'saucisson', 0),
	(3839, 'steam:1100001407e52c2', 'kastetdollar', 0),
	(3840, 'steam:1100001407e52c2', 'jager', 0),
	(3841, 'steam:1100001407e52c2', 'sandwich', 0),
	(3842, 'steam:1100001407e52c2', 'WEAPON_ASSAULTSMG', 0),
	(3843, 'steam:1100001407e52c2', 'drugscales', 0),
	(3844, 'steam:1100001407e52c2', 'woodheavyp', 0),
	(3845, 'steam:1100001407e52c2', 'chocolate', 0),
	(3846, 'steam:1100001407e52c2', 'rubber', 0),
	(3847, 'steam:1100001407e52c2', 'rollingpaper', 0),
	(3848, 'steam:1100001407e52c2', '9mm_rounds', 0),
	(3849, 'steam:1100001407e52c2', 'acetone', 0),
	(3850, 'steam:1100001407e52c2', 'adrenaline', 0),
	(3851, 'steam:1100001407e52c2', 'boomdlugie', 0),
	(3852, 'steam:1100001407e52c2', 'flashlight', 0),
	(3853, 'steam:1100001407e52c2', 'rhumfruit', 0),
	(3854, 'steam:1100001407e52c2', 'kastetpimp', 0),
	(3855, 'steam:1100001407e52c2', 'WEAPON_KNIFE', 0),
	(3856, 'steam:1100001407e52c2', 'carotool', 0),
	(3857, 'steam:1100001407e52c2', '1gbag', 0),
	(3858, 'steam:1100001407e52c2', 'bolcacahuetes', 0),
	(3859, 'steam:1100001407e52c2', 'cchip', 0),
	(3860, 'steam:1100001407e52c2', 'rhum', 0),
	(3861, 'steam:1100001407e52c2', 'bulletproof', 0),
	(3862, 'steam:1100001407e52c2', 'cangrejos', 0),
	(3863, 'steam:1100001407e52c2', 'receipt', 0),
	(3864, 'steam:1100001407e52c2', 'raspberry', 0),
	(3865, 'steam:1100001407e52c2', 'electronics', 0),
	(3866, 'steam:1100001407e52c2', 'WEAPON_ASSAULTSHOTGUN_AMMO', 0),
	(3867, 'steam:1100001407e52c2', 'platin50', 0),
	(3868, 'steam:1100001407e52c2', 'rolling_paper', 0),
	(3869, 'steam:1100001407e52c2', '5gbag', 0),
	(3870, 'steam:1100001407e52c2', 'WEAPON_COMBATPISTOL', 0),
	(3871, 'steam:1100001407e52c2', 'coffe', 0),
	(3872, 'steam:1100001407e52c2', 'pizza', 0),
	(3873, 'steam:1100001407e52c2', 'pistachio', 0),
	(3874, 'steam:1100001407e52c2', 'colis', 0),
	(3875, 'steam:1100001407e52c2', 'WEAPON_AUTOSHOTGUN', 0),
	(3876, 'steam:1100001407e52c2', 'petrol_raffin', 0),
	(3877, 'steam:1100001407e52c2', 'WEAPON_ASSAULTRIFLE_AMMO', 0),
	(3878, 'steam:1100001407e52c2', 'fabric', 0),
	(3879, 'steam:1100001407e52c2', 'scrap_metal', 0),
	(3880, 'steam:1100001407e52c2', 'packaged_plank', 0),
	(3881, 'steam:1100001407e52c2', 'gold', 0),
	(3882, 'steam:1100001407e52c2', 'chips', 0),
	(3883, 'steam:1100001407e52c2', 'packaged_chicken', 0),
	(3884, 'steam:1100001407e52c2', 'absinthe', 0),
	(3885, 'steam:1100001407e52c2', 'airbag', 0),
	(3886, 'steam:1100001407e52c2', 'opium', 0),
	(3887, 'steam:1100001407e52c2', 'golem', 0),
	(3888, 'steam:1100001407e52c2', 'WEAPON_PISTOL_AMMO', 0),
	(3889, 'steam:1100001407e52c2', 'drill', 0),
	(3890, 'steam:1100001407e52c2', 'lithium', 0),
	(3891, 'steam:1100001407e52c2', 'coke', 0),
	(3892, 'steam:1100001407e52c2', 'lemonade', 0),
	(3893, 'steam:1100001407e52c2', 'powiekszonymagazynek', 0),
	(3894, 'steam:1100001407e52c2', 'lowgradefert', 0),
	(3895, 'steam:1100001407e52c2', 'shark', 0),
	(3896, 'steam:1100001407e52c2', 'menthe', 0),
	(3897, 'steam:1100001407e52c2', 'gameboy', 0),
	(3898, 'steam:1100001407e52c2', '50gbag', 0),
	(3899, 'steam:1100001407e52c2', 'icetea', 0),
	(3900, 'steam:1100001407e52c2', 'mediumscope', 0),
	(3901, 'steam:1100001407e52c2', 'letter', 0),
	(3902, 'steam:1100001407e52c2', 'WEAPON_BAT', 0),
	(3903, 'steam:1100001407e52c2', 'meat', 0),
	(3904, 'steam:1100001407e52c2', 'cutted_wood', 0),
	(3905, 'steam:1100001407e52c2', 'WEAPON_ASSAULTSHOTGUN', 0),
	(3906, 'steam:1100001407e52c2', 'WEAPON_PISTOL', 0),
	(3907, 'steam:1100001407e52c2', 'shotgun_shells', 0),
	(3908, 'steam:1100001407e52c2', 'marijuana', 0),
	(3909, 'steam:1100001407e52c2', 'binocular', 0),
	(3910, 'steam:1100001407e52c2', 'jagerbomb', 0),
	(3911, 'steam:1100001407e52c2', 'mojito', 0),
	(3912, 'steam:1100001407e52c2', 'chemicalslisence', 0),
	(3913, 'steam:1100001407e52c2', 'essence', 0),
	(3914, 'steam:1100001407e52c2', 'lockpick', 0),
	(3915, 'steam:1100001407e52c2', 'joint', 0),
	(3916, 'steam:1100001407e52c2', 'medikit', 0),
	(3917, 'steam:1100001407e52c2', 'WEAPON_AUTOSHOTGUN_AMMO', 0),
	(3918, 'steam:1100001407e52c2', 'fluor_stick', 0),
	(3919, 'steam:1100001407e52c2', 'firstaidkit', 0),
	(3920, 'steam:1100001407e52c2', 'czaszkidlugie', 0),
	(3921, 'steam:1100001407e52c2', 'kastetvagos', 0),
	(3922, 'steam:1100001407e52c2', 'kastetplayer', 0),
	(3923, 'steam:1100001407e52c2', 'cigarette', 0),
	(3924, 'steam:1100001407e52c2', 'grapperaisin', 0),
	(3925, 'steam:1100001407e52c2', 'champagne', 0),
	(3926, 'steam:1100001407e52c2', 'WEAPON_CARBINERIFLE', 0),
	(3927, 'steam:1100001407e52c2', 'kastetpink', 0),
	(3928, 'steam:1100001407e52c2', 'jusfruit', 0),
	(3929, 'steam:1100001407e52c2', 'lighter', 0),
	(3930, 'steam:1100001407e52c2', 'jewels', 0),
	(3931, 'steam:1100001407e52c2', 'ice', 0),
	(3932, 'steam:1100001407e52c2', '100gbag', 0),
	(3933, 'steam:1100001407e52c2', 'WEAPON_FLASHLIGHT', 0),
	(3934, 'steam:1100001407e52c2', 'lsd', 0),
	(3935, 'steam:1100001407e52c2', 'jagercerbere', 0),
	(3936, 'steam:1100001407e52c2', 'casio_watch', 0),
	(3937, 'steam:1100001407e52c2', 'holografik', 0),
	(3938, 'steam:1100001407e52c2', 'fuse', 0),
	(3939, 'steam:1100001407e52c2', 'highrim', 0),
	(3940, 'steam:1100001407e52c2', 'highradio', 0),
	(3941, 'steam:1100001407e52c2', 'highgradefert', 0),
	(3942, 'steam:1100001407e52c2', 'samsung_s8', 0),
	(3943, 'steam:1100001407e52c2', 'cupcake', 0),
	(3944, 'steam:1100001407e52c2', 'heroin', 0),
	(3945, 'steam:1100001407e52c2', 'handcuffs', 0),
	(3946, 'steam:1100001407e52c2', 'WEAPON_PUMPSHOTGUN', 0),
	(3947, 'steam:1100001407e52c2', 'soda', 0),
	(3948, 'steam:1100001407e52c2', 'WEAPON_STUNGUN', 0),
	(3949, 'steam:1100001407e52c2', 'cocacola', 0),
	(3950, 'steam:1100001407e52c2', 'kastetdiament', 0),
	(3951, 'steam:1100001407e52c2', 'apple_iphone', 0),
	(3952, 'steam:1100001407e52c2', 'bolpistache', 0),
	(3953, 'steam:1100001407e52c2', 'sodium_hydroxide', 0),
	(3954, 'steam:1100001407e52c2', 'morphine', 0),
	(3955, 'steam:1100001407e52c2', 'blowpipe', 0),
	(3956, 'steam:1100001407e52c2', 'clutch', 0),
	(3957, 'steam:1100001407e52c2', 'WEAPON_ADVANCEDRIFLE_AMMO', 0),
	(3958, 'steam:1100001407e52c2', 'gazbottle', 0),
	(3959, 'steam:1100001407e52c2', 'battery', 0),
	(3960, 'steam:1100001407e52c2', 'gauze', 0),
	(3961, 'steam:1100001407e52c2', 'gas_pump', 0),
	(3962, 'steam:1100001407e52c2', 'gas_mask', 0),
	(3963, 'steam:1100001407e52c2', 'rhumcoca', 0),
	(3964, 'steam:1100001407e52c2', 'WEAPON_SMG_AMMO', 0),
	(3965, 'steam:1100001407e52c2', 'medkit', 0),
	(3966, 'steam:1100001407e52c2', 'hydrocodone', 0),
	(3967, 'steam:1100001407e52c2', 'bread', 0),
	(3968, 'steam:1100001407e52c2', 'plantpot', 0),
	(3969, 'steam:1100001407e52c2', 'largescope', 0),
	(3970, 'steam:1100001407e52c2', 'fishingrod', 0),
	(3971, 'steam:1100001407e52c2', 'WEAPON_ASSAULTSMG_AMMO', 0),
	(3972, 'steam:1100001407e52c2', 'grand_cru', 0),
	(3973, 'steam:1100001407e52c2', 'WEAPON_CARBINERIFLE_AMMO', 0),
	(3974, 'steam:1100001407e52c2', 'fixtool', 0),
	(3975, 'steam:1100001407e52c2', 'celownikdluga', 0),
	(3976, 'steam:1100001407e52c2', 'fixkit', 0),
	(3977, 'steam:1100001407e52c2', 'boitierrgb', 0),
	(3978, 'steam:1100001407e52c2', 'fishbait', 0),
	(3979, 'steam:1100001407e52c2', 'kastethate', 0),
	(3980, 'steam:1100001407e52c2', 'WEAPON_COMBATPISTOL_AMMO', 0),
	(3981, 'steam:1100001407e52c2', 'gintonic', 0),
	(3982, 'steam:1100001407e52c2', 'coca_leaf', 0),
	(3983, 'steam:1100001407e52c2', 'breadboard', 0),
	(3984, 'steam:1100001407e52c2', 'energy', 0),
	(3985, 'steam:1100001407e52c2', 'lsa', 0),
	(3986, 'steam:1100001407e52c2', 'electronic_kit', 0),
	(3987, 'steam:1100001407e52c2', 'screen', 0),
	(3988, 'steam:1100001407e52c2', 'cannabis', 0),
	(3989, 'steam:1100001407e52c2', 'MountedScope', 0),
	(3990, 'steam:1100001407e52c2', 'copper', 0),
	(3991, 'steam:1100001407e52c2', 'coke_pooch', 0),
	(3992, 'steam:1100001407e52c2', 'carokit', 0),
	(3993, 'steam:1100001407e52c2', 'gps', 0),
	(3994, 'steam:1100001407e52c2', 'adrenaline_shot', 0),
	(3995, 'steam:1100001407e52c2', 'bolchips', 0),
	(3996, 'steam:1100001407e52c2', 'clip', 0),
	(3997, 'steam:1100001407e52c2', 'WEAPON_PUMPSHOTGUN_AMMO', 0),
	(3998, 'steam:1100001407e52c2', 'WEAPON_APPISTOL', 0),
	(3999, 'steam:1100001407e52c2', 'WEAPON_SMG', 0),
	(4000, 'steam:1100001407e52c2', 'fish', 0),
	(4251, 'steam:1100001417afcc9', 'wheel', 0),
	(4252, 'steam:1100001417afcc9', 'coffe', 0),
	(4253, 'steam:1100001417afcc9', 'chemicalslisence', 0),
	(4254, 'steam:1100001417afcc9', 'camarones', 0),
	(4255, 'steam:1100001417afcc9', 'coke', 0),
	(4256, 'steam:1100001417afcc9', 'firstaid', 0),
	(4257, 'steam:1100001417afcc9', 'glass', 0),
	(4258, 'steam:1100001417afcc9', 'limonade', 0),
	(4259, 'steam:1100001417afcc9', 'beer', 0),
	(4260, 'steam:1100001417afcc9', 'flashlight', 0),
	(4261, 'steam:1100001417afcc9', 'hackerDevice', 0),
	(4262, 'steam:1100001417afcc9', 'chips', 0),
	(4263, 'steam:1100001417afcc9', 'carokit', 0),
	(4264, 'steam:1100001417afcc9', 'xtc', 0),
	(4265, 'steam:1100001417afcc9', 'WEAPON_PISTOL_AMMO', 0),
	(4266, 'steam:1100001417afcc9', 'rhumcoca', 0),
	(4267, 'steam:1100001417afcc9', 'sodium_hydroxide', 0),
	(4268, 'steam:1100001417afcc9', 'kastetbalas', 0),
	(4269, 'steam:1100001417afcc9', 'grand_cru', 0),
	(4270, 'steam:1100001417afcc9', 'carotool', 0),
	(4271, 'steam:1100001417afcc9', 'woodheavyp', 0),
	(4272, 'steam:1100001417afcc9', 'apple_iphone', 0),
	(4273, 'steam:1100001417afcc9', 'lowradio', 0),
	(4274, 'steam:1100001417afcc9', 'WEAPON_PUMPSHOTGUN', 0),
	(4275, 'steam:1100001417afcc9', 'fixkit', 0),
	(4276, 'steam:1100001417afcc9', 'soda', 0),
	(4277, 'steam:1100001417afcc9', 'joint', 0),
	(4278, 'steam:1100001417afcc9', 'cutted_wood', 0),
	(4279, 'steam:1100001417afcc9', 'poppyresin', 0),
	(4280, 'steam:1100001417afcc9', 'white_pearl', 0),
	(4281, 'steam:1100001417afcc9', 'adrenaline', 0),
	(4282, 'steam:1100001417afcc9', 'WEAPON_ASSAULTSHOTGUN_AMMO', 0),
	(4283, 'steam:1100001417afcc9', 'medikit', 0),
	(4284, 'steam:1100001417afcc9', '10', 0),
	(4285, 'steam:1100001417afcc9', 'whiskycoca', 0),
	(4286, 'steam:1100001417afcc9', '1gbag', 0),
	(4287, 'steam:1100001417afcc9', 'whisky', 0),
	(4288, 'steam:1100001417afcc9', 'mixapero', 0),
	(4289, 'steam:1100001417afcc9', 'gazbottle', 0),
	(4290, 'steam:1100001417afcc9', 'absinthe', 0),
	(4291, 'steam:1100001417afcc9', 'opium', 0),
	(4292, 'steam:1100001417afcc9', 'cupcake', 0),
	(4293, 'steam:1100001417afcc9', 'essence', 0),
	(4294, 'steam:1100001417afcc9', 'coca_leaf', 0),
	(4295, 'steam:1100001417afcc9', 'water', 0),
	(4296, 'steam:1100001417afcc9', 'lockpick', 0),
	(4297, 'steam:1100001417afcc9', 'bolcacahuetes', 0),
	(4298, 'steam:1100001417afcc9', 'vodka', 0),
	(4299, 'steam:1100001417afcc9', 'vodkaenergy', 0),
	(4300, 'steam:1100001417afcc9', 'casio_watch', 0),
	(4301, 'steam:1100001417afcc9', 'leather', 0),
	(4302, 'steam:1100001417afcc9', 'gps', 0),
	(4303, 'steam:1100001417afcc9', 'advancedlockpick', 0),
	(4304, 'steam:1100001417afcc9', 'gold', 0),
	(4305, 'steam:1100001417afcc9', 'walkie_lspd', 0),
	(4306, 'steam:1100001417afcc9', 'medkit', 0),
	(4307, 'steam:1100001417afcc9', 'binocular', 0),
	(4308, 'steam:1100001417afcc9', 'kompensator', 0),
	(4309, 'steam:1100001417afcc9', 'WEAPON_CARBINERIFLE', 0),
	(4310, 'steam:1100001417afcc9', 'pizza', 0),
	(4311, 'steam:1100001417afcc9', 'pistachio', 0),
	(4312, 'steam:1100001417afcc9', 'weapon_piece', 0),
	(4313, 'steam:1100001417afcc9', '100gbag', 0),
	(4314, 'steam:1100001417afcc9', 'electronics', 0),
	(4315, 'steam:1100001417afcc9', 'alive_chicken', 0),
	(4316, 'steam:1100001417afcc9', 'meat', 0),
	(4317, 'steam:1100001417afcc9', 'vicodin', 0),
	(4318, 'steam:1100001417afcc9', 'turtlebait', 0),
	(4319, 'steam:1100001417afcc9', 'turtle', 0),
	(4320, 'steam:1100001417afcc9', 'jager', 0),
	(4321, 'steam:1100001417afcc9', 'slaughtered_chicken', 0),
	(4322, 'steam:1100001417afcc9', 'thionyl_chloride', 0),
	(4323, 'steam:1100001417afcc9', 'handcuffs', 0),
	(4324, 'steam:1100001417afcc9', 'receipt', 0),
	(4325, 'steam:1100001417afcc9', 'packaged_plank', 0),
	(4326, 'steam:1100001417afcc9', 'cocacola', 0),
	(4327, 'steam:1100001417afcc9', 'WEAPON_AUTOSHOTGUN_AMMO', 0),
	(4328, 'steam:1100001417afcc9', 'scrap_metal', 0),
	(4329, 'steam:1100001417afcc9', 'tactitalmuzle', 0),
	(4330, 'steam:1100001417afcc9', 'syringe', 0),
	(4331, 'steam:1100001417afcc9', 'electronic_kit', 0),
	(4332, 'steam:1100001417afcc9', 'stone', 0),
	(4333, 'steam:1100001417afcc9', 'kastetdiament', 0),
	(4334, 'steam:1100001417afcc9', 'sulfuric_acid', 0),
	(4335, 'steam:1100001417afcc9', 'mleko', 0),
	(4336, 'steam:1100001417afcc9', 'kastetpink', 0),
	(4337, 'steam:1100001417afcc9', 'cajadecamarones', 0),
	(4338, 'steam:1100001417afcc9', 'steel', 0),
	(4339, 'steam:1100001417afcc9', 'spare_parts', 0),
	(4340, 'steam:1100001417afcc9', 'sodium', 0),
	(4341, 'steam:1100001417afcc9', 'turbo', 0),
	(4342, 'steam:1100001417afcc9', 'sim', 0),
	(4343, 'steam:1100001417afcc9', 'czaszkidlugie', 0),
	(4344, 'steam:1100001417afcc9', 'blowtorch', 0),
	(4345, 'steam:1100001417afcc9', 'menthe', 0),
	(4346, 'steam:1100001417afcc9', 'shark', 0),
	(4347, 'steam:1100001417afcc9', 'iron', 0),
	(4348, 'steam:1100001417afcc9', 'WEAPON_PISTOL', 0),
	(4349, 'steam:1100001417afcc9', 'scubagear', 0),
	(4350, 'steam:1100001417afcc9', 'rhum', 0),
	(4351, 'steam:1100001417afcc9', 'saucisson', 0),
	(4352, 'steam:1100001417afcc9', 'sandwich', 0),
	(4353, 'steam:1100001417afcc9', 'drill', 0),
	(4354, 'steam:1100001417afcc9', 'samsung_s8', 0),
	(4355, 'steam:1100001417afcc9', 'MountedScope', 0),
	(4356, 'steam:1100001417afcc9', 'heroin', 0),
	(4357, 'steam:1100001417afcc9', 'rubber', 0),
	(4358, 'steam:1100001417afcc9', 'bulletproof', 0),
	(4359, 'steam:1100001417afcc9', 'WEAPON_STUNGUN', 0),
	(4360, 'steam:1100001417afcc9', 'moneywash', 0),
	(4361, 'steam:1100001417afcc9', 'lowgradefert', 0),
	(4362, 'steam:1100001417afcc9', 'rollingpaper', 0),
	(4363, 'steam:1100001417afcc9', 'gintonic', 0),
	(4364, 'steam:1100001417afcc9', 'WEAPON_ASSAULTSMG', 0),
	(4365, 'steam:1100001417afcc9', 'coke_pooch', 0),
	(4366, 'steam:1100001417afcc9', 'kastetpimp', 0),
	(4367, 'steam:1100001417afcc9', 'fluor_stick', 0),
	(4368, 'steam:1100001417afcc9', 'cashew', 0),
	(4369, 'steam:1100001417afcc9', 'rolling_paper', 0),
	(4370, 'steam:1100001417afcc9', 'rhumfruit', 0),
	(4371, 'steam:1100001417afcc9', 'screen', 0),
	(4372, 'steam:1100001417afcc9', 'teqpaf', 0),
	(4373, 'steam:1100001417afcc9', 'WEAPON_ADVANCEDRIFLE', 0),
	(4374, 'steam:1100001417afcc9', 'boitierrgb', 0),
	(4375, 'steam:1100001417afcc9', 'packaged_chicken', 0),
	(4376, 'steam:1100001417afcc9', 'powiekszonymagazynek', 0),
	(4377, 'steam:1100001417afcc9', 'wine', 0),
	(4378, 'steam:1100001417afcc9', '9mm_rounds', 0),
	(4379, 'steam:1100001417afcc9', 'platin50', 0),
	(4380, 'steam:1100001417afcc9', 'plantpot', 0),
	(4381, 'steam:1100001417afcc9', 'clip', 0),
	(4382, 'steam:1100001417afcc9', 'cigarette', 0),
	(4383, 'steam:1100001417afcc9', 'cigarett', 0),
	(4384, 'steam:1100001417afcc9', 'boomdlugie', 0),
	(4385, 'steam:1100001417afcc9', 'petrol_raffin', 0),
	(4386, 'steam:1100001417afcc9', 'jagercerbere', 0),
	(4387, 'steam:1100001417afcc9', 'WEAPON_APPISTOL_AMMO', 0),
	(4388, 'steam:1100001417afcc9', 'petrol', 0),
	(4389, 'steam:1100001417afcc9', 'WEAPON_COMBATPISTOL', 0),
	(4390, 'steam:1100001417afcc9', 'kastetplayer', 0),
	(4391, 'steam:1100001417afcc9', 'raspberry', 0),
	(4392, 'steam:1100001417afcc9', 'oxygen_mask', 0),
	(4393, 'steam:1100001417afcc9', 'morphine', 0),
	(4394, 'steam:1100001417afcc9', 'nokia_phone', 0),
	(4395, 'steam:1100001417afcc9', 'fishbait', 0),
	(4396, 'steam:1100001417afcc9', 'highgradefert', 0),
	(4397, 'steam:1100001417afcc9', 'rope', 0),
	(4398, 'steam:1100001417afcc9', 'copper', 0),
	(4399, 'steam:1100001417afcc9', 'mojito', 0),
	(4400, 'steam:1100001417afcc9', 'stockrim', 0),
	(4401, 'steam:1100001417afcc9', 'gas_mask', 0),
	(4402, 'steam:1100001417afcc9', 'lithium', 0),
	(4403, 'steam:1100001417afcc9', 'metreshooter', 0),
	(4404, 'steam:1100001417afcc9', 'meth', 0),
	(4405, 'steam:1100001417afcc9', 'WEAPON_KNIFE', 0),
	(4406, 'steam:1100001417afcc9', 'mediumscope', 0),
	(4407, 'steam:1100001417afcc9', 'vipskinmotyl', 0),
	(4408, 'steam:1100001417afcc9', 'martini', 0),
	(4409, 'steam:1100001417afcc9', 'marijuana', 0),
	(4410, 'steam:1100001417afcc9', 'hamburger', 0),
	(4411, 'steam:1100001417afcc9', 'lsd', 0),
	(4412, 'steam:1100001417afcc9', 'highrim', 0),
	(4413, 'steam:1100001417afcc9', 'WEAPON_ASSAULTSMG_AMMO', 0),
	(4414, 'steam:1100001417afcc9', 'wooddlugie', 0),
	(4415, 'steam:1100001417afcc9', 'WEAPON_APPISTOL', 0),
	(4416, 'steam:1100001417afcc9', 'washed_stone', 0),
	(4417, 'steam:1100001417afcc9', 'cangrejos', 0),
	(4418, 'steam:1100001417afcc9', 'bandage', 0),
	(4419, 'steam:1100001417afcc9', 'drpepper', 0),
	(4420, 'steam:1100001417afcc9', 'fabric', 0),
	(4421, 'steam:1100001417afcc9', 'lighter', 0),
	(4422, 'steam:1100001417afcc9', 'jusfruit', 0),
	(4423, 'steam:1100001417afcc9', 'letter', 0),
	(4424, 'steam:1100001417afcc9', 'gauze', 0),
	(4425, 'steam:1100001417afcc9', 'WEAPON_AUTOSHOTGUN', 0),
	(4426, 'steam:1100001417afcc9', 'adrenaline_shot', 0),
	(4427, 'steam:1100001417afcc9', 'jagerbomb', 0),
	(4428, 'steam:1100001417afcc9', 'clutch', 0),
	(4429, 'steam:1100001417afcc9', 'Suppressor', 0),
	(4430, 'steam:1100001417afcc9', 'lemonade', 0),
	(4431, 'steam:1100001417afcc9', 'fixtool', 0),
	(4432, 'steam:1100001417afcc9', 'champagne', 0),
	(4433, 'steam:1100001417afcc9', 'cajadecangrejos', 0),
	(4434, 'steam:1100001417afcc9', 'keycard', 0),
	(4435, 'steam:1100001417afcc9', 'largescope', 0),
	(4436, 'steam:1100001417afcc9', 'WEAPON_ASSAULTSHOTGUN', 0),
	(4437, 'steam:1100001417afcc9', 'kastetvagos', 0),
	(4438, 'steam:1100001417afcc9', 'grip', 0),
	(4439, 'steam:1100001417afcc9', 'kastethate', 0),
	(4440, 'steam:1100001417afcc9', 'kastetdollar', 0),
	(4441, 'steam:1100001417afcc9', 'fuse', 0),
	(4442, 'steam:1100001417afcc9', 'grapperaisin', 0),
	(4443, 'steam:1100001417afcc9', 'WEAPON_ADVANCEDRIFLE_AMMO', 0),
	(4444, 'steam:1100001417afcc9', 'sunglasses', 0),
	(4445, 'steam:1100001417afcc9', 'wool', 0),
	(4446, 'steam:1100001417afcc9', 'WEAPON_BAT', 0),
	(4447, 'steam:1100001417afcc9', 'cchip', 0),
	(4448, 'steam:1100001417afcc9', 'wood', 0),
	(4449, 'steam:1100001417afcc9', 'jewels', 0),
	(4450, 'steam:1100001417afcc9', 'bolchips', 0),
	(4451, 'steam:1100001417afcc9', 'ice', 0),
	(4452, 'steam:1100001417afcc9', 'holografik', 0),
	(4453, 'steam:1100001417afcc9', 'hydrocodone', 0),
	(4454, 'steam:1100001417afcc9', 'hydrochloric_acid', 0),
	(4455, 'steam:1100001417afcc9', 'highradio', 0),
	(4456, 'steam:1100001417afcc9', 'lsa', 0),
	(4457, 'steam:1100001417afcc9', 'WEAPON_ASSAULTRIFLE_AMMO', 0),
	(4458, 'steam:1100001417afcc9', 'WEAPON_CARBINERIFLE_AMMO', 0),
	(4459, 'steam:1100001417afcc9', 'moneywashid', 0),
	(4460, 'steam:1100001417afcc9', 'bolnoixcajou', 0),
	(4461, 'steam:1100001417afcc9', 'WEAPON_FLASHLIGHT', 0),
	(4462, 'steam:1100001417afcc9', 'breadboard', 0),
	(4463, 'steam:1100001417afcc9', 'airbag', 0),
	(4464, 'steam:1100001417afcc9', 'phone', 0),
	(4465, 'steam:1100001417afcc9', 'tequila', 0),
	(4466, 'steam:1100001417afcc9', 'WEAPON_ASSAULTRIFLE', 0),
	(4467, 'steam:1100001417afcc9', 'walkie_ems', 0),
	(4468, 'steam:1100001417afcc9', 'zebradlugie', 0),
	(4469, 'steam:1100001417afcc9', 'fish', 0),
	(4470, 'steam:1100001417afcc9', 'golem', 0),
	(4471, 'steam:1100001417afcc9', '5gbag', 0),
	(4472, 'steam:1100001417afcc9', 'c4_bank', 0),
	(4473, 'steam:1100001417afcc9', 'gas_pump', 0),
	(4474, 'steam:1100001417afcc9', 'cannabis', 0),
	(4475, 'steam:1100001417afcc9', 'WEAPON_PUMPSHOTGUN_AMMO', 0),
	(4476, 'steam:1100001417afcc9', '50gbag', 0),
	(4477, 'steam:1100001417afcc9', 'gameboy', 0),
	(4478, 'steam:1100001417afcc9', 'shotgun_shells', 0),
	(4479, 'steam:1100001417afcc9', 'firstaidkit', 0),
	(4480, 'steam:1100001417afcc9', 'fishingrod', 0),
	(4481, 'steam:1100001417afcc9', 'battery', 0),
	(4482, 'steam:1100001417afcc9', 'blowpipe', 0),
	(4483, 'steam:1100001417afcc9', 'icetea', 0),
	(4484, 'steam:1100001417afcc9', 'bread', 0),
	(4485, 'steam:1100001417afcc9', 'enginekiller', 0),
	(4486, 'steam:1100001417afcc9', 'energy', 0),
	(4487, 'steam:1100001417afcc9', 'vodkafruit', 0),
	(4488, 'steam:1100001417afcc9', 'drugscales', 0),
	(4489, 'steam:1100001417afcc9', 'WEAPON_COMBATPISTOL_AMMO', 0),
	(4490, 'steam:1100001417afcc9', 'bolpistache', 0),
	(4491, 'steam:1100001417afcc9', 'epinephrine', 0),
	(4492, 'steam:1100001417afcc9', 'celownikdluga', 0),
	(4493, 'steam:1100001417afcc9', 'colis', 0),
	(4494, 'steam:1100001417afcc9', 'WEAPON_SMG', 0),
	(4495, 'steam:1100001417afcc9', 'clothe', 0),
	(4496, 'steam:1100001417afcc9', 'chocolate', 0),
	(4497, 'steam:1100001417afcc9', 'acetone', 0),
	(4498, 'steam:1100001417afcc9', 'yusuf', 0),
	(4499, 'steam:1100001417afcc9', 'WEAPON_SMG_AMMO', 0),
	(4500, 'steam:1100001417afcc9', 'chemicals', 0),
	(4501, 'steam:11000013ee8da84', 'wheel', 0),
	(4502, 'steam:11000013ee8da84', 'coffe', 1),
	(4503, 'steam:11000013ee8da84', 'chemicalslisence', 0),
	(4504, 'steam:11000013ee8da84', 'camarones', 0),
	(4505, 'steam:11000013ee8da84', 'coke', 0),
	(4506, 'steam:11000013ee8da84', 'glass', 0),
	(4507, 'steam:11000013ee8da84', 'limonade', 0),
	(4508, 'steam:11000013ee8da84', 'beer', 0),
	(4509, 'steam:11000013ee8da84', 'flashlight', 0),
	(4510, 'steam:11000013ee8da84', 'firstaid', 0),
	(4511, 'steam:11000013ee8da84', 'hackerDevice', 0),
	(4512, 'steam:11000013ee8da84', 'chips', 0),
	(4513, 'steam:11000013ee8da84', 'carokit', 0),
	(4514, 'steam:11000013ee8da84', 'xtc', 0),
	(4515, 'steam:11000013ee8da84', 'WEAPON_PISTOL_AMMO', 0),
	(4516, 'steam:11000013ee8da84', 'rhumcoca', 0),
	(4517, 'steam:11000013ee8da84', 'sodium_hydroxide', 0),
	(4518, 'steam:11000013ee8da84', 'kastetbalas', 0),
	(4519, 'steam:11000013ee8da84', 'grand_cru', 0),
	(4520, 'steam:11000013ee8da84', 'carotool', 0),
	(4521, 'steam:11000013ee8da84', 'woodheavyp', 0),
	(4522, 'steam:11000013ee8da84', 'apple_iphone', 0),
	(4523, 'steam:11000013ee8da84', 'lowradio', 0),
	(4524, 'steam:11000013ee8da84', 'WEAPON_PUMPSHOTGUN', 0),
	(4525, 'steam:11000013ee8da84', 'fixkit', 0),
	(4526, 'steam:11000013ee8da84', 'soda', 0),
	(4527, 'steam:11000013ee8da84', 'joint', 0),
	(4528, 'steam:11000013ee8da84', 'cutted_wood', 0),
	(4529, 'steam:11000013ee8da84', 'poppyresin', 0),
	(4530, 'steam:11000013ee8da84', 'white_pearl', 0),
	(4531, 'steam:11000013ee8da84', 'adrenaline', 0),
	(4532, 'steam:11000013ee8da84', 'WEAPON_ASSAULTSHOTGUN_AMMO', 0),
	(4533, 'steam:11000013ee8da84', 'medikit', 0),
	(4534, 'steam:11000013ee8da84', '10', 0),
	(4535, 'steam:11000013ee8da84', 'whiskycoca', 0),
	(4536, 'steam:11000013ee8da84', '1gbag', 0),
	(4537, 'steam:11000013ee8da84', 'whisky', 0),
	(4538, 'steam:11000013ee8da84', 'mixapero', 0),
	(4539, 'steam:11000013ee8da84', 'gazbottle', 0),
	(4540, 'steam:11000013ee8da84', 'absinthe', 0),
	(4541, 'steam:11000013ee8da84', 'opium', 0),
	(4542, 'steam:11000013ee8da84', 'cupcake', 1),
	(4543, 'steam:11000013ee8da84', 'essence', 0),
	(4544, 'steam:11000013ee8da84', 'coca_leaf', 0),
	(4545, 'steam:11000013ee8da84', 'water', 5),
	(4546, 'steam:11000013ee8da84', 'lockpick', 0),
	(4547, 'steam:11000013ee8da84', 'bolcacahuetes', 0),
	(4548, 'steam:11000013ee8da84', 'vodka', 0),
	(4549, 'steam:11000013ee8da84', 'vodkaenergy', 0),
	(4550, 'steam:11000013ee8da84', 'casio_watch', 0),
	(4551, 'steam:11000013ee8da84', 'leather', 0),
	(4552, 'steam:11000013ee8da84', 'gps', 0),
	(4553, 'steam:11000013ee8da84', 'advancedlockpick', 0),
	(4554, 'steam:11000013ee8da84', 'gold', 0),
	(4555, 'steam:11000013ee8da84', 'walkie_lspd', 0),
	(4556, 'steam:11000013ee8da84', 'medkit', 0),
	(4557, 'steam:11000013ee8da84', 'binocular', 0),
	(4558, 'steam:11000013ee8da84', 'kompensator', 0),
	(4559, 'steam:11000013ee8da84', 'WEAPON_CARBINERIFLE', 0),
	(4560, 'steam:11000013ee8da84', 'pizza', 0),
	(4561, 'steam:11000013ee8da84', 'pistachio', 0),
	(4562, 'steam:11000013ee8da84', 'weapon_piece', 0),
	(4563, 'steam:11000013ee8da84', '100gbag', 0),
	(4564, 'steam:11000013ee8da84', 'electronics', 0),
	(4565, 'steam:11000013ee8da84', 'alive_chicken', 0),
	(4566, 'steam:11000013ee8da84', 'meat', 0),
	(4567, 'steam:11000013ee8da84', 'vicodin', 0),
	(4568, 'steam:11000013ee8da84', 'turtlebait', 0),
	(4569, 'steam:11000013ee8da84', 'turtle', 0),
	(4570, 'steam:11000013ee8da84', 'jager', 0),
	(4571, 'steam:11000013ee8da84', 'slaughtered_chicken', 0),
	(4572, 'steam:11000013ee8da84', 'thionyl_chloride', 0),
	(4573, 'steam:11000013ee8da84', 'handcuffs', 0),
	(4574, 'steam:11000013ee8da84', 'receipt', 0),
	(4575, 'steam:11000013ee8da84', 'packaged_plank', 0),
	(4576, 'steam:11000013ee8da84', 'cocacola', 1),
	(4577, 'steam:11000013ee8da84', 'WEAPON_AUTOSHOTGUN_AMMO', 0),
	(4578, 'steam:11000013ee8da84', 'scrap_metal', 0),
	(4579, 'steam:11000013ee8da84', 'tactitalmuzle', 0),
	(4580, 'steam:11000013ee8da84', 'syringe', 0),
	(4581, 'steam:11000013ee8da84', 'electronic_kit', 0),
	(4582, 'steam:11000013ee8da84', 'stone', 0),
	(4583, 'steam:11000013ee8da84', 'kastetdiament', 0),
	(4584, 'steam:11000013ee8da84', 'sulfuric_acid', 0),
	(4585, 'steam:11000013ee8da84', 'mleko', 0),
	(4586, 'steam:11000013ee8da84', 'kastetpink', 0),
	(4587, 'steam:11000013ee8da84', 'cajadecamarones', 0),
	(4588, 'steam:11000013ee8da84', 'steel', 0),
	(4589, 'steam:11000013ee8da84', 'spare_parts', 0),
	(4590, 'steam:11000013ee8da84', 'sodium', 0),
	(4591, 'steam:11000013ee8da84', 'turbo', 0),
	(4592, 'steam:11000013ee8da84', 'sim', 0),
	(4593, 'steam:11000013ee8da84', 'czaszkidlugie', 0),
	(4594, 'steam:11000013ee8da84', 'blowtorch', 0),
	(4595, 'steam:11000013ee8da84', 'menthe', 0),
	(4596, 'steam:11000013ee8da84', 'shark', 0),
	(4597, 'steam:11000013ee8da84', 'iron', 0),
	(4598, 'steam:11000013ee8da84', 'WEAPON_PISTOL', 0),
	(4599, 'steam:11000013ee8da84', 'scubagear', 0),
	(4600, 'steam:11000013ee8da84', 'rhum', 0),
	(4601, 'steam:11000013ee8da84', 'saucisson', 0),
	(4602, 'steam:11000013ee8da84', 'sandwich', 0),
	(4603, 'steam:11000013ee8da84', 'drill', 0),
	(4604, 'steam:11000013ee8da84', 'samsung_s8', 0),
	(4605, 'steam:11000013ee8da84', 'MountedScope', 0),
	(4606, 'steam:11000013ee8da84', 'heroin', 0),
	(4607, 'steam:11000013ee8da84', 'rubber', 0),
	(4608, 'steam:11000013ee8da84', 'bulletproof', 0),
	(4609, 'steam:11000013ee8da84', 'WEAPON_STUNGUN', 0),
	(4610, 'steam:11000013ee8da84', 'moneywash', 0),
	(4611, 'steam:11000013ee8da84', 'lowgradefert', 0),
	(4612, 'steam:11000013ee8da84', 'rollingpaper', 0),
	(4613, 'steam:11000013ee8da84', 'gintonic', 0),
	(4614, 'steam:11000013ee8da84', 'WEAPON_ASSAULTSMG', 0),
	(4615, 'steam:11000013ee8da84', 'coke_pooch', 0),
	(4616, 'steam:11000013ee8da84', 'kastetpimp', 0),
	(4617, 'steam:11000013ee8da84', 'fluor_stick', 0),
	(4618, 'steam:11000013ee8da84', 'cashew', 0),
	(4619, 'steam:11000013ee8da84', 'rolling_paper', 0),
	(4620, 'steam:11000013ee8da84', 'rhumfruit', 0),
	(4621, 'steam:11000013ee8da84', 'screen', 0),
	(4622, 'steam:11000013ee8da84', 'teqpaf', 0),
	(4623, 'steam:11000013ee8da84', 'WEAPON_ADVANCEDRIFLE', 0),
	(4624, 'steam:11000013ee8da84', 'boitierrgb', 0),
	(4625, 'steam:11000013ee8da84', 'packaged_chicken', 0),
	(4626, 'steam:11000013ee8da84', 'powiekszonymagazynek', 0),
	(4627, 'steam:11000013ee8da84', 'wine', 0),
	(4628, 'steam:11000013ee8da84', '9mm_rounds', 0),
	(4629, 'steam:11000013ee8da84', 'platin50', 0),
	(4630, 'steam:11000013ee8da84', 'plantpot', 0),
	(4631, 'steam:11000013ee8da84', 'clip', 0),
	(4632, 'steam:11000013ee8da84', 'cigarette', 2),
	(4633, 'steam:11000013ee8da84', 'cigarett', 0),
	(4634, 'steam:11000013ee8da84', 'boomdlugie', 0),
	(4635, 'steam:11000013ee8da84', 'petrol_raffin', 0),
	(4636, 'steam:11000013ee8da84', 'jagercerbere', 0),
	(4637, 'steam:11000013ee8da84', 'WEAPON_APPISTOL_AMMO', 0),
	(4638, 'steam:11000013ee8da84', 'petrol', 0),
	(4639, 'steam:11000013ee8da84', 'WEAPON_COMBATPISTOL', 0),
	(4640, 'steam:11000013ee8da84', 'kastetplayer', 0),
	(4641, 'steam:11000013ee8da84', 'raspberry', 0),
	(4642, 'steam:11000013ee8da84', 'oxygen_mask', 0),
	(4643, 'steam:11000013ee8da84', 'morphine', 0),
	(4644, 'steam:11000013ee8da84', 'nokia_phone', 0),
	(4645, 'steam:11000013ee8da84', 'fishbait', 0),
	(4646, 'steam:11000013ee8da84', 'highgradefert', 0),
	(4647, 'steam:11000013ee8da84', 'rope', 0),
	(4648, 'steam:11000013ee8da84', 'copper', 0),
	(4649, 'steam:11000013ee8da84', 'mojito', 0),
	(4650, 'steam:11000013ee8da84', 'stockrim', 0),
	(4651, 'steam:11000013ee8da84', 'gas_mask', 0),
	(4652, 'steam:11000013ee8da84', 'lithium', 0),
	(4653, 'steam:11000013ee8da84', 'metreshooter', 0),
	(4654, 'steam:11000013ee8da84', 'meth', 0),
	(4655, 'steam:11000013ee8da84', 'WEAPON_KNIFE', 0),
	(4656, 'steam:11000013ee8da84', 'mediumscope', 0),
	(4657, 'steam:11000013ee8da84', 'vipskinmotyl', 0),
	(4658, 'steam:11000013ee8da84', 'martini', 0),
	(4659, 'steam:11000013ee8da84', 'marijuana', 0),
	(4660, 'steam:11000013ee8da84', 'hamburger', 4),
	(4661, 'steam:11000013ee8da84', 'lsd', 0),
	(4662, 'steam:11000013ee8da84', 'highrim', 0),
	(4663, 'steam:11000013ee8da84', 'WEAPON_ASSAULTSMG_AMMO', 0),
	(4664, 'steam:11000013ee8da84', 'wooddlugie', 0),
	(4665, 'steam:11000013ee8da84', 'WEAPON_APPISTOL', 0),
	(4666, 'steam:11000013ee8da84', 'washed_stone', 0),
	(4667, 'steam:11000013ee8da84', 'cangrejos', 0),
	(4668, 'steam:11000013ee8da84', 'bandage', 0),
	(4669, 'steam:11000013ee8da84', 'drpepper', 0),
	(4670, 'steam:11000013ee8da84', 'fabric', 0),
	(4671, 'steam:11000013ee8da84', 'lighter', 0),
	(4672, 'steam:11000013ee8da84', 'jusfruit', 0),
	(4673, 'steam:11000013ee8da84', 'letter', 0),
	(4674, 'steam:11000013ee8da84', 'gauze', 0),
	(4675, 'steam:11000013ee8da84', 'WEAPON_AUTOSHOTGUN', 0),
	(4676, 'steam:11000013ee8da84', 'adrenaline_shot', 0),
	(4677, 'steam:11000013ee8da84', 'jagerbomb', 0),
	(4678, 'steam:11000013ee8da84', 'clutch', 0),
	(4679, 'steam:11000013ee8da84', 'Suppressor', 0),
	(4680, 'steam:11000013ee8da84', 'lemonade', 0),
	(4681, 'steam:11000013ee8da84', 'fixtool', 0),
	(4682, 'steam:11000013ee8da84', 'champagne', 0),
	(4683, 'steam:11000013ee8da84', 'cajadecangrejos', 0),
	(4684, 'steam:11000013ee8da84', 'keycard', 0),
	(4685, 'steam:11000013ee8da84', 'largescope', 0),
	(4686, 'steam:11000013ee8da84', 'WEAPON_ASSAULTSHOTGUN', 0),
	(4687, 'steam:11000013ee8da84', 'kastetvagos', 0),
	(4688, 'steam:11000013ee8da84', 'grip', 0),
	(4689, 'steam:11000013ee8da84', 'kastethate', 0),
	(4690, 'steam:11000013ee8da84', 'kastetdollar', 0),
	(4691, 'steam:11000013ee8da84', 'fuse', 0),
	(4692, 'steam:11000013ee8da84', 'grapperaisin', 0),
	(4693, 'steam:11000013ee8da84', 'WEAPON_ADVANCEDRIFLE_AMMO', 0),
	(4694, 'steam:11000013ee8da84', 'sunglasses', 0),
	(4695, 'steam:11000013ee8da84', 'wool', 0),
	(4696, 'steam:11000013ee8da84', 'WEAPON_BAT', 0),
	(4697, 'steam:11000013ee8da84', 'cchip', 0),
	(4698, 'steam:11000013ee8da84', 'wood', 0),
	(4699, 'steam:11000013ee8da84', 'jewels', 0),
	(4700, 'steam:11000013ee8da84', 'bolchips', 0),
	(4701, 'steam:11000013ee8da84', 'ice', 0),
	(4702, 'steam:11000013ee8da84', 'holografik', 0),
	(4703, 'steam:11000013ee8da84', 'hydrocodone', 0),
	(4704, 'steam:11000013ee8da84', 'hydrochloric_acid', 0),
	(4705, 'steam:11000013ee8da84', 'highradio', 0),
	(4706, 'steam:11000013ee8da84', 'lsa', 0),
	(4707, 'steam:11000013ee8da84', 'WEAPON_ASSAULTRIFLE_AMMO', 0),
	(4708, 'steam:11000013ee8da84', 'WEAPON_CARBINERIFLE_AMMO', 0),
	(4709, 'steam:11000013ee8da84', 'moneywashid', 0),
	(4710, 'steam:11000013ee8da84', 'bolnoixcajou', 0),
	(4711, 'steam:11000013ee8da84', 'WEAPON_FLASHLIGHT', 0),
	(4712, 'steam:11000013ee8da84', 'breadboard', 0),
	(4713, 'steam:11000013ee8da84', 'airbag', 0),
	(4714, 'steam:11000013ee8da84', 'phone', 2),
	(4715, 'steam:11000013ee8da84', 'tequila', 0),
	(4716, 'steam:11000013ee8da84', 'WEAPON_ASSAULTRIFLE', 0),
	(4717, 'steam:11000013ee8da84', 'walkie_ems', 0),
	(4718, 'steam:11000013ee8da84', 'zebradlugie', 0),
	(4719, 'steam:11000013ee8da84', 'fish', 0),
	(4720, 'steam:11000013ee8da84', 'golem', 0),
	(4721, 'steam:11000013ee8da84', '5gbag', 0),
	(4722, 'steam:11000013ee8da84', 'c4_bank', 0),
	(4723, 'steam:11000013ee8da84', 'gas_pump', 0),
	(4724, 'steam:11000013ee8da84', 'cannabis', 0),
	(4725, 'steam:11000013ee8da84', 'WEAPON_PUMPSHOTGUN_AMMO', 0),
	(4726, 'steam:11000013ee8da84', '50gbag', 0),
	(4727, 'steam:11000013ee8da84', 'gameboy', 0),
	(4728, 'steam:11000013ee8da84', 'shotgun_shells', 0),
	(4729, 'steam:11000013ee8da84', 'firstaidkit', 0),
	(4730, 'steam:11000013ee8da84', 'fishingrod', 0),
	(4731, 'steam:11000013ee8da84', 'battery', 0),
	(4732, 'steam:11000013ee8da84', 'blowpipe', 0),
	(4733, 'steam:11000013ee8da84', 'icetea', 0),
	(4734, 'steam:11000013ee8da84', 'bread', 9),
	(4735, 'steam:11000013ee8da84', 'enginekiller', 0),
	(4736, 'steam:11000013ee8da84', 'energy', 0),
	(4737, 'steam:11000013ee8da84', 'vodkafruit', 0),
	(4738, 'steam:11000013ee8da84', 'drugscales', 0),
	(4739, 'steam:11000013ee8da84', 'WEAPON_COMBATPISTOL_AMMO', 0),
	(4740, 'steam:11000013ee8da84', 'bolpistache', 0),
	(4741, 'steam:11000013ee8da84', 'epinephrine', 0),
	(4742, 'steam:11000013ee8da84', 'celownikdluga', 0),
	(4743, 'steam:11000013ee8da84', 'colis', 0),
	(4744, 'steam:11000013ee8da84', 'WEAPON_SMG', 0),
	(4745, 'steam:11000013ee8da84', 'clothe', 0),
	(4746, 'steam:11000013ee8da84', 'chocolate', 0),
	(4747, 'steam:11000013ee8da84', 'acetone', 0),
	(4748, 'steam:11000013ee8da84', 'yusuf', 0),
	(4749, 'steam:11000013ee8da84', 'WEAPON_SMG_AMMO', 0),
	(4750, 'steam:11000013ee8da84', 'chemicals', 0),
	(4751, 'steam:11000013e171b9d', 'wheel', 0),
	(4752, 'steam:11000013e171b9d', 'coffe', 0),
	(4753, 'steam:11000013e171b9d', 'chemicalslisence', 0),
	(4754, 'steam:11000013e171b9d', 'camarones', 0),
	(4755, 'steam:11000013e171b9d', 'coke', 0),
	(4756, 'steam:11000013e171b9d', 'firstaid', 0),
	(4757, 'steam:11000013e171b9d', 'glass', 0),
	(4758, 'steam:11000013e171b9d', 'limonade', 0),
	(4759, 'steam:11000013e171b9d', 'beer', 0),
	(4760, 'steam:11000013e171b9d', 'flashlight', 0),
	(4761, 'steam:11000013e171b9d', 'hackerDevice', 0),
	(4762, 'steam:11000013e171b9d', 'chips', 0),
	(4763, 'steam:11000013e171b9d', 'carokit', 0),
	(4764, 'steam:11000013e171b9d', 'xtc', 0),
	(4765, 'steam:11000013e171b9d', 'WEAPON_PISTOL_AMMO', 0),
	(4766, 'steam:11000013e171b9d', 'rhumcoca', 0),
	(4767, 'steam:11000013e171b9d', 'sodium_hydroxide', 0),
	(4768, 'steam:11000013e171b9d', 'kastetbalas', 0),
	(4769, 'steam:11000013e171b9d', 'grand_cru', 0),
	(4770, 'steam:11000013e171b9d', 'carotool', 0),
	(4771, 'steam:11000013e171b9d', 'woodheavyp', 0),
	(4772, 'steam:11000013e171b9d', 'apple_iphone', 0),
	(4773, 'steam:11000013e171b9d', 'lowradio', 0),
	(4774, 'steam:11000013e171b9d', 'WEAPON_PUMPSHOTGUN', 0),
	(4775, 'steam:11000013e171b9d', 'fixkit', 0),
	(4776, 'steam:11000013e171b9d', 'soda', 0),
	(4777, 'steam:11000013e171b9d', 'joint', 0),
	(4778, 'steam:11000013e171b9d', 'cutted_wood', 0),
	(4779, 'steam:11000013e171b9d', 'poppyresin', 0),
	(4780, 'steam:11000013e171b9d', 'white_pearl', 0),
	(4781, 'steam:11000013e171b9d', 'adrenaline', 0),
	(4782, 'steam:11000013e171b9d', 'WEAPON_ASSAULTSHOTGUN_AMMO', 0),
	(4783, 'steam:11000013e171b9d', 'medikit', 0),
	(4784, 'steam:11000013e171b9d', '10', 0),
	(4785, 'steam:11000013e171b9d', 'whiskycoca', 0),
	(4786, 'steam:11000013e171b9d', '1gbag', 0),
	(4787, 'steam:11000013e171b9d', 'whisky', 0),
	(4788, 'steam:11000013e171b9d', 'mixapero', 0),
	(4789, 'steam:11000013e171b9d', 'gazbottle', 0),
	(4790, 'steam:11000013e171b9d', 'absinthe', 0),
	(4791, 'steam:11000013e171b9d', 'opium', 0),
	(4792, 'steam:11000013e171b9d', 'cupcake', 0),
	(4793, 'steam:11000013e171b9d', 'essence', 0),
	(4794, 'steam:11000013e171b9d', 'coca_leaf', 0),
	(4795, 'steam:11000013e171b9d', 'water', 0),
	(4796, 'steam:11000013e171b9d', 'lockpick', 0),
	(4797, 'steam:11000013e171b9d', 'bolcacahuetes', 0),
	(4798, 'steam:11000013e171b9d', 'vodka', 0),
	(4799, 'steam:11000013e171b9d', 'vodkaenergy', 0),
	(4800, 'steam:11000013e171b9d', 'casio_watch', 0),
	(4801, 'steam:11000013e171b9d', 'leather', 0),
	(4802, 'steam:11000013e171b9d', 'gps', 0),
	(4803, 'steam:11000013e171b9d', 'advancedlockpick', 0),
	(4804, 'steam:11000013e171b9d', 'gold', 0),
	(4805, 'steam:11000013e171b9d', 'walkie_lspd', 0),
	(4806, 'steam:11000013e171b9d', 'medkit', 0),
	(4807, 'steam:11000013e171b9d', 'binocular', 0),
	(4808, 'steam:11000013e171b9d', 'kompensator', 0),
	(4809, 'steam:11000013e171b9d', 'WEAPON_CARBINERIFLE', 0),
	(4810, 'steam:11000013e171b9d', 'pizza', 0),
	(4811, 'steam:11000013e171b9d', 'pistachio', 0),
	(4812, 'steam:11000013e171b9d', 'weapon_piece', 0),
	(4813, 'steam:11000013e171b9d', '100gbag', 0),
	(4814, 'steam:11000013e171b9d', 'electronics', 0),
	(4815, 'steam:11000013e171b9d', 'alive_chicken', 0),
	(4816, 'steam:11000013e171b9d', 'meat', 0),
	(4817, 'steam:11000013e171b9d', 'vicodin', 0),
	(4818, 'steam:11000013e171b9d', 'turtlebait', 0),
	(4819, 'steam:11000013e171b9d', 'turtle', 0),
	(4820, 'steam:11000013e171b9d', 'jager', 0),
	(4821, 'steam:11000013e171b9d', 'slaughtered_chicken', 0),
	(4822, 'steam:11000013e171b9d', 'thionyl_chloride', 0),
	(4823, 'steam:11000013e171b9d', 'handcuffs', 0),
	(4824, 'steam:11000013e171b9d', 'receipt', 0),
	(4825, 'steam:11000013e171b9d', 'packaged_plank', 0),
	(4826, 'steam:11000013e171b9d', 'cocacola', 0),
	(4827, 'steam:11000013e171b9d', 'WEAPON_AUTOSHOTGUN_AMMO', 0),
	(4828, 'steam:11000013e171b9d', 'scrap_metal', 0),
	(4829, 'steam:11000013e171b9d', 'tactitalmuzle', 0),
	(4830, 'steam:11000013e171b9d', 'syringe', 0),
	(4831, 'steam:11000013e171b9d', 'electronic_kit', 0),
	(4832, 'steam:11000013e171b9d', 'stone', 0),
	(4833, 'steam:11000013e171b9d', 'kastetdiament', 0),
	(4834, 'steam:11000013e171b9d', 'sulfuric_acid', 0),
	(4835, 'steam:11000013e171b9d', 'mleko', 0),
	(4836, 'steam:11000013e171b9d', 'kastetpink', 0),
	(4837, 'steam:11000013e171b9d', 'cajadecamarones', 0),
	(4838, 'steam:11000013e171b9d', 'steel', 0),
	(4839, 'steam:11000013e171b9d', 'spare_parts', 0),
	(4840, 'steam:11000013e171b9d', 'sodium', 0),
	(4841, 'steam:11000013e171b9d', 'turbo', 0),
	(4842, 'steam:11000013e171b9d', 'sim', 0),
	(4843, 'steam:11000013e171b9d', 'czaszkidlugie', 0),
	(4844, 'steam:11000013e171b9d', 'blowtorch', 0),
	(4845, 'steam:11000013e171b9d', 'menthe', 0),
	(4846, 'steam:11000013e171b9d', 'shark', 0),
	(4847, 'steam:11000013e171b9d', 'iron', 0),
	(4848, 'steam:11000013e171b9d', 'WEAPON_PISTOL', 0),
	(4849, 'steam:11000013e171b9d', 'scubagear', 0),
	(4850, 'steam:11000013e171b9d', 'rhum', 0),
	(4851, 'steam:11000013e171b9d', 'saucisson', 0),
	(4852, 'steam:11000013e171b9d', 'sandwich', 0),
	(4853, 'steam:11000013e171b9d', 'drill', 0),
	(4854, 'steam:11000013e171b9d', 'samsung_s8', 0),
	(4855, 'steam:11000013e171b9d', 'MountedScope', 0),
	(4856, 'steam:11000013e171b9d', 'heroin', 0),
	(4857, 'steam:11000013e171b9d', 'rubber', 0),
	(4858, 'steam:11000013e171b9d', 'bulletproof', 0),
	(4859, 'steam:11000013e171b9d', 'WEAPON_STUNGUN', 0),
	(4860, 'steam:11000013e171b9d', 'moneywash', 0),
	(4861, 'steam:11000013e171b9d', 'lowgradefert', 0),
	(4862, 'steam:11000013e171b9d', 'rollingpaper', 0),
	(4863, 'steam:11000013e171b9d', 'gintonic', 0),
	(4864, 'steam:11000013e171b9d', 'WEAPON_ASSAULTSMG', 0),
	(4865, 'steam:11000013e171b9d', 'coke_pooch', 0),
	(4866, 'steam:11000013e171b9d', 'kastetpimp', 0),
	(4867, 'steam:11000013e171b9d', 'fluor_stick', 0),
	(4868, 'steam:11000013e171b9d', 'cashew', 0),
	(4869, 'steam:11000013e171b9d', 'rolling_paper', 0),
	(4870, 'steam:11000013e171b9d', 'rhumfruit', 0),
	(4871, 'steam:11000013e171b9d', 'screen', 0),
	(4872, 'steam:11000013e171b9d', 'teqpaf', 0),
	(4873, 'steam:11000013e171b9d', 'WEAPON_ADVANCEDRIFLE', 0),
	(4874, 'steam:11000013e171b9d', 'boitierrgb', 0),
	(4875, 'steam:11000013e171b9d', 'packaged_chicken', 0),
	(4876, 'steam:11000013e171b9d', 'powiekszonymagazynek', 0),
	(4877, 'steam:11000013e171b9d', 'wine', 0),
	(4878, 'steam:11000013e171b9d', '9mm_rounds', 0),
	(4879, 'steam:11000013e171b9d', 'platin50', 0),
	(4880, 'steam:11000013e171b9d', 'plantpot', 0),
	(4881, 'steam:11000013e171b9d', 'clip', 0),
	(4882, 'steam:11000013e171b9d', 'cigarette', 0),
	(4883, 'steam:11000013e171b9d', 'cigarett', 0),
	(4884, 'steam:11000013e171b9d', 'boomdlugie', 0),
	(4885, 'steam:11000013e171b9d', 'petrol_raffin', 0),
	(4886, 'steam:11000013e171b9d', 'jagercerbere', 0),
	(4887, 'steam:11000013e171b9d', 'WEAPON_APPISTOL_AMMO', 0),
	(4888, 'steam:11000013e171b9d', 'petrol', 0),
	(4889, 'steam:11000013e171b9d', 'WEAPON_COMBATPISTOL', 0),
	(4890, 'steam:11000013e171b9d', 'kastetplayer', 0),
	(4891, 'steam:11000013e171b9d', 'raspberry', 0),
	(4892, 'steam:11000013e171b9d', 'oxygen_mask', 0),
	(4893, 'steam:11000013e171b9d', 'morphine', 0),
	(4894, 'steam:11000013e171b9d', 'nokia_phone', 0),
	(4895, 'steam:11000013e171b9d', 'fishbait', 0),
	(4896, 'steam:11000013e171b9d', 'highgradefert', 0),
	(4897, 'steam:11000013e171b9d', 'rope', 0),
	(4898, 'steam:11000013e171b9d', 'copper', 0),
	(4899, 'steam:11000013e171b9d', 'mojito', 0),
	(4900, 'steam:11000013e171b9d', 'stockrim', 0),
	(4901, 'steam:11000013e171b9d', 'gas_mask', 0),
	(4902, 'steam:11000013e171b9d', 'lithium', 0),
	(4903, 'steam:11000013e171b9d', 'metreshooter', 0),
	(4904, 'steam:11000013e171b9d', 'meth', 0),
	(4905, 'steam:11000013e171b9d', 'WEAPON_KNIFE', 0),
	(4906, 'steam:11000013e171b9d', 'mediumscope', 0),
	(4907, 'steam:11000013e171b9d', 'vipskinmotyl', 0),
	(4908, 'steam:11000013e171b9d', 'martini', 0),
	(4909, 'steam:11000013e171b9d', 'marijuana', 0),
	(4910, 'steam:11000013e171b9d', 'hamburger', 0),
	(4911, 'steam:11000013e171b9d', 'lsd', 0),
	(4912, 'steam:11000013e171b9d', 'highrim', 0),
	(4913, 'steam:11000013e171b9d', 'WEAPON_ASSAULTSMG_AMMO', 0),
	(4914, 'steam:11000013e171b9d', 'wooddlugie', 0),
	(4915, 'steam:11000013e171b9d', 'WEAPON_APPISTOL', 0),
	(4916, 'steam:11000013e171b9d', 'washed_stone', 0),
	(4917, 'steam:11000013e171b9d', 'cangrejos', 0),
	(4918, 'steam:11000013e171b9d', 'bandage', 0),
	(4919, 'steam:11000013e171b9d', 'drpepper', 0),
	(4920, 'steam:11000013e171b9d', 'fabric', 0),
	(4921, 'steam:11000013e171b9d', 'lighter', 0),
	(4922, 'steam:11000013e171b9d', 'jusfruit', 0),
	(4923, 'steam:11000013e171b9d', 'letter', 0),
	(4924, 'steam:11000013e171b9d', 'gauze', 0),
	(4925, 'steam:11000013e171b9d', 'WEAPON_AUTOSHOTGUN', 0),
	(4926, 'steam:11000013e171b9d', 'adrenaline_shot', 0),
	(4927, 'steam:11000013e171b9d', 'jagerbomb', 0),
	(4928, 'steam:11000013e171b9d', 'clutch', 0),
	(4929, 'steam:11000013e171b9d', 'Suppressor', 0),
	(4930, 'steam:11000013e171b9d', 'lemonade', 0),
	(4931, 'steam:11000013e171b9d', 'fixtool', 0),
	(4932, 'steam:11000013e171b9d', 'champagne', 0),
	(4933, 'steam:11000013e171b9d', 'cajadecangrejos', 0),
	(4934, 'steam:11000013e171b9d', 'keycard', 0),
	(4935, 'steam:11000013e171b9d', 'largescope', 0),
	(4936, 'steam:11000013e171b9d', 'WEAPON_ASSAULTSHOTGUN', 0),
	(4937, 'steam:11000013e171b9d', 'kastetvagos', 0),
	(4938, 'steam:11000013e171b9d', 'grip', 0),
	(4939, 'steam:11000013e171b9d', 'kastethate', 0),
	(4940, 'steam:11000013e171b9d', 'kastetdollar', 0),
	(4941, 'steam:11000013e171b9d', 'fuse', 0),
	(4942, 'steam:11000013e171b9d', 'grapperaisin', 0),
	(4943, 'steam:11000013e171b9d', 'WEAPON_ADVANCEDRIFLE_AMMO', 0),
	(4944, 'steam:11000013e171b9d', 'sunglasses', 0),
	(4945, 'steam:11000013e171b9d', 'wool', 0),
	(4946, 'steam:11000013e171b9d', 'WEAPON_BAT', 0),
	(4947, 'steam:11000013e171b9d', 'cchip', 0),
	(4948, 'steam:11000013e171b9d', 'wood', 0),
	(4949, 'steam:11000013e171b9d', 'jewels', 0),
	(4950, 'steam:11000013e171b9d', 'bolchips', 0),
	(4951, 'steam:11000013e171b9d', 'ice', 0),
	(4952, 'steam:11000013e171b9d', 'holografik', 0),
	(4953, 'steam:11000013e171b9d', 'hydrocodone', 0),
	(4954, 'steam:11000013e171b9d', 'hydrochloric_acid', 0),
	(4955, 'steam:11000013e171b9d', 'highradio', 0),
	(4956, 'steam:11000013e171b9d', 'lsa', 0),
	(4957, 'steam:11000013e171b9d', 'WEAPON_ASSAULTRIFLE_AMMO', 0),
	(4958, 'steam:11000013e171b9d', 'WEAPON_CARBINERIFLE_AMMO', 0),
	(4959, 'steam:11000013e171b9d', 'moneywashid', 0),
	(4960, 'steam:11000013e171b9d', 'bolnoixcajou', 0),
	(4961, 'steam:11000013e171b9d', 'WEAPON_FLASHLIGHT', 0),
	(4962, 'steam:11000013e171b9d', 'breadboard', 0),
	(4963, 'steam:11000013e171b9d', 'airbag', 0),
	(4964, 'steam:11000013e171b9d', 'phone', 0),
	(4965, 'steam:11000013e171b9d', 'tequila', 0),
	(4966, 'steam:11000013e171b9d', 'WEAPON_ASSAULTRIFLE', 0),
	(4967, 'steam:11000013e171b9d', 'walkie_ems', 0),
	(4968, 'steam:11000013e171b9d', 'zebradlugie', 0),
	(4969, 'steam:11000013e171b9d', 'fish', 0),
	(4970, 'steam:11000013e171b9d', 'golem', 0),
	(4971, 'steam:11000013e171b9d', '5gbag', 0),
	(4972, 'steam:11000013e171b9d', 'c4_bank', 0),
	(4973, 'steam:11000013e171b9d', 'gas_pump', 0),
	(4974, 'steam:11000013e171b9d', 'cannabis', 0),
	(4975, 'steam:11000013e171b9d', 'WEAPON_PUMPSHOTGUN_AMMO', 0),
	(4976, 'steam:11000013e171b9d', '50gbag', 0),
	(4977, 'steam:11000013e171b9d', 'gameboy', 0),
	(4978, 'steam:11000013e171b9d', 'shotgun_shells', 0),
	(4979, 'steam:11000013e171b9d', 'firstaidkit', 0),
	(4980, 'steam:11000013e171b9d', 'fishingrod', 0),
	(4981, 'steam:11000013e171b9d', 'battery', 0),
	(4982, 'steam:11000013e171b9d', 'blowpipe', 0),
	(4983, 'steam:11000013e171b9d', 'icetea', 0),
	(4984, 'steam:11000013e171b9d', 'bread', 0),
	(4985, 'steam:11000013e171b9d', 'enginekiller', 0),
	(4986, 'steam:11000013e171b9d', 'energy', 0),
	(4987, 'steam:11000013e171b9d', 'vodkafruit', 0),
	(4988, 'steam:11000013e171b9d', 'drugscales', 0),
	(4989, 'steam:11000013e171b9d', 'WEAPON_COMBATPISTOL_AMMO', 0),
	(4990, 'steam:11000013e171b9d', 'bolpistache', 0),
	(4991, 'steam:11000013e171b9d', 'epinephrine', 0),
	(4992, 'steam:11000013e171b9d', 'celownikdluga', 0),
	(4993, 'steam:11000013e171b9d', 'colis', 0),
	(4994, 'steam:11000013e171b9d', 'WEAPON_SMG', 0),
	(4995, 'steam:11000013e171b9d', 'clothe', 0),
	(4996, 'steam:11000013e171b9d', 'chocolate', 0),
	(4997, 'steam:11000013e171b9d', 'acetone', 0),
	(4998, 'steam:11000013e171b9d', 'yusuf', 0),
	(4999, 'steam:11000013e171b9d', 'WEAPON_SMG_AMMO', 0),
	(5000, 'steam:11000013e171b9d', 'chemicals', 0),
	(5001, 'steam:110000112d5aa7b', 'wheel', 0),
	(5002, 'steam:110000112d5aa7b', 'coffe', 0),
	(5003, 'steam:110000112d5aa7b', 'chemicalslisence', 0),
	(5004, 'steam:110000112d5aa7b', 'camarones', 0),
	(5005, 'steam:110000112d5aa7b', 'coke', 0),
	(5006, 'steam:110000112d5aa7b', 'firstaid', 0),
	(5007, 'steam:110000112d5aa7b', 'glass', 0),
	(5008, 'steam:110000112d5aa7b', 'limonade', 0),
	(5009, 'steam:110000112d5aa7b', 'beer', 0),
	(5010, 'steam:110000112d5aa7b', 'flashlight', 0),
	(5011, 'steam:110000112d5aa7b', 'hackerDevice', 0),
	(5012, 'steam:110000112d5aa7b', 'chips', 0),
	(5013, 'steam:110000112d5aa7b', 'carokit', 0),
	(5014, 'steam:110000112d5aa7b', 'xtc', 0),
	(5015, 'steam:110000112d5aa7b', 'WEAPON_PISTOL_AMMO', 0),
	(5016, 'steam:110000112d5aa7b', 'rhumcoca', 0),
	(5017, 'steam:110000112d5aa7b', 'sodium_hydroxide', 0),
	(5018, 'steam:110000112d5aa7b', 'kastetbalas', 0),
	(5019, 'steam:110000112d5aa7b', 'grand_cru', 0),
	(5020, 'steam:110000112d5aa7b', 'carotool', 0),
	(5021, 'steam:110000112d5aa7b', 'woodheavyp', 0),
	(5022, 'steam:110000112d5aa7b', 'apple_iphone', 0),
	(5023, 'steam:110000112d5aa7b', 'lowradio', 0),
	(5024, 'steam:110000112d5aa7b', 'WEAPON_PUMPSHOTGUN', 0),
	(5025, 'steam:110000112d5aa7b', 'fixkit', 0),
	(5026, 'steam:110000112d5aa7b', 'soda', 0),
	(5027, 'steam:110000112d5aa7b', 'joint', 0),
	(5028, 'steam:110000112d5aa7b', 'cutted_wood', 0),
	(5029, 'steam:110000112d5aa7b', 'poppyresin', 0),
	(5030, 'steam:110000112d5aa7b', 'white_pearl', 0),
	(5031, 'steam:110000112d5aa7b', 'adrenaline', 0),
	(5032, 'steam:110000112d5aa7b', 'WEAPON_ASSAULTSHOTGUN_AMMO', 0),
	(5033, 'steam:110000112d5aa7b', 'medikit', 0),
	(5034, 'steam:110000112d5aa7b', '10', 0),
	(5035, 'steam:110000112d5aa7b', 'whiskycoca', 0),
	(5036, 'steam:110000112d5aa7b', '1gbag', 0),
	(5037, 'steam:110000112d5aa7b', 'whisky', 0),
	(5038, 'steam:110000112d5aa7b', 'mixapero', 0),
	(5039, 'steam:110000112d5aa7b', 'gazbottle', 0),
	(5040, 'steam:110000112d5aa7b', 'absinthe', 0),
	(5041, 'steam:110000112d5aa7b', 'opium', 0),
	(5042, 'steam:110000112d5aa7b', 'cupcake', 1),
	(5043, 'steam:110000112d5aa7b', 'essence', 0),
	(5044, 'steam:110000112d5aa7b', 'coca_leaf', 0),
	(5045, 'steam:110000112d5aa7b', 'water', 2),
	(5046, 'steam:110000112d5aa7b', 'lockpick', 0),
	(5047, 'steam:110000112d5aa7b', 'bolcacahuetes', 0),
	(5048, 'steam:110000112d5aa7b', 'vodka', 0),
	(5049, 'steam:110000112d5aa7b', 'vodkaenergy', 0),
	(5050, 'steam:110000112d5aa7b', 'casio_watch', 0),
	(5051, 'steam:110000112d5aa7b', 'leather', 0),
	(5052, 'steam:110000112d5aa7b', 'gps', 0),
	(5053, 'steam:110000112d5aa7b', 'advancedlockpick', 0),
	(5054, 'steam:110000112d5aa7b', 'gold', 0),
	(5055, 'steam:110000112d5aa7b', 'walkie_lspd', 0),
	(5056, 'steam:110000112d5aa7b', 'medkit', 0),
	(5057, 'steam:110000112d5aa7b', 'binocular', 0),
	(5058, 'steam:110000112d5aa7b', 'kompensator', 0),
	(5059, 'steam:110000112d5aa7b', 'WEAPON_CARBINERIFLE', 0),
	(5060, 'steam:110000112d5aa7b', 'pizza', 0),
	(5061, 'steam:110000112d5aa7b', 'pistachio', 0),
	(5062, 'steam:110000112d5aa7b', 'weapon_piece', 0),
	(5063, 'steam:110000112d5aa7b', '100gbag', 0),
	(5064, 'steam:110000112d5aa7b', 'electronics', 0),
	(5065, 'steam:110000112d5aa7b', 'alive_chicken', 0),
	(5066, 'steam:110000112d5aa7b', 'meat', 0),
	(5067, 'steam:110000112d5aa7b', 'vicodin', 0),
	(5068, 'steam:110000112d5aa7b', 'turtlebait', 0),
	(5069, 'steam:110000112d5aa7b', 'turtle', 0),
	(5070, 'steam:110000112d5aa7b', 'jager', 0),
	(5071, 'steam:110000112d5aa7b', 'slaughtered_chicken', 0),
	(5072, 'steam:110000112d5aa7b', 'thionyl_chloride', 0),
	(5073, 'steam:110000112d5aa7b', 'handcuffs', 0),
	(5074, 'steam:110000112d5aa7b', 'receipt', 0),
	(5075, 'steam:110000112d5aa7b', 'packaged_plank', 0),
	(5076, 'steam:110000112d5aa7b', 'cocacola', 0),
	(5077, 'steam:110000112d5aa7b', 'WEAPON_AUTOSHOTGUN_AMMO', 0),
	(5078, 'steam:110000112d5aa7b', 'scrap_metal', 0),
	(5079, 'steam:110000112d5aa7b', 'tactitalmuzle', 0),
	(5080, 'steam:110000112d5aa7b', 'syringe', 0),
	(5081, 'steam:110000112d5aa7b', 'electronic_kit', 0),
	(5082, 'steam:110000112d5aa7b', 'stone', 0),
	(5083, 'steam:110000112d5aa7b', 'kastetdiament', 0),
	(5084, 'steam:110000112d5aa7b', 'sulfuric_acid', 0),
	(5085, 'steam:110000112d5aa7b', 'mleko', 0),
	(5086, 'steam:110000112d5aa7b', 'kastetpink', 0),
	(5087, 'steam:110000112d5aa7b', 'cajadecamarones', 0),
	(5088, 'steam:110000112d5aa7b', 'steel', 0),
	(5089, 'steam:110000112d5aa7b', 'spare_parts', 0),
	(5090, 'steam:110000112d5aa7b', 'sodium', 0),
	(5091, 'steam:110000112d5aa7b', 'turbo', 0),
	(5092, 'steam:110000112d5aa7b', 'sim', 0),
	(5093, 'steam:110000112d5aa7b', 'czaszkidlugie', 0),
	(5094, 'steam:110000112d5aa7b', 'blowtorch', 0),
	(5095, 'steam:110000112d5aa7b', 'menthe', 0),
	(5096, 'steam:110000112d5aa7b', 'shark', 0),
	(5097, 'steam:110000112d5aa7b', 'iron', 0),
	(5098, 'steam:110000112d5aa7b', 'WEAPON_PISTOL', 0),
	(5099, 'steam:110000112d5aa7b', 'scubagear', 0),
	(5100, 'steam:110000112d5aa7b', 'rhum', 0),
	(5101, 'steam:110000112d5aa7b', 'saucisson', 0),
	(5102, 'steam:110000112d5aa7b', 'sandwich', 1),
	(5103, 'steam:110000112d5aa7b', 'drill', 0),
	(5104, 'steam:110000112d5aa7b', 'samsung_s8', 0),
	(5105, 'steam:110000112d5aa7b', 'MountedScope', 0),
	(5106, 'steam:110000112d5aa7b', 'heroin', 0),
	(5107, 'steam:110000112d5aa7b', 'rubber', 0),
	(5108, 'steam:110000112d5aa7b', 'bulletproof', 0),
	(5109, 'steam:110000112d5aa7b', 'WEAPON_STUNGUN', 0),
	(5110, 'steam:110000112d5aa7b', 'moneywash', 0),
	(5111, 'steam:110000112d5aa7b', 'lowgradefert', 0),
	(5112, 'steam:110000112d5aa7b', 'rollingpaper', 0),
	(5113, 'steam:110000112d5aa7b', 'gintonic', 0),
	(5114, 'steam:110000112d5aa7b', 'WEAPON_ASSAULTSMG', 0),
	(5115, 'steam:110000112d5aa7b', 'coke_pooch', 0),
	(5116, 'steam:110000112d5aa7b', 'kastetpimp', 0),
	(5117, 'steam:110000112d5aa7b', 'fluor_stick', 0),
	(5118, 'steam:110000112d5aa7b', 'cashew', 0),
	(5119, 'steam:110000112d5aa7b', 'rolling_paper', 0),
	(5120, 'steam:110000112d5aa7b', 'rhumfruit', 0),
	(5121, 'steam:110000112d5aa7b', 'screen', 0),
	(5122, 'steam:110000112d5aa7b', 'teqpaf', 0),
	(5123, 'steam:110000112d5aa7b', 'WEAPON_ADVANCEDRIFLE', 0),
	(5124, 'steam:110000112d5aa7b', 'boitierrgb', 0),
	(5125, 'steam:110000112d5aa7b', 'packaged_chicken', 0),
	(5126, 'steam:110000112d5aa7b', 'powiekszonymagazynek', 0),
	(5127, 'steam:110000112d5aa7b', 'wine', 0),
	(5128, 'steam:110000112d5aa7b', '9mm_rounds', 0),
	(5129, 'steam:110000112d5aa7b', 'platin50', 0),
	(5130, 'steam:110000112d5aa7b', 'plantpot', 0),
	(5131, 'steam:110000112d5aa7b', 'clip', 0),
	(5132, 'steam:110000112d5aa7b', 'cigarette', 0),
	(5133, 'steam:110000112d5aa7b', 'cigarett', 0),
	(5134, 'steam:110000112d5aa7b', 'boomdlugie', 0),
	(5135, 'steam:110000112d5aa7b', 'petrol_raffin', 0),
	(5136, 'steam:110000112d5aa7b', 'jagercerbere', 0),
	(5137, 'steam:110000112d5aa7b', 'WEAPON_APPISTOL_AMMO', 0),
	(5138, 'steam:110000112d5aa7b', 'petrol', 0),
	(5139, 'steam:110000112d5aa7b', 'WEAPON_COMBATPISTOL', 0),
	(5140, 'steam:110000112d5aa7b', 'kastetplayer', 0),
	(5141, 'steam:110000112d5aa7b', 'raspberry', 0),
	(5142, 'steam:110000112d5aa7b', 'oxygen_mask', 0),
	(5143, 'steam:110000112d5aa7b', 'morphine', 0),
	(5144, 'steam:110000112d5aa7b', 'nokia_phone', 0),
	(5145, 'steam:110000112d5aa7b', 'fishbait', 0),
	(5146, 'steam:110000112d5aa7b', 'highgradefert', 0),
	(5147, 'steam:110000112d5aa7b', 'rope', 0),
	(5148, 'steam:110000112d5aa7b', 'copper', 0),
	(5149, 'steam:110000112d5aa7b', 'mojito', 0),
	(5150, 'steam:110000112d5aa7b', 'stockrim', 0),
	(5151, 'steam:110000112d5aa7b', 'gas_mask', 0),
	(5152, 'steam:110000112d5aa7b', 'lithium', 0),
	(5153, 'steam:110000112d5aa7b', 'metreshooter', 0),
	(5154, 'steam:110000112d5aa7b', 'meth', 0),
	(5155, 'steam:110000112d5aa7b', 'WEAPON_KNIFE', 0),
	(5156, 'steam:110000112d5aa7b', 'mediumscope', 0),
	(5157, 'steam:110000112d5aa7b', 'vipskinmotyl', 0),
	(5158, 'steam:110000112d5aa7b', 'martini', 0),
	(5159, 'steam:110000112d5aa7b', 'marijuana', 0),
	(5160, 'steam:110000112d5aa7b', 'hamburger', 1),
	(5161, 'steam:110000112d5aa7b', 'lsd', 0),
	(5162, 'steam:110000112d5aa7b', 'highrim', 0),
	(5163, 'steam:110000112d5aa7b', 'WEAPON_ASSAULTSMG_AMMO', 0),
	(5164, 'steam:110000112d5aa7b', 'wooddlugie', 0),
	(5165, 'steam:110000112d5aa7b', 'WEAPON_APPISTOL', 0),
	(5166, 'steam:110000112d5aa7b', 'washed_stone', 0),
	(5167, 'steam:110000112d5aa7b', 'cangrejos', 0),
	(5168, 'steam:110000112d5aa7b', 'bandage', 0),
	(5169, 'steam:110000112d5aa7b', 'drpepper', 0),
	(5170, 'steam:110000112d5aa7b', 'fabric', 0),
	(5171, 'steam:110000112d5aa7b', 'lighter', 0),
	(5172, 'steam:110000112d5aa7b', 'jusfruit', 0),
	(5173, 'steam:110000112d5aa7b', 'letter', 0),
	(5174, 'steam:110000112d5aa7b', 'gauze', 0),
	(5175, 'steam:110000112d5aa7b', 'WEAPON_AUTOSHOTGUN', 0),
	(5176, 'steam:110000112d5aa7b', 'adrenaline_shot', 0),
	(5177, 'steam:110000112d5aa7b', 'jagerbomb', 0),
	(5178, 'steam:110000112d5aa7b', 'clutch', 0),
	(5179, 'steam:110000112d5aa7b', 'Suppressor', 0),
	(5180, 'steam:110000112d5aa7b', 'lemonade', 0),
	(5181, 'steam:110000112d5aa7b', 'fixtool', 0),
	(5182, 'steam:110000112d5aa7b', 'champagne', 0),
	(5183, 'steam:110000112d5aa7b', 'cajadecangrejos', 0),
	(5184, 'steam:110000112d5aa7b', 'keycard', 0),
	(5185, 'steam:110000112d5aa7b', 'largescope', 0),
	(5186, 'steam:110000112d5aa7b', 'WEAPON_ASSAULTSHOTGUN', 0),
	(5187, 'steam:110000112d5aa7b', 'kastetvagos', 0),
	(5188, 'steam:110000112d5aa7b', 'grip', 0),
	(5189, 'steam:110000112d5aa7b', 'kastethate', 0),
	(5190, 'steam:110000112d5aa7b', 'kastetdollar', 0),
	(5191, 'steam:110000112d5aa7b', 'fuse', 0),
	(5192, 'steam:110000112d5aa7b', 'grapperaisin', 0),
	(5193, 'steam:110000112d5aa7b', 'WEAPON_ADVANCEDRIFLE_AMMO', 0),
	(5194, 'steam:110000112d5aa7b', 'sunglasses', 0),
	(5195, 'steam:110000112d5aa7b', 'wool', 0),
	(5196, 'steam:110000112d5aa7b', 'WEAPON_BAT', 0),
	(5197, 'steam:110000112d5aa7b', 'cchip', 0),
	(5198, 'steam:110000112d5aa7b', 'wood', 0),
	(5199, 'steam:110000112d5aa7b', 'jewels', 0),
	(5200, 'steam:110000112d5aa7b', 'bolchips', 0),
	(5201, 'steam:110000112d5aa7b', 'ice', 0),
	(5202, 'steam:110000112d5aa7b', 'holografik', 0),
	(5203, 'steam:110000112d5aa7b', 'hydrocodone', 0),
	(5204, 'steam:110000112d5aa7b', 'hydrochloric_acid', 0),
	(5205, 'steam:110000112d5aa7b', 'highradio', 0),
	(5206, 'steam:110000112d5aa7b', 'lsa', 0),
	(5207, 'steam:110000112d5aa7b', 'WEAPON_ASSAULTRIFLE_AMMO', 0),
	(5208, 'steam:110000112d5aa7b', 'WEAPON_CARBINERIFLE_AMMO', 0),
	(5209, 'steam:110000112d5aa7b', 'moneywashid', 0),
	(5210, 'steam:110000112d5aa7b', 'bolnoixcajou', 0),
	(5211, 'steam:110000112d5aa7b', 'WEAPON_FLASHLIGHT', 0),
	(5212, 'steam:110000112d5aa7b', 'breadboard', 0),
	(5213, 'steam:110000112d5aa7b', 'airbag', 0),
	(5214, 'steam:110000112d5aa7b', 'phone', 1),
	(5215, 'steam:110000112d5aa7b', 'tequila', 0),
	(5216, 'steam:110000112d5aa7b', 'WEAPON_ASSAULTRIFLE', 0),
	(5217, 'steam:110000112d5aa7b', 'walkie_ems', 0),
	(5218, 'steam:110000112d5aa7b', 'zebradlugie', 0),
	(5219, 'steam:110000112d5aa7b', 'fish', 0),
	(5220, 'steam:110000112d5aa7b', 'golem', 0),
	(5221, 'steam:110000112d5aa7b', '5gbag', 0),
	(5222, 'steam:110000112d5aa7b', 'c4_bank', 0),
	(5223, 'steam:110000112d5aa7b', 'gas_pump', 0),
	(5224, 'steam:110000112d5aa7b', 'cannabis', 0),
	(5225, 'steam:110000112d5aa7b', 'WEAPON_PUMPSHOTGUN_AMMO', 0),
	(5226, 'steam:110000112d5aa7b', '50gbag', 0),
	(5227, 'steam:110000112d5aa7b', 'gameboy', 0),
	(5228, 'steam:110000112d5aa7b', 'shotgun_shells', 0),
	(5229, 'steam:110000112d5aa7b', 'firstaidkit', 0),
	(5230, 'steam:110000112d5aa7b', 'fishingrod', 0),
	(5231, 'steam:110000112d5aa7b', 'battery', 0),
	(5232, 'steam:110000112d5aa7b', 'blowpipe', 0),
	(5233, 'steam:110000112d5aa7b', 'icetea', 0),
	(5234, 'steam:110000112d5aa7b', 'bread', 1),
	(5235, 'steam:110000112d5aa7b', 'enginekiller', 0),
	(5236, 'steam:110000112d5aa7b', 'energy', 0),
	(5237, 'steam:110000112d5aa7b', 'vodkafruit', 0),
	(5238, 'steam:110000112d5aa7b', 'drugscales', 0),
	(5239, 'steam:110000112d5aa7b', 'WEAPON_COMBATPISTOL_AMMO', 0),
	(5240, 'steam:110000112d5aa7b', 'bolpistache', 0),
	(5241, 'steam:110000112d5aa7b', 'epinephrine', 0),
	(5242, 'steam:110000112d5aa7b', 'celownikdluga', 0),
	(5243, 'steam:110000112d5aa7b', 'colis', 0),
	(5244, 'steam:110000112d5aa7b', 'WEAPON_SMG', 0),
	(5245, 'steam:110000112d5aa7b', 'clothe', 0),
	(5246, 'steam:110000112d5aa7b', 'chocolate', 0),
	(5247, 'steam:110000112d5aa7b', 'acetone', 0),
	(5248, 'steam:110000112d5aa7b', 'yusuf', 0),
	(5249, 'steam:110000112d5aa7b', 'WEAPON_SMG_AMMO', 0),
	(5250, 'steam:110000112d5aa7b', 'chemicals', 0),
	(5251, 'Char2:11000013643f404', 'wheel', 0),
	(5252, 'Char2:11000013643f404', 'coffe', 0),
	(5253, 'Char2:11000013643f404', 'chemicalslisence', 0),
	(5254, 'Char2:11000013643f404', 'camarones', 0),
	(5255, 'Char2:11000013643f404', 'coke', 0),
	(5256, 'Char2:11000013643f404', 'firstaid', 0),
	(5257, 'Char2:11000013643f404', 'glass', 0),
	(5258, 'Char2:11000013643f404', 'limonade', 0),
	(5259, 'Char2:11000013643f404', 'beer', 0),
	(5260, 'Char2:11000013643f404', 'flashlight', 0),
	(5261, 'Char2:11000013643f404', 'hackerDevice', 0),
	(5262, 'Char2:11000013643f404', 'chips', 0),
	(5263, 'Char2:11000013643f404', 'carokit', 0),
	(5264, 'Char2:11000013643f404', 'xtc', 0),
	(5265, 'Char2:11000013643f404', 'WEAPON_PISTOL_AMMO', 0),
	(5266, 'Char2:11000013643f404', 'rhumcoca', 0),
	(5267, 'Char2:11000013643f404', 'sodium_hydroxide', 0),
	(5268, 'Char2:11000013643f404', 'kastetbalas', 0),
	(5269, 'Char2:11000013643f404', 'grand_cru', 0),
	(5270, 'Char2:11000013643f404', 'carotool', 0),
	(5271, 'Char2:11000013643f404', 'woodheavyp', 0),
	(5272, 'Char2:11000013643f404', 'apple_iphone', 0),
	(5273, 'Char2:11000013643f404', 'lowradio', 0),
	(5274, 'Char2:11000013643f404', 'WEAPON_PUMPSHOTGUN', 0),
	(5275, 'Char2:11000013643f404', 'fixkit', 0),
	(5276, 'Char2:11000013643f404', 'soda', 0),
	(5277, 'Char2:11000013643f404', 'joint', 0),
	(5278, 'Char2:11000013643f404', 'cutted_wood', 0),
	(5279, 'Char2:11000013643f404', 'poppyresin', 0),
	(5280, 'Char2:11000013643f404', 'white_pearl', 0),
	(5281, 'Char2:11000013643f404', 'adrenaline', 0),
	(5282, 'Char2:11000013643f404', 'WEAPON_ASSAULTSHOTGUN_AMMO', 0),
	(5283, 'Char2:11000013643f404', 'medikit', 0),
	(5284, 'Char2:11000013643f404', '10', 0),
	(5285, 'Char2:11000013643f404', 'whiskycoca', 0),
	(5286, 'Char2:11000013643f404', '1gbag', 0),
	(5287, 'Char2:11000013643f404', 'whisky', 0),
	(5288, 'Char2:11000013643f404', 'mixapero', 0),
	(5289, 'Char2:11000013643f404', 'gazbottle', 0),
	(5290, 'Char2:11000013643f404', 'absinthe', 0),
	(5291, 'Char2:11000013643f404', 'opium', 0),
	(5292, 'Char2:11000013643f404', 'cupcake', 0),
	(5293, 'Char2:11000013643f404', 'essence', 0),
	(5294, 'Char2:11000013643f404', 'coca_leaf', 0),
	(5295, 'Char2:11000013643f404', 'water', 0),
	(5296, 'Char2:11000013643f404', 'lockpick', 0),
	(5297, 'Char2:11000013643f404', 'bolcacahuetes', 0),
	(5298, 'Char2:11000013643f404', 'vodka', 0),
	(5299, 'Char2:11000013643f404', 'vodkaenergy', 0),
	(5300, 'Char2:11000013643f404', 'casio_watch', 0),
	(5301, 'Char2:11000013643f404', 'leather', 0),
	(5302, 'Char2:11000013643f404', 'gps', 0),
	(5303, 'Char2:11000013643f404', 'advancedlockpick', 0),
	(5304, 'Char2:11000013643f404', 'gold', 0),
	(5305, 'Char2:11000013643f404', 'walkie_lspd', 0),
	(5306, 'Char2:11000013643f404', 'medkit', 0),
	(5307, 'Char2:11000013643f404', 'binocular', 0),
	(5308, 'Char2:11000013643f404', 'kompensator', 0),
	(5309, 'Char2:11000013643f404', 'WEAPON_CARBINERIFLE', 0),
	(5310, 'Char2:11000013643f404', 'pizza', 0),
	(5311, 'Char2:11000013643f404', 'pistachio', 0),
	(5312, 'Char2:11000013643f404', 'weapon_piece', 0),
	(5313, 'Char2:11000013643f404', '100gbag', 0),
	(5314, 'Char2:11000013643f404', 'electronics', 0),
	(5315, 'Char2:11000013643f404', 'alive_chicken', 0),
	(5316, 'Char2:11000013643f404', 'meat', 0),
	(5317, 'Char2:11000013643f404', 'vicodin', 0),
	(5318, 'Char2:11000013643f404', 'turtlebait', 0),
	(5319, 'Char2:11000013643f404', 'turtle', 0),
	(5320, 'Char2:11000013643f404', 'jager', 0),
	(5321, 'Char2:11000013643f404', 'slaughtered_chicken', 0),
	(5322, 'Char2:11000013643f404', 'thionyl_chloride', 0),
	(5323, 'Char2:11000013643f404', 'handcuffs', 0),
	(5324, 'Char2:11000013643f404', 'receipt', 0),
	(5325, 'Char2:11000013643f404', 'packaged_plank', 0),
	(5326, 'Char2:11000013643f404', 'cocacola', 0),
	(5327, 'Char2:11000013643f404', 'WEAPON_AUTOSHOTGUN_AMMO', 0),
	(5328, 'Char2:11000013643f404', 'scrap_metal', 0),
	(5329, 'Char2:11000013643f404', 'tactitalmuzle', 0),
	(5330, 'Char2:11000013643f404', 'syringe', 0),
	(5331, 'Char2:11000013643f404', 'electronic_kit', 0),
	(5332, 'Char2:11000013643f404', 'stone', 0),
	(5333, 'Char2:11000013643f404', 'kastetdiament', 0),
	(5334, 'Char2:11000013643f404', 'sulfuric_acid', 0),
	(5335, 'Char2:11000013643f404', 'mleko', 0),
	(5336, 'Char2:11000013643f404', 'kastetpink', 0),
	(5337, 'Char2:11000013643f404', 'cajadecamarones', 0),
	(5338, 'Char2:11000013643f404', 'steel', 0),
	(5339, 'Char2:11000013643f404', 'spare_parts', 0),
	(5340, 'Char2:11000013643f404', 'sodium', 0),
	(5341, 'Char2:11000013643f404', 'turbo', 0),
	(5342, 'Char2:11000013643f404', 'sim', 0),
	(5343, 'Char2:11000013643f404', 'czaszkidlugie', 0),
	(5344, 'Char2:11000013643f404', 'blowtorch', 0),
	(5345, 'Char2:11000013643f404', 'menthe', 0),
	(5346, 'Char2:11000013643f404', 'shark', 0),
	(5347, 'Char2:11000013643f404', 'iron', 0),
	(5348, 'Char2:11000013643f404', 'WEAPON_PISTOL', 0),
	(5349, 'Char2:11000013643f404', 'scubagear', 0),
	(5350, 'Char2:11000013643f404', 'rhum', 0),
	(5351, 'Char2:11000013643f404', 'saucisson', 0),
	(5352, 'Char2:11000013643f404', 'sandwich', 0),
	(5353, 'Char2:11000013643f404', 'drill', 0),
	(5354, 'Char2:11000013643f404', 'samsung_s8', 0),
	(5355, 'Char2:11000013643f404', 'MountedScope', 0),
	(5356, 'Char2:11000013643f404', 'heroin', 0),
	(5357, 'Char2:11000013643f404', 'rubber', 0),
	(5358, 'Char2:11000013643f404', 'bulletproof', 0),
	(5359, 'Char2:11000013643f404', 'WEAPON_STUNGUN', 0),
	(5360, 'Char2:11000013643f404', 'moneywash', 0),
	(5361, 'Char2:11000013643f404', 'lowgradefert', 0),
	(5362, 'Char2:11000013643f404', 'rollingpaper', 0),
	(5363, 'Char2:11000013643f404', 'gintonic', 0),
	(5364, 'Char2:11000013643f404', 'WEAPON_ASSAULTSMG', 0),
	(5365, 'Char2:11000013643f404', 'coke_pooch', 0),
	(5366, 'Char2:11000013643f404', 'kastetpimp', 0),
	(5367, 'Char2:11000013643f404', 'fluor_stick', 0),
	(5368, 'Char2:11000013643f404', 'cashew', 0),
	(5369, 'Char2:11000013643f404', 'rolling_paper', 0),
	(5370, 'Char2:11000013643f404', 'rhumfruit', 0),
	(5371, 'Char2:11000013643f404', 'screen', 0),
	(5372, 'Char2:11000013643f404', 'teqpaf', 0),
	(5373, 'Char2:11000013643f404', 'WEAPON_ADVANCEDRIFLE', 0),
	(5374, 'Char2:11000013643f404', 'boitierrgb', 0),
	(5375, 'Char2:11000013643f404', 'packaged_chicken', 0),
	(5376, 'Char2:11000013643f404', 'powiekszonymagazynek', 0),
	(5377, 'Char2:11000013643f404', 'wine', 0),
	(5378, 'Char2:11000013643f404', '9mm_rounds', 0),
	(5379, 'Char2:11000013643f404', 'platin50', 0),
	(5380, 'Char2:11000013643f404', 'plantpot', 0),
	(5381, 'Char2:11000013643f404', 'clip', 0),
	(5382, 'Char2:11000013643f404', 'cigarette', 0),
	(5383, 'Char2:11000013643f404', 'cigarett', 0),
	(5384, 'Char2:11000013643f404', 'boomdlugie', 0),
	(5385, 'Char2:11000013643f404', 'petrol_raffin', 0),
	(5386, 'Char2:11000013643f404', 'jagercerbere', 0),
	(5387, 'Char2:11000013643f404', 'WEAPON_APPISTOL_AMMO', 0),
	(5388, 'Char2:11000013643f404', 'petrol', 0),
	(5389, 'Char2:11000013643f404', 'WEAPON_COMBATPISTOL', 0),
	(5390, 'Char2:11000013643f404', 'kastetplayer', 0),
	(5391, 'Char2:11000013643f404', 'raspberry', 0),
	(5392, 'Char2:11000013643f404', 'oxygen_mask', 0),
	(5393, 'Char2:11000013643f404', 'morphine', 0),
	(5394, 'Char2:11000013643f404', 'nokia_phone', 0),
	(5395, 'Char2:11000013643f404', 'fishbait', 0),
	(5396, 'Char2:11000013643f404', 'highgradefert', 0),
	(5397, 'Char2:11000013643f404', 'rope', 0),
	(5398, 'Char2:11000013643f404', 'copper', 0),
	(5399, 'Char2:11000013643f404', 'mojito', 0),
	(5400, 'Char2:11000013643f404', 'stockrim', 0),
	(5401, 'Char2:11000013643f404', 'gas_mask', 0),
	(5402, 'Char2:11000013643f404', 'lithium', 0),
	(5403, 'Char2:11000013643f404', 'metreshooter', 0),
	(5404, 'Char2:11000013643f404', 'meth', 0),
	(5405, 'Char2:11000013643f404', 'WEAPON_KNIFE', 0),
	(5406, 'Char2:11000013643f404', 'mediumscope', 0),
	(5407, 'Char2:11000013643f404', 'vipskinmotyl', 0),
	(5408, 'Char2:11000013643f404', 'martini', 0),
	(5409, 'Char2:11000013643f404', 'marijuana', 0),
	(5410, 'Char2:11000013643f404', 'hamburger', 0),
	(5411, 'Char2:11000013643f404', 'lsd', 0),
	(5412, 'Char2:11000013643f404', 'highrim', 0),
	(5413, 'Char2:11000013643f404', 'WEAPON_ASSAULTSMG_AMMO', 0),
	(5414, 'Char2:11000013643f404', 'wooddlugie', 0),
	(5415, 'Char2:11000013643f404', 'WEAPON_APPISTOL', 0),
	(5416, 'Char2:11000013643f404', 'washed_stone', 0),
	(5417, 'Char2:11000013643f404', 'cangrejos', 0),
	(5418, 'Char2:11000013643f404', 'bandage', 0),
	(5419, 'Char2:11000013643f404', 'drpepper', 0),
	(5420, 'Char2:11000013643f404', 'fabric', 0),
	(5421, 'Char2:11000013643f404', 'lighter', 0),
	(5422, 'Char2:11000013643f404', 'jusfruit', 0),
	(5423, 'Char2:11000013643f404', 'letter', 0),
	(5424, 'Char2:11000013643f404', 'gauze', 0),
	(5425, 'Char2:11000013643f404', 'WEAPON_AUTOSHOTGUN', 0),
	(5426, 'Char2:11000013643f404', 'adrenaline_shot', 0),
	(5427, 'Char2:11000013643f404', 'jagerbomb', 0),
	(5428, 'Char2:11000013643f404', 'clutch', 0),
	(5429, 'Char2:11000013643f404', 'Suppressor', 0),
	(5430, 'Char2:11000013643f404', 'lemonade', 0),
	(5431, 'Char2:11000013643f404', 'fixtool', 0),
	(5432, 'Char2:11000013643f404', 'champagne', 0),
	(5433, 'Char2:11000013643f404', 'cajadecangrejos', 0),
	(5434, 'Char2:11000013643f404', 'keycard', 0),
	(5435, 'Char2:11000013643f404', 'largescope', 0),
	(5436, 'Char2:11000013643f404', 'WEAPON_ASSAULTSHOTGUN', 0),
	(5437, 'Char2:11000013643f404', 'kastetvagos', 0),
	(5438, 'Char2:11000013643f404', 'grip', 0),
	(5439, 'Char2:11000013643f404', 'kastethate', 0),
	(5440, 'Char2:11000013643f404', 'kastetdollar', 0),
	(5441, 'Char2:11000013643f404', 'fuse', 0),
	(5442, 'Char2:11000013643f404', 'grapperaisin', 0),
	(5443, 'Char2:11000013643f404', 'WEAPON_ADVANCEDRIFLE_AMMO', 0),
	(5444, 'Char2:11000013643f404', 'sunglasses', 0),
	(5445, 'Char2:11000013643f404', 'wool', 0),
	(5446, 'Char2:11000013643f404', 'WEAPON_BAT', 0),
	(5447, 'Char2:11000013643f404', 'cchip', 0),
	(5448, 'Char2:11000013643f404', 'wood', 0),
	(5449, 'Char2:11000013643f404', 'jewels', 0),
	(5450, 'Char2:11000013643f404', 'bolchips', 0),
	(5451, 'Char2:11000013643f404', 'ice', 0),
	(5452, 'Char2:11000013643f404', 'holografik', 0),
	(5453, 'Char2:11000013643f404', 'hydrocodone', 0),
	(5454, 'Char2:11000013643f404', 'hydrochloric_acid', 0),
	(5455, 'Char2:11000013643f404', 'highradio', 0),
	(5456, 'Char2:11000013643f404', 'lsa', 0),
	(5457, 'Char2:11000013643f404', 'WEAPON_ASSAULTRIFLE_AMMO', 0),
	(5458, 'Char2:11000013643f404', 'WEAPON_CARBINERIFLE_AMMO', 0),
	(5459, 'Char2:11000013643f404', 'moneywashid', 0),
	(5460, 'Char2:11000013643f404', 'bolnoixcajou', 0),
	(5461, 'Char2:11000013643f404', 'WEAPON_FLASHLIGHT', 0),
	(5462, 'Char2:11000013643f404', 'breadboard', 0),
	(5463, 'Char2:11000013643f404', 'airbag', 0),
	(5464, 'Char2:11000013643f404', 'phone', 0),
	(5465, 'Char2:11000013643f404', 'tequila', 0),
	(5466, 'Char2:11000013643f404', 'WEAPON_ASSAULTRIFLE', 0),
	(5467, 'Char2:11000013643f404', 'walkie_ems', 0),
	(5468, 'Char2:11000013643f404', 'zebradlugie', 0),
	(5469, 'Char2:11000013643f404', 'fish', 0),
	(5470, 'Char2:11000013643f404', 'golem', 0),
	(5471, 'Char2:11000013643f404', '5gbag', 0),
	(5472, 'Char2:11000013643f404', 'c4_bank', 0),
	(5473, 'Char2:11000013643f404', 'gas_pump', 0),
	(5474, 'Char2:11000013643f404', 'cannabis', 0),
	(5475, 'Char2:11000013643f404', 'WEAPON_PUMPSHOTGUN_AMMO', 0),
	(5476, 'Char2:11000013643f404', '50gbag', 0),
	(5477, 'Char2:11000013643f404', 'gameboy', 0),
	(5478, 'Char2:11000013643f404', 'shotgun_shells', 0),
	(5479, 'Char2:11000013643f404', 'firstaidkit', 0),
	(5480, 'Char2:11000013643f404', 'fishingrod', 0),
	(5481, 'Char2:11000013643f404', 'battery', 0),
	(5482, 'Char2:11000013643f404', 'blowpipe', 0),
	(5483, 'Char2:11000013643f404', 'icetea', 0),
	(5484, 'Char2:11000013643f404', 'bread', 0),
	(5485, 'Char2:11000013643f404', 'enginekiller', 0),
	(5486, 'Char2:11000013643f404', 'energy', 0),
	(5487, 'Char2:11000013643f404', 'vodkafruit', 0),
	(5488, 'Char2:11000013643f404', 'drugscales', 0),
	(5489, 'Char2:11000013643f404', 'WEAPON_COMBATPISTOL_AMMO', 0),
	(5490, 'Char2:11000013643f404', 'bolpistache', 0),
	(5491, 'Char2:11000013643f404', 'epinephrine', 0),
	(5492, 'Char2:11000013643f404', 'celownikdluga', 0),
	(5493, 'Char2:11000013643f404', 'colis', 0),
	(5494, 'Char2:11000013643f404', 'WEAPON_SMG', 0),
	(5495, 'Char2:11000013643f404', 'clothe', 0),
	(5496, 'Char2:11000013643f404', 'chocolate', 0),
	(5497, 'Char2:11000013643f404', 'acetone', 0),
	(5498, 'Char2:11000013643f404', 'yusuf', 0),
	(5499, 'Char2:11000013643f404', 'WEAPON_SMG_AMMO', 0),
	(5500, 'Char2:11000013643f404', 'chemicals', 0),
	(5501, 'steam:11000013ec6f59b', 'sim', 0),
	(5502, 'steam:11000013ec6f59b', '50gbag', 0),
	(5503, 'steam:11000013ec6f59b', 'WEAPON_ADVANCEDRIFLE_AMMO', 0),
	(5504, 'steam:11000013ec6f59b', 'fishingrod', 0),
	(5505, 'steam:11000013ec6f59b', 'medkit', 0),
	(5506, 'steam:11000013ec6f59b', 'celownikdluga', 0),
	(5507, 'steam:11000013ec6f59b', 'champagne', 0),
	(5508, 'steam:11000013ec6f59b', 'cajadecangrejos', 0),
	(5509, 'steam:11000013ec6f59b', 'slaughtered_chicken', 0),
	(5510, 'steam:11000013ec6f59b', 'adrenaline_shot', 0),
	(5511, 'steam:11000013ec6f59b', 'advancedlockpick', 0),
	(5512, 'steam:11000013ec6f59b', 'highrim', 0),
	(5513, 'steam:11000013ec6f59b', 'cajadecamarones', 0),
	(5514, 'steam:11000013ec6f59b', 'zebradlugie', 0),
	(5515, 'steam:11000013ec6f59b', 'fuse', 0),
	(5516, 'steam:11000013ec6f59b', 'mleko', 0),
	(5517, 'steam:11000013ec6f59b', 'yusuf', 0),
	(5518, 'steam:11000013ec6f59b', 'xtc', 0),
	(5519, 'steam:11000013ec6f59b', 'wool', 0),
	(5520, 'steam:11000013ec6f59b', 'woodheavyp', 0),
	(5521, 'steam:11000013ec6f59b', 'wooddlugie', 0),
	(5522, 'steam:11000013ec6f59b', 'wood', 0),
	(5523, 'steam:11000013ec6f59b', 'lsd', 0),
	(5524, 'steam:11000013ec6f59b', 'WEAPON_APPISTOL', 0),
	(5525, 'steam:11000013ec6f59b', 'casio_watch', 0),
	(5526, 'steam:11000013ec6f59b', 'gps', 0),
	(5527, 'steam:11000013ec6f59b', 'WEAPON_ADVANCEDRIFLE', 0),
	(5528, 'steam:11000013ec6f59b', 'receipt', 0),
	(5529, 'steam:11000013ec6f59b', 'weapon_piece', 0),
	(5530, 'steam:11000013ec6f59b', 'MountedScope', 0),
	(5531, 'steam:11000013ec6f59b', 'white_pearl', 0),
	(5532, 'steam:11000013ec6f59b', 'wheel', 0),
	(5533, 'steam:11000013ec6f59b', 'pistachio', 0),
	(5534, 'steam:11000013ec6f59b', 'whisky', 0),
	(5535, 'steam:11000013ec6f59b', 'kastethate', 0),
	(5536, 'steam:11000013ec6f59b', 'kastetpink', 0),
	(5537, 'steam:11000013ec6f59b', 'cannabis', 0),
	(5538, 'steam:11000013ec6f59b', 'water', 0),
	(5539, 'steam:11000013ec6f59b', 'holografik', 0),
	(5540, 'steam:11000013ec6f59b', 'epinephrine', 0),
	(5541, 'steam:11000013ec6f59b', 'boitierrgb', 0),
	(5542, 'steam:11000013ec6f59b', 'WEAPON_PISTOL', 0),
	(5543, 'steam:11000013ec6f59b', 'heroin', 0),
	(5544, 'steam:11000013ec6f59b', 'carotool', 0),
	(5545, 'steam:11000013ec6f59b', 'spare_parts', 0),
	(5546, 'steam:11000013ec6f59b', 'walkie_lspd', 0),
	(5547, 'steam:11000013ec6f59b', 'sodium', 0),
	(5548, 'steam:11000013ec6f59b', 'grip', 0),
	(5549, 'steam:11000013ec6f59b', 'WEAPON_ASSAULTRIFLE', 0),
	(5550, 'steam:11000013ec6f59b', 'vodkafruit', 0),
	(5551, 'steam:11000013ec6f59b', 'vodkaenergy', 0),
	(5552, 'steam:11000013ec6f59b', 'martini', 0),
	(5553, 'steam:11000013ec6f59b', 'rhumcoca', 0),
	(5554, 'steam:11000013ec6f59b', 'fishbait', 0),
	(5555, 'steam:11000013ec6f59b', 'moneywash', 0),
	(5556, 'steam:11000013ec6f59b', 'breadboard', 0),
	(5557, 'steam:11000013ec6f59b', 'letter', 0),
	(5558, 'steam:11000013ec6f59b', 'chemicals', 0),
	(5559, 'steam:11000013ec6f59b', 'packaged_chicken', 0),
	(5560, 'steam:11000013ec6f59b', 'walkie_ems', 0),
	(5561, 'steam:11000013ec6f59b', 'turtle', 0),
	(5562, 'steam:11000013ec6f59b', 'absinthe', 0),
	(5563, 'steam:11000013ec6f59b', 'meat', 0),
	(5564, 'steam:11000013ec6f59b', 'drpepper', 0),
	(5565, 'steam:11000013ec6f59b', 'WEAPON_ASSAULTSHOTGUN', 0),
	(5566, 'steam:11000013ec6f59b', 'wine', 0),
	(5567, 'steam:11000013ec6f59b', 'cigarette', 0),
	(5568, 'steam:11000013ec6f59b', 'carokit', 0),
	(5569, 'steam:11000013ec6f59b', 'oxygen_mask', 0),
	(5570, 'steam:11000013ec6f59b', 'energy', 0),
	(5571, 'steam:11000013ec6f59b', 'essence', 0),
	(5572, 'steam:11000013ec6f59b', 'kastetpimp', 0),
	(5573, 'steam:11000013ec6f59b', '9mm_rounds', 0),
	(5574, 'steam:11000013ec6f59b', 'turtlebait', 0),
	(5575, 'steam:11000013ec6f59b', 'kompensator', 0),
	(5576, 'steam:11000013ec6f59b', 'washed_stone', 0),
	(5577, 'steam:11000013ec6f59b', 'thionyl_chloride', 0),
	(5578, 'steam:11000013ec6f59b', 'bolnoixcajou', 0),
	(5579, 'steam:11000013ec6f59b', 'tequila', 0),
	(5580, 'steam:11000013ec6f59b', 'bulletproof', 0),
	(5581, 'steam:11000013ec6f59b', 'teqpaf', 0),
	(5582, 'steam:11000013ec6f59b', 'binocular', 0),
	(5583, 'steam:11000013ec6f59b', 'tactitalmuzle', 0),
	(5584, 'steam:11000013ec6f59b', 'hamburger', 0),
	(5585, 'steam:11000013ec6f59b', 'WEAPON_KNIFE', 0),
	(5586, 'steam:11000013ec6f59b', 'syringe', 0),
	(5587, 'steam:11000013ec6f59b', 'sunglasses', 0),
	(5588, 'steam:11000013ec6f59b', 'sulfuric_acid', 0),
	(5589, 'steam:11000013ec6f59b', 'cchip', 0),
	(5590, 'steam:11000013ec6f59b', 'stone', 0),
	(5591, 'steam:11000013ec6f59b', 'stockrim', 0),
	(5592, 'steam:11000013ec6f59b', 'blowpipe', 0),
	(5593, 'steam:11000013ec6f59b', 'steel', 0),
	(5594, 'steam:11000013ec6f59b', 'shark', 0),
	(5595, 'steam:11000013ec6f59b', 'kastetdiament', 0),
	(5596, 'steam:11000013ec6f59b', 'WEAPON_COMBATPISTOL', 0),
	(5597, 'steam:11000013ec6f59b', 'mojito', 0),
	(5598, 'steam:11000013ec6f59b', 'gintonic', 0),
	(5599, 'steam:11000013ec6f59b', 'rolling_paper', 0),
	(5600, 'steam:11000013ec6f59b', 'turbo', 0),
	(5601, 'steam:11000013ec6f59b', 'sodium_hydroxide', 0),
	(5602, 'steam:11000013ec6f59b', 'soda', 0),
	(5603, 'steam:11000013ec6f59b', 'shotgun_shells', 0),
	(5604, 'steam:11000013ec6f59b', 'rubber', 0),
	(5605, 'steam:11000013ec6f59b', 'Suppressor', 0),
	(5606, 'steam:11000013ec6f59b', 'kastetvagos', 0),
	(5607, 'steam:11000013ec6f59b', 'chips', 0),
	(5608, 'steam:11000013ec6f59b', 'screen', 0),
	(5609, 'steam:11000013ec6f59b', 'kastetplayer', 0),
	(5610, 'steam:11000013ec6f59b', 'scrap_metal', 0),
	(5611, 'steam:11000013ec6f59b', 'c4_bank', 0),
	(5612, 'steam:11000013ec6f59b', 'WEAPON_SMG', 0),
	(5613, 'steam:11000013ec6f59b', 'saucisson', 0),
	(5614, 'steam:11000013ec6f59b', 'gameboy', 0),
	(5615, 'steam:11000013ec6f59b', 'sandwich', 0),
	(5616, 'steam:11000013ec6f59b', 'jager', 0),
	(5617, 'steam:11000013ec6f59b', 'lowgradefert', 0),
	(5618, 'steam:11000013ec6f59b', 'plantpot', 0),
	(5619, 'steam:11000013ec6f59b', 'icetea', 0),
	(5620, 'steam:11000013ec6f59b', 'adrenaline', 0),
	(5621, 'steam:11000013ec6f59b', 'scubagear', 0),
	(5622, 'steam:11000013ec6f59b', 'cashew', 0),
	(5623, 'steam:11000013ec6f59b', 'rope', 0),
	(5624, 'steam:11000013ec6f59b', 'jewels', 0),
	(5625, 'steam:11000013ec6f59b', 'WEAPON_STUNGUN', 0),
	(5626, 'steam:11000013ec6f59b', 'rhumfruit', 0),
	(5627, 'steam:11000013ec6f59b', 'petrol', 0),
	(5628, 'steam:11000013ec6f59b', 'fabric', 0),
	(5629, 'steam:11000013ec6f59b', 'fixkit', 0),
	(5630, 'steam:11000013ec6f59b', 'rhum', 0),
	(5631, 'steam:11000013ec6f59b', 'WEAPON_ASSAULTRIFLE_AMMO', 0),
	(5632, 'steam:11000013ec6f59b', 'raspberry', 0),
	(5633, 'steam:11000013ec6f59b', 'powiekszonymagazynek', 0),
	(5634, 'steam:11000013ec6f59b', 'poppyresin', 0),
	(5635, 'steam:11000013ec6f59b', 'cupcake', 0),
	(5636, 'steam:11000013ec6f59b', 'pizza', 0),
	(5637, 'steam:11000013ec6f59b', 'chemicalslisence', 0),
	(5638, 'steam:11000013ec6f59b', 'whiskycoca', 0),
	(5639, 'steam:11000013ec6f59b', 'morphine', 0),
	(5640, 'steam:11000013ec6f59b', 'gazbottle', 0),
	(5641, 'steam:11000013ec6f59b', '1gbag', 0),
	(5642, 'steam:11000013ec6f59b', 'firstaidkit', 0),
	(5643, 'steam:11000013ec6f59b', 'phone', 0),
	(5644, 'steam:11000013ec6f59b', 'drill', 0),
	(5645, 'steam:11000013ec6f59b', 'WEAPON_COMBATPISTOL_AMMO', 0),
	(5646, 'steam:11000013ec6f59b', 'czaszkidlugie', 0),
	(5647, 'steam:11000013ec6f59b', 'drugscales', 0),
	(5648, 'steam:11000013ec6f59b', 'WEAPON_SMG_AMMO', 0),
	(5649, 'steam:11000013ec6f59b', 'petrol_raffin', 0),
	(5650, 'steam:11000013ec6f59b', 'packaged_plank', 0),
	(5651, 'steam:11000013ec6f59b', 'vicodin', 0),
	(5652, 'steam:11000013ec6f59b', 'apple_iphone', 0),
	(5653, 'steam:11000013ec6f59b', 'coke', 0),
	(5654, 'steam:11000013ec6f59b', 'nokia_phone', 0),
	(5655, 'steam:11000013ec6f59b', 'joint', 0),
	(5656, 'steam:11000013ec6f59b', 'lockpick', 0),
	(5657, 'steam:11000013ec6f59b', 'glass', 0),
	(5658, 'steam:11000013ec6f59b', 'mixapero', 0),
	(5659, 'steam:11000013ec6f59b', 'boomdlugie', 0),
	(5660, 'steam:11000013ec6f59b', 'fixtool', 0),
	(5661, 'steam:11000013ec6f59b', 'metreshooter', 0),
	(5662, 'steam:11000013ec6f59b', 'meth', 0),
	(5663, 'steam:11000013ec6f59b', 'fish', 0),
	(5664, 'steam:11000013ec6f59b', 'hackerDevice', 0),
	(5665, 'steam:11000013ec6f59b', 'copper', 0),
	(5666, 'steam:11000013ec6f59b', 'cocacola', 0),
	(5667, 'steam:11000013ec6f59b', 'menthe', 0),
	(5668, 'steam:11000013ec6f59b', 'jusfruit', 0),
	(5669, 'steam:11000013ec6f59b', 'firstaid', 0),
	(5670, 'steam:11000013ec6f59b', 'WEAPON_CARBINERIFLE', 0),
	(5671, 'steam:11000013ec6f59b', 'kastetdollar', 0),
	(5672, 'steam:11000013ec6f59b', 'marijuana', 0),
	(5673, 'steam:11000013ec6f59b', 'lsa', 0),
	(5674, 'steam:11000013ec6f59b', 'lemonade', 0),
	(5675, 'steam:11000013ec6f59b', 'moneywashid', 0),
	(5676, 'steam:11000013ec6f59b', 'lithium', 0),
	(5677, 'steam:11000013ec6f59b', 'ice', 0),
	(5678, 'steam:11000013ec6f59b', 'WEAPON_FLASHLIGHT', 0),
	(5679, 'steam:11000013ec6f59b', 'limonade', 0),
	(5680, 'steam:11000013ec6f59b', 'lighter', 0),
	(5681, 'steam:11000013ec6f59b', 'bolpistache', 0),
	(5682, 'steam:11000013ec6f59b', 'lowradio', 0),
	(5683, 'steam:11000013ec6f59b', 'WEAPON_ASSAULTSHOTGUN_AMMO', 0),
	(5684, 'steam:11000013ec6f59b', 'leather', 0),
	(5685, 'steam:11000013ec6f59b', 'largescope', 0),
	(5686, 'steam:11000013ec6f59b', 'keycard', 0),
	(5687, 'steam:11000013ec6f59b', 'kastetbalas', 0),
	(5688, 'steam:11000013ec6f59b', 'coca_leaf', 0),
	(5689, 'steam:11000013ec6f59b', 'rollingpaper', 0),
	(5690, 'steam:11000013ec6f59b', 'jagercerbere', 0),
	(5691, 'steam:11000013ec6f59b', 'golem', 0),
	(5692, 'steam:11000013ec6f59b', 'blowtorch', 0),
	(5693, 'steam:11000013ec6f59b', 'alive_chicken', 0),
	(5694, 'steam:11000013ec6f59b', 'iron', 0),
	(5695, 'steam:11000013ec6f59b', 'battery', 0),
	(5696, 'steam:11000013ec6f59b', 'handcuffs', 0),
	(5697, 'steam:11000013ec6f59b', 'hydrocodone', 0),
	(5698, 'steam:11000013ec6f59b', 'hydrochloric_acid', 0),
	(5699, 'steam:11000013ec6f59b', 'highradio', 0),
	(5700, 'steam:11000013ec6f59b', 'clothe', 0),
	(5701, 'steam:11000013ec6f59b', 'airbag', 0),
	(5702, 'steam:11000013ec6f59b', 'fluor_stick', 0),
	(5703, 'steam:11000013ec6f59b', 'WEAPON_ASSAULTSMG', 0),
	(5704, 'steam:11000013ec6f59b', 'beer', 0),
	(5705, 'steam:11000013ec6f59b', 'WEAPON_PUMPSHOTGUN', 0),
	(5706, 'steam:11000013ec6f59b', 'highgradefert', 0),
	(5707, 'steam:11000013ec6f59b', 'colis', 0),
	(5708, 'steam:11000013ec6f59b', 'camarones', 0),
	(5709, 'steam:11000013ec6f59b', 'WEAPON_BAT', 0),
	(5710, 'steam:11000013ec6f59b', 'bolchips', 0),
	(5711, 'steam:11000013ec6f59b', 'WEAPON_AUTOSHOTGUN_AMMO', 0),
	(5712, 'steam:11000013ec6f59b', 'gas_pump', 0),
	(5713, 'steam:11000013ec6f59b', 'vodka', 0),
	(5714, 'steam:11000013ec6f59b', 'WEAPON_ASSAULTSMG_AMMO', 0),
	(5715, 'steam:11000013ec6f59b', 'cangrejos', 0),
	(5716, 'steam:11000013ec6f59b', 'grapperaisin', 0),
	(5717, 'steam:11000013ec6f59b', 'cutted_wood', 0),
	(5718, 'steam:11000013ec6f59b', 'grand_cru', 0),
	(5719, 'steam:11000013ec6f59b', 'cigarett', 0),
	(5720, 'steam:11000013ec6f59b', 'chocolate', 0),
	(5721, 'steam:11000013ec6f59b', 'vipskinmotyl', 0),
	(5722, 'steam:11000013ec6f59b', 'bolcacahuetes', 0),
	(5723, 'steam:11000013ec6f59b', 'platin50', 0),
	(5724, 'steam:11000013ec6f59b', 'acetone', 0),
	(5725, 'steam:11000013ec6f59b', 'WEAPON_CARBINERIFLE_AMMO', 0),
	(5726, 'steam:11000013ec6f59b', 'WEAPON_PUMPSHOTGUN_AMMO', 0),
	(5727, 'steam:11000013ec6f59b', 'enginekiller', 0),
	(5728, 'steam:11000013ec6f59b', 'gas_mask', 0),
	(5729, 'steam:11000013ec6f59b', 'gold', 0),
	(5730, 'steam:11000013ec6f59b', 'coffe', 0),
	(5731, 'steam:11000013ec6f59b', 'medikit', 0),
	(5732, 'steam:11000013ec6f59b', 'gauze', 0),
	(5733, 'steam:11000013ec6f59b', '5gbag', 0),
	(5734, 'steam:11000013ec6f59b', 'jagerbomb', 0),
	(5735, 'steam:11000013ec6f59b', '100gbag', 0),
	(5736, 'steam:11000013ec6f59b', 'mediumscope', 0),
	(5737, 'steam:11000013ec6f59b', 'clip', 0),
	(5738, 'steam:11000013ec6f59b', 'flashlight', 0),
	(5739, 'steam:11000013ec6f59b', 'WEAPON_APPISTOL_AMMO', 0),
	(5740, 'steam:11000013ec6f59b', 'electronics', 0),
	(5741, 'steam:11000013ec6f59b', 'samsung_s8', 0),
	(5742, 'steam:11000013ec6f59b', 'opium', 0),
	(5743, 'steam:11000013ec6f59b', '10', 0),
	(5744, 'steam:11000013ec6f59b', 'WEAPON_PISTOL_AMMO', 0),
	(5745, 'steam:11000013ec6f59b', 'clutch', 0),
	(5746, 'steam:11000013ec6f59b', 'coke_pooch', 0),
	(5747, 'steam:11000013ec6f59b', 'electronic_kit', 0),
	(5748, 'steam:11000013ec6f59b', 'bread', 0),
	(5749, 'steam:11000013ec6f59b', 'WEAPON_AUTOSHOTGUN', 0),
	(5750, 'steam:11000013ec6f59b', 'bandage', 0),
	(5751, 'steam:11000013df98c58', 'fixtool', 0),
	(5752, 'steam:11000013df98c58', 'gold', 0),
	(5753, 'steam:11000013df98c58', 'gps', 0),
	(5754, 'steam:11000013df98c58', '50gbag', 0),
	(5755, 'steam:11000013df98c58', 'lithium', 0),
	(5756, 'steam:11000013df98c58', 'pistachio', 0),
	(5757, 'steam:11000013df98c58', 'nokia_phone', 0),
	(5758, 'steam:11000013df98c58', 'WEAPON_ASSAULTSHOTGUN_AMMO', 0),
	(5759, 'steam:11000013df98c58', 'zebradlugie', 0),
	(5760, 'steam:11000013df98c58', 'rope', 0),
	(5761, 'steam:11000013df98c58', 'champagne', 0),
	(5762, 'steam:11000013df98c58', 'cutted_wood', 0),
	(5763, 'steam:11000013df98c58', 'cannabis', 0),
	(5764, 'steam:11000013df98c58', 'packaged_chicken', 0),
	(5765, 'steam:11000013df98c58', 'yusuf', 0),
	(5766, 'steam:11000013df98c58', 'medkit', 0),
	(5767, 'steam:11000013df98c58', 'golem', 0),
	(5768, 'steam:11000013df98c58', 'clutch', 0),
	(5769, 'steam:11000013df98c58', 'MountedScope', 0),
	(5770, 'steam:11000013df98c58', 'wheel', 0),
	(5771, 'steam:11000013df98c58', 'wooddlugie', 0),
	(5772, 'steam:11000013df98c58', 'WEAPON_PISTOL', 0),
	(5773, 'steam:11000013df98c58', 'hamburger', 0),
	(5774, 'steam:11000013df98c58', 'kastetbalas', 0),
	(5775, 'steam:11000013df98c58', 'cashew', 0),
	(5776, 'steam:11000013df98c58', 'WEAPON_PUMPSHOTGUN_AMMO', 0),
	(5777, 'steam:11000013df98c58', 'joint', 0),
	(5778, 'steam:11000013df98c58', 'gintonic', 0),
	(5779, 'steam:11000013df98c58', 'turtle', 0),
	(5780, 'steam:11000013df98c58', 'wool', 0),
	(5781, 'steam:11000013df98c58', 'handcuffs', 0),
	(5782, 'steam:11000013df98c58', 'hydrocodone', 0),
	(5783, 'steam:11000013df98c58', 'electronic_kit', 0),
	(5784, 'steam:11000013df98c58', 'gazbottle', 0),
	(5785, 'steam:11000013df98c58', 'scubagear', 0),
	(5786, 'steam:11000013df98c58', 'rolling_paper', 0),
	(5787, 'steam:11000013df98c58', 'kastetpink', 0),
	(5788, 'steam:11000013df98c58', '1gbag', 0),
	(5789, 'steam:11000013df98c58', '100gbag', 0),
	(5790, 'steam:11000013df98c58', 'wood', 0),
	(5791, 'steam:11000013df98c58', 'phone', 0),
	(5792, 'steam:11000013df98c58', 'coke', 0),
	(5793, 'steam:11000013df98c58', 'fixkit', 0),
	(5794, 'steam:11000013df98c58', 'highrim', 0),
	(5795, 'steam:11000013df98c58', 'vicodin', 0),
	(5796, 'steam:11000013df98c58', 'battery', 0),
	(5797, 'steam:11000013df98c58', 'fabric', 0),
	(5798, 'steam:11000013df98c58', 'grapperaisin', 0),
	(5799, 'steam:11000013df98c58', 'WEAPON_FLASHLIGHT', 0),
	(5800, 'steam:11000013df98c58', 'WEAPON_ASSAULTSMG', 0),
	(5801, 'steam:11000013df98c58', 'WEAPON_AUTOSHOTGUN_AMMO', 0),
	(5802, 'steam:11000013df98c58', 'absinthe', 0),
	(5803, 'steam:11000013df98c58', 'limonade', 0),
	(5804, 'steam:11000013df98c58', 'whiskycoca', 0),
	(5805, 'steam:11000013df98c58', 'copper', 0),
	(5806, 'steam:11000013df98c58', 'whisky', 0),
	(5807, 'steam:11000013df98c58', 'weapon_piece', 0),
	(5808, 'steam:11000013df98c58', 'bolchips', 0),
	(5809, 'steam:11000013df98c58', 'water', 0),
	(5810, 'steam:11000013df98c58', 'cigarett', 0),
	(5811, 'steam:11000013df98c58', 'washed_stone', 0),
	(5812, 'steam:11000013df98c58', 'walkie_lspd', 0),
	(5813, 'steam:11000013df98c58', 'walkie_ems', 0),
	(5814, 'steam:11000013df98c58', 'vodkafruit', 0),
	(5815, 'steam:11000013df98c58', 'vodkaenergy', 0),
	(5816, 'steam:11000013df98c58', 'bolnoixcajou', 0),
	(5817, 'steam:11000013df98c58', 'vodka', 0),
	(5818, 'steam:11000013df98c58', 'vipskinmotyl', 0),
	(5819, 'steam:11000013df98c58', 'bandage', 0),
	(5820, 'steam:11000013df98c58', 'carokit', 0),
	(5821, 'steam:11000013df98c58', 'turtlebait', 0),
	(5822, 'steam:11000013df98c58', 'turbo', 0),
	(5823, 'steam:11000013df98c58', 'thionyl_chloride', 0),
	(5824, 'steam:11000013df98c58', 'tequila', 0),
	(5825, 'steam:11000013df98c58', 'electronics', 0),
	(5826, 'steam:11000013df98c58', 'teqpaf', 0),
	(5827, 'steam:11000013df98c58', 'WEAPON_APPISTOL', 0),
	(5828, 'steam:11000013df98c58', 'bolpistache', 0),
	(5829, 'steam:11000013df98c58', 'tactitalmuzle', 0),
	(5830, 'steam:11000013df98c58', 'white_pearl', 0),
	(5831, 'steam:11000013df98c58', 'lowradio', 0),
	(5832, 'steam:11000013df98c58', 'fish', 0),
	(5833, 'steam:11000013df98c58', 'marijuana', 0),
	(5834, 'steam:11000013df98c58', 'powiekszonymagazynek', 0),
	(5835, 'steam:11000013df98c58', 'plantpot', 0),
	(5836, 'steam:11000013df98c58', 'chocolate', 0),
	(5837, 'steam:11000013df98c58', 'chemicals', 0),
	(5838, 'steam:11000013df98c58', 'pizza', 0),
	(5839, 'steam:11000013df98c58', 'cangrejos', 0),
	(5840, 'steam:11000013df98c58', 'stone', 0),
	(5841, 'steam:11000013df98c58', 'stockrim', 0),
	(5842, 'steam:11000013df98c58', 'platin50', 0),
	(5843, 'steam:11000013df98c58', 'rhumfruit', 0),
	(5844, 'steam:11000013df98c58', 'spare_parts', 0),
	(5845, 'steam:11000013df98c58', 'WEAPON_AUTOSHOTGUN', 0),
	(5846, 'steam:11000013df98c58', 'wine', 0),
	(5847, 'steam:11000013df98c58', 'kastethate', 0),
	(5848, 'steam:11000013df98c58', 'lsa', 0),
	(5849, 'steam:11000013df98c58', 'receipt', 0),
	(5850, 'steam:11000013df98c58', 'soda', 0),
	(5851, 'steam:11000013df98c58', 'sandwich', 0),
	(5852, 'steam:11000013df98c58', 'beer', 0),
	(5853, 'steam:11000013df98c58', 'slaughtered_chicken', 0),
	(5854, 'steam:11000013df98c58', 'lsd', 0),
	(5855, 'steam:11000013df98c58', 'sim', 0),
	(5856, 'steam:11000013df98c58', 'mleko', 0),
	(5857, 'steam:11000013df98c58', 'morphine', 0),
	(5858, 'steam:11000013df98c58', 'holografik', 0),
	(5859, 'steam:11000013df98c58', 'coca_leaf', 0),
	(5860, 'steam:11000013df98c58', '5gbag', 0),
	(5861, 'steam:11000013df98c58', 'scrap_metal', 0),
	(5862, 'steam:11000013df98c58', 'jagercerbere', 0),
	(5863, 'steam:11000013df98c58', 'saucisson', 0),
	(5864, 'steam:11000013df98c58', 'letter', 0),
	(5865, 'steam:11000013df98c58', 'mixapero', 0),
	(5866, 'steam:11000013df98c58', 'iron', 0),
	(5867, 'steam:11000013df98c58', 'grand_cru', 0),
	(5868, 'steam:11000013df98c58', 'WEAPON_ASSAULTSMG_AMMO', 0),
	(5869, 'steam:11000013df98c58', 'moneywash', 0),
	(5870, 'steam:11000013df98c58', 'heroin', 0),
	(5871, 'steam:11000013df98c58', 'hydrochloric_acid', 0),
	(5872, 'steam:11000013df98c58', 'boomdlugie', 0),
	(5873, 'steam:11000013df98c58', 'woodheavyp', 0),
	(5874, 'steam:11000013df98c58', 'WEAPON_SMG', 0),
	(5875, 'steam:11000013df98c58', 'steel', 0),
	(5876, 'steam:11000013df98c58', 'menthe', 0),
	(5877, 'steam:11000013df98c58', 'clothe', 0),
	(5878, 'steam:11000013df98c58', 'enginekiller', 0),
	(5879, 'steam:11000013df98c58', 'gas_pump', 0),
	(5880, 'steam:11000013df98c58', 'essence', 0),
	(5881, 'steam:11000013df98c58', 'WEAPON_ASSAULTRIFLE_AMMO', 0),
	(5882, 'steam:11000013df98c58', 'jusfruit', 0),
	(5883, 'steam:11000013df98c58', 'raspberry', 0),
	(5884, 'steam:11000013df98c58', 'poppyresin', 0),
	(5885, 'steam:11000013df98c58', 'gauze', 0),
	(5886, 'steam:11000013df98c58', 'lowgradefert', 0),
	(5887, 'steam:11000013df98c58', 'sulfuric_acid', 0),
	(5888, 'steam:11000013df98c58', 'sodium_hydroxide', 0),
	(5889, 'steam:11000013df98c58', 'drill', 0),
	(5890, 'steam:11000013df98c58', 'fishingrod', 0),
	(5891, 'steam:11000013df98c58', 'WEAPON_CARBINERIFLE_AMMO', 0),
	(5892, 'steam:11000013df98c58', 'leather', 0),
	(5893, 'steam:11000013df98c58', 'petrol_raffin', 0),
	(5894, 'steam:11000013df98c58', 'petrol', 0),
	(5895, 'steam:11000013df98c58', 'drugscales', 0),
	(5896, 'steam:11000013df98c58', 'chemicalslisence', 0),
	(5897, 'steam:11000013df98c58', 'WEAPON_SMG_AMMO', 0),
	(5898, 'steam:11000013df98c58', 'colis', 0),
	(5899, 'steam:11000013df98c58', '10', 0),
	(5900, 'steam:11000013df98c58', 'icetea', 0),
	(5901, 'steam:11000013df98c58', 'WEAPON_BAT', 0),
	(5902, 'steam:11000013df98c58', 'cocacola', 0),
	(5903, 'steam:11000013df98c58', 'cajadecangrejos', 0),
	(5904, 'steam:11000013df98c58', 'mojito', 0),
	(5905, 'steam:11000013df98c58', 'flashlight', 0),
	(5906, 'steam:11000013df98c58', 'shotgun_shells', 0),
	(5907, 'steam:11000013df98c58', 'firstaidkit', 0),
	(5908, 'steam:11000013df98c58', 'rubber', 0),
	(5909, 'steam:11000013df98c58', 'metreshooter', 0),
	(5910, 'steam:11000013df98c58', 'meth', 0),
	(5911, 'steam:11000013df98c58', 'rhumcoca', 0),
	(5912, 'steam:11000013df98c58', 'xtc', 0),
	(5913, 'steam:11000013df98c58', 'mediumscope', 0),
	(5914, 'steam:11000013df98c58', 'medikit', 0),
	(5915, 'steam:11000013df98c58', 'adrenaline', 0),
	(5916, 'steam:11000013df98c58', 'lockpick', 0),
	(5917, 'steam:11000013df98c58', 'grip', 0),
	(5918, 'steam:11000013df98c58', 'chips', 0),
	(5919, 'steam:11000013df98c58', 'breadboard', 0),
	(5920, 'steam:11000013df98c58', 'martini', 0),
	(5921, 'steam:11000013df98c58', 'bulletproof', 0),
	(5922, 'steam:11000013df98c58', 'sunglasses', 0),
	(5923, 'steam:11000013df98c58', 'firstaid', 0),
	(5924, 'steam:11000013df98c58', 'lighter', 0),
	(5925, 'steam:11000013df98c58', 'WEAPON_ASSAULTRIFLE', 0),
	(5926, 'steam:11000013df98c58', 'samsung_s8', 0),
	(5927, 'steam:11000013df98c58', 'sodium', 0),
	(5928, 'steam:11000013df98c58', 'largescope', 0),
	(5929, 'steam:11000013df98c58', 'moneywashid', 0),
	(5930, 'steam:11000013df98c58', 'keycard', 0),
	(5931, 'steam:11000013df98c58', 'kastetpimp', 0),
	(5932, 'steam:11000013df98c58', 'cigarette', 0),
	(5933, 'steam:11000013df98c58', 'kastetdiament', 0),
	(5934, 'steam:11000013df98c58', 'kastetplayer', 0),
	(5935, 'steam:11000013df98c58', 'WEAPON_COMBATPISTOL_AMMO', 0),
	(5936, 'steam:11000013df98c58', 'lemonade', 0),
	(5937, 'steam:11000013df98c58', 'kastetdollar', 0),
	(5938, 'steam:11000013df98c58', 'kastetvagos', 0),
	(5939, 'steam:11000013df98c58', 'jewels', 0),
	(5940, 'steam:11000013df98c58', 'fishbait', 0),
	(5941, 'steam:11000013df98c58', 'jagerbomb', 0),
	(5942, 'steam:11000013df98c58', 'bread', 0),
	(5943, 'steam:11000013df98c58', 'blowtorch', 0),
	(5944, 'steam:11000013df98c58', 'rollingpaper', 0),
	(5945, 'steam:11000013df98c58', 'opium', 0),
	(5946, 'steam:11000013df98c58', 'syringe', 0),
	(5947, 'steam:11000013df98c58', 'gas_mask', 0),
	(5948, 'steam:11000013df98c58', 'shark', 0),
	(5949, 'steam:11000013df98c58', 'cupcake', 0),
	(5950, 'steam:11000013df98c58', 'ice', 0),
	(5951, 'steam:11000013df98c58', 'blowpipe', 0),
	(5952, 'steam:11000013df98c58', 'highradio', 0),
	(5953, 'steam:11000013df98c58', 'packaged_plank', 0),
	(5954, 'steam:11000013df98c58', 'WEAPON_CARBINERIFLE', 0),
	(5955, 'steam:11000013df98c58', 'oxygen_mask', 0),
	(5956, 'steam:11000013df98c58', 'WEAPON_ADVANCEDRIFLE_AMMO', 0),
	(5957, 'steam:11000013df98c58', 'adrenaline_shot', 0),
	(5958, 'steam:11000013df98c58', 'WEAPON_PUMPSHOTGUN', 0),
	(5959, 'steam:11000013df98c58', 'binocular', 0),
	(5960, 'steam:11000013df98c58', 'fluor_stick', 0),
	(5961, 'steam:11000013df98c58', 'WEAPON_COMBATPISTOL', 0),
	(5962, 'steam:11000013df98c58', 'hackerDevice', 0),
	(5963, 'steam:11000013df98c58', 'advancedlockpick', 0),
	(5964, 'steam:11000013df98c58', 'gameboy', 0),
	(5965, 'steam:11000013df98c58', 'alive_chicken', 0),
	(5966, 'steam:11000013df98c58', 'WEAPON_ADVANCEDRIFLE', 0),
	(5967, 'steam:11000013df98c58', 'WEAPON_ASSAULTSHOTGUN', 0),
	(5968, 'steam:11000013df98c58', 'boitierrgb', 0),
	(5969, 'steam:11000013df98c58', 'highgradefert', 0),
	(5970, 'steam:11000013df98c58', 'glass', 0),
	(5971, 'steam:11000013df98c58', 'meat', 0),
	(5972, 'steam:11000013df98c58', 'screen', 0),
	(5973, 'steam:11000013df98c58', 'airbag', 0),
	(5974, 'steam:11000013df98c58', 'WEAPON_STUNGUN', 0),
	(5975, 'steam:11000013df98c58', 'fuse', 0),
	(5976, 'steam:11000013df98c58', 'c4_bank', 0),
	(5977, 'steam:11000013df98c58', 'casio_watch', 0),
	(5978, 'steam:11000013df98c58', 'kompensator', 0),
	(5979, 'steam:11000013df98c58', 'czaszkidlugie', 0),
	(5980, 'steam:11000013df98c58', 'acetone', 0),
	(5981, 'steam:11000013df98c58', 'coffe', 0),
	(5982, 'steam:11000013df98c58', 'camarones', 0),
	(5983, 'steam:11000013df98c58', 'epinephrine', 0),
	(5984, 'steam:11000013df98c58', 'Suppressor', 0),
	(5985, 'steam:11000013df98c58', 'jager', 0),
	(5986, 'steam:11000013df98c58', 'energy', 0),
	(5987, 'steam:11000013df98c58', 'drpepper', 0),
	(5988, 'steam:11000013df98c58', 'bolcacahuetes', 0),
	(5989, 'steam:11000013df98c58', 'coke_pooch', 0),
	(5990, 'steam:11000013df98c58', 'carotool', 0),
	(5991, 'steam:11000013df98c58', 'rhum', 0),
	(5992, 'steam:11000013df98c58', 'clip', 0),
	(5993, 'steam:11000013df98c58', 'WEAPON_PISTOL_AMMO', 0),
	(5994, 'steam:11000013df98c58', 'WEAPON_KNIFE', 0),
	(5995, 'steam:11000013df98c58', 'celownikdluga', 0),
	(5996, 'steam:11000013df98c58', 'WEAPON_APPISTOL_AMMO', 0),
	(5997, 'steam:11000013df98c58', 'cchip', 0),
	(5998, 'steam:11000013df98c58', 'cajadecamarones', 0),
	(5999, 'steam:11000013df98c58', 'apple_iphone', 0),
	(6000, 'steam:11000013df98c58', '9mm_rounds', 0);
/*!40000 ALTER TABLE `user_inventory` ENABLE KEYS */;

-- Dumping structure for table essentialmode.user_lastcharacter
DROP TABLE IF EXISTS `user_lastcharacter`;
CREATE TABLE IF NOT EXISTS `user_lastcharacter` (
  `steamid` varchar(255) NOT NULL,
  `charid` int(11) NOT NULL
) ENGINE=InnoDB DEFAULT CHARSET=latin1;

-- Dumping data for table essentialmode.user_lastcharacter: ~20 rows (approximately)
DELETE FROM `user_lastcharacter`;
/*!40000 ALTER TABLE `user_lastcharacter` DISABLE KEYS */;
INSERT INTO `user_lastcharacter` (`steamid`, `charid`) VALUES
	('steam:110000137972c5f', 1),
	('steam:11000013d80c34f', 1),
	('steam:11000013cf6131e', 1),
	('steam:11000013e6ab42b', 1),
	('steam:11000013fa72798', 1),
	('steam:110000119bd7bda', 1),
	('steam:11000013d9ceb45', 1),
	('steam:110000135a2dcb0', 1),
	('steam:110000141badbd7', 1),
	('steam:11000013f7c200c', 1),
	('steam:11000013643f404', 1),
	('steam:11000013c71edd7', 1),
	('steam:110000112bdd6a2', 1),
	('steam:110000140ec1768', 1),
	('steam:1100001407e52c2', 1),
	('steam:1100001417afcc9', 1),
	('steam:11000013ee8da84', 1),
	('steam:11000013e171b9d', 1),
	('steam:110000112d5aa7b', 1),
	('steam:11000013ec6f59b', 1),
	('steam:11000013df98c58', 1);
/*!40000 ALTER TABLE `user_lastcharacter` ENABLE KEYS */;

-- Dumping structure for table essentialmode.user_licenses
DROP TABLE IF EXISTS `user_licenses`;
CREATE TABLE IF NOT EXISTS `user_licenses` (
  `id` int(11) NOT NULL AUTO_INCREMENT,
  `type` varchar(60) COLLATE utf8mb4_bin NOT NULL,
  `owner` varchar(60) COLLATE utf8mb4_bin NOT NULL,
  PRIMARY KEY (`id`)
) ENGINE=InnoDB DEFAULT CHARSET=utf8mb4 COLLATE=utf8mb4_bin;

-- Dumping data for table essentialmode.user_licenses: ~6 rows (approximately)
DELETE FROM `user_licenses`;
/*!40000 ALTER TABLE `user_licenses` DISABLE KEYS */;
INSERT INTO `user_licenses` (`id`, `type`, `owner`) VALUES
	(1, 'boat', 'steam:11000013d80c34f'),
	(2, 'boat', 'steam:11000013643f404'),
	(3, 'weapon', 'steam:11000013643f404'),
	(4, 'weapon', 'steam:110000119bd7bda'),
	(5, 'weapon', 'steam:11000013d9ceb45'),
	(6, 'weapon', 'steam:110000112d5aa7b');
/*!40000 ALTER TABLE `user_licenses` ENABLE KEYS */;

-- Dumping structure for table essentialmode.user_policearmory
DROP TABLE IF EXISTS `user_policearmory`;
CREATE TABLE IF NOT EXISTS `user_policearmory` (
  `identifier` varchar(50) COLLATE utf8mb4_bin NOT NULL,
  `weapons` longtext COLLATE utf8mb4_bin,
  PRIMARY KEY (`identifier`)
) ENGINE=InnoDB DEFAULT CHARSET=utf8mb4 COLLATE=utf8mb4_bin;

-- Dumping data for table essentialmode.user_policearmory: ~0 rows (approximately)
DELETE FROM `user_policearmory`;
/*!40000 ALTER TABLE `user_policearmory` DISABLE KEYS */;
/*!40000 ALTER TABLE `user_policearmory` ENABLE KEYS */;

-- Dumping structure for table essentialmode.vehicles
DROP TABLE IF EXISTS `vehicles`;
CREATE TABLE IF NOT EXISTS `vehicles` (
  `name` varchar(60) NOT NULL,
  `model` varchar(60) NOT NULL,
  `price` int(11) NOT NULL,
  `category` varchar(60) NOT NULL,
  `inshop` int(11) NOT NULL DEFAULT '1',
  `stock` int(11) NOT NULL,
  PRIMARY KEY (`model`)
) ENGINE=InnoDB DEFAULT CHARSET=latin1;

-- Dumping data for table essentialmode.vehicles: ~237 rows (approximately)
DELETE FROM `vehicles`;
/*!40000 ALTER TABLE `vehicles` DISABLE KEYS */;
INSERT INTO `vehicles` (`name`, `model`, `price`, `category`, `inshop`, `stock`) VALUES
	('Adder', 'adder', 900000, 'super', 0, 1),
	('Akuma', 'AKUMA', 7500, 'importbikes', 0, 10),
	('Alpha', 'alpha', 60000, 'importcars', 0, 10),
	('Ardent', 'ardent', 1150000, 'importcarsclassics', 0, 10),
	('Asea', 'asea', 5500, 'importcars', 0, 10),
	('Autarch', 'autarch', 1955000, 'importcars', 0, 10),
	('Avarus', 'avarus', 18000, 'importbikes', 0, 10),
	('Bagger', 'bagger', 13500, 'importbikes', 0, 10),
	('Baller', 'baller2', 40000, 'importcars', 0, 9),
	('Baller Sport', 'baller3', 60000, 'importcars', 0, 10),
	('Banshee', 'banshee', 70000, 'importcars', 0, 10),
	('Banshee 900R', 'banshee2', 255000, 'importcars', 0, 10),
	('Bati 801', 'bati', 12000, 'importbikes', 0, 10),
	('Bati 801RR', 'bati2', 19000, 'importbikes', 0, 10),
	('Bestia GTS', 'bestiagts', 55000, 'importcars', 0, 10),
	('BF400', 'bf400', 6500, 'importbikes', 0, 10),
	('Bf Injection', 'bfinjection', 16000, 'importcars', 0, 10),
	('Bifta', 'bifta', 12000, 'importcars', 0, 10),
	('Bison', 'bison', 45000, 'importcars', 0, 10),
	('Blade', 'blade', 15000, 'importcars', 0, 10),
	('Blazer', 'blazer', 6500, 'importcars', 0, 10),
	('Blazer Sport', 'blazer4', 8500, 'importcars', 0, 10),
	('blazer5', 'blazer5', 1755600, 'importcars', 0, 10),
	('Blista', 'blista', 8000, 'importcars', 0, 10),
	('BMX (velo)', 'bmx', 160, 'importbikes', 0, 10),
	('Bobcat XL', 'bobcatxl', 32000, 'importcars', 0, 10),
	('Brawler', 'brawler', 45000, 'importcars', 0, 10),
	('Brioso R/A', 'brioso', 18000, 'importcars', 0, 10),
	('Btype', 'btype', 62000, 'importcarsclassics', 0, 10),
	('Btype Hotroad', 'btype2', 155000, 'importcarsclassics', 0, 10),
	('Btype Luxe', 'btype3', 85000, 'importcarsclassics', 0, 10),
	('Buccaneer', 'buccaneer', 18000, 'importcars', 0, 10),
	('Buccaneer Rider', 'buccaneer2', 24000, 'importcars', 0, 10),
	('Buffalo', 'buffalo', 12000, 'importcars', 0, 10),
	('Buffalo S', 'buffalo2', 20000, 'importcars', 0, 10),
	('Bullet', 'bullet', 90000, 'importcars', 0, 10),
	('Burrito', 'burrito3', 19000, 'importcars', 0, 10),
	('Camper', 'camper', 42000, 'importcars', 0, 10),
	('Carbonizzare', 'carbonizzare', 75000, 'importcars', 0, 10),
	('Carbon RS', 'carbonrs', 18000, 'importbikes', 0, 9),
	('Casco', 'casco', 30000, 'importcarsclassics', 0, 10),
	('Cavalcade', 'cavalcade2', 55000, 'importcars', 0, 10),
	('Cheetah', 'cheetah', 375000, 'importcars', 0, 10),
	('Chimera', 'chimera', 38000, 'importbikes', 0, 10),
	('Chino', 'chino', 15000, 'importcars', 0, 10),
	('Chino Luxe', 'chino2', 19000, 'importcars', 0, 10),
	('Cliffhanger', 'cliffhanger', 9500, 'importbikes', 0, 10),
	('Cognoscenti Cabrio', 'cogcabrio', 55000, 'importcars', 0, 10),
	('Cognoscenti', 'cognoscenti', 55000, 'importcars', 0, 10),
	('Comet', 'comet2', 65000, 'importcars', 0, 10),
	('Comet 5', 'comet5', 1145000, 'importcars', 0, 10),
	('Contender', 'contender', 70000, 'importcars', 0, 10),
	('Coquette', 'coquette', 65000, 'importcars', 0, 10),
	('Coquette Classic', 'coquette2', 40000, 'importcarsclassics', 0, 10),
	('Coquette BlackFin', 'coquette3', 55000, 'importcars', 0, 10),
	('Cruiser (velo)', 'cruiser', 510, 'importbikes', 0, 10),
	('Cyclone', 'cyclone', 1890000, 'importcars', 0, 10),
	('Daemon', 'daemon', 11500, 'importbikes', 0, 10),
	('Daemon High', 'daemon2', 13500, 'importbikes', 0, 10),
	('Defiler', 'defiler', 9800, 'importbikes', 0, 10),
	('Dominator', 'dominator', 35000, 'importcars', 0, 10),
	('Double T', 'double', 28000, 'importbikes', 0, 10),
	('Dubsta', 'dubsta', 45000, 'importcars', 0, 10),
	('Dubsta Luxuary', 'dubsta2', 60000, 'importcars', 0, 10),
	('Bubsta 6x6', 'dubsta3', 120000, 'importcars', 0, 10),
	('Dukes', 'dukes', 28000, 'importcars', 0, 10),
	('Dune Buggy', 'dune', 8000, 'importcars', 0, 10),
	('Elegy', 'elegy2', 38500, 'importcars', 0, 10),
	('Emperor', 'emperor', 8500, 'importcars', 0, 10),
	('Enduro', 'enduro', 5500, 'importbikes', 0, 10),
	('Entity XF', 'entityxf', 425000, 'importcars', 0, 10),
	('Esskey', 'esskey', 4200, 'importbikes', 0, 10),
	('Exemplar', 'exemplar', 32000, 'importcars', 0, 10),
	('F620', 'f620', 40000, 'importcars', 0, 10),
	('Faction', 'faction', 20000, 'importcars', 0, 10),
	('Faction Rider', 'faction2', 30000, 'importcars', 0, 10),
	('Faction XL', 'faction3', 40000, 'importcars', 0, 10),
	('Faggio', 'faggio', 1900, 'importbikes', 0, 10),
	('Vespa', 'faggio2', 2800, 'importbikes', 0, 10),
	('Felon', 'felon', 42000, 'importcars', 0, 10),
	('Felon GT', 'felon2', 55000, 'importcars', 0, 10),
	('Feltzer', 'feltzer2', 55000, 'importcars', 0, 10),
	('Stirling GT', 'feltzer3', 65000, 'importcarsclassics', 0, 10),
	('Fixter (velo)', 'fixter', 225, 'importbikes', 0, 10),
	('Flat Bed', 'flatbed', 15000, 'utility', 0, 10),
	('FMJ', 'fmj', 185000, 'importcars', 0, 10),
	('Fhantom', 'fq2', 17000, 'importcars', 0, 10),
	('Fugitive', 'fugitive', 12000, 'importcars', 0, 0),
	('Furore GT', 'furoregt', 45000, 'importcars', 0, 0),
	('Fusilade', 'fusilade', 40000, 'importcars', 0, 0),
	('Gargoyle', 'gargoyle', 16500, 'importbikes', 0, 0),
	('Gauntlet', 'gauntlet', 30000, 'importcars', 0, 0),
	('Gang Burrito', 'gburrito', 45000, 'importcars', 0, 0),
	('Burrito', 'gburrito2', 29000, 'importcars', 0, 0),
	('Glendale', 'glendale', 6500, 'importcars', 0, 0),
	('Grabger', 'granger', 50000, 'importcars', 0, 0),
	('Gresley', 'gresley', 47500, 'importcars', 0, 0),
	('GT 500', 'gt500', 785000, 'importcarsclassics', 0, 0),
	('Guardian', 'guardian', 45000, 'importcars', 0, 0),
	('Hakuchou', 'hakuchou', 31000, 'importbikes', 0, 0),
	('Hakuchou Sport', 'hakuchou2', 55000, 'importbikes', 0, 0),
	('Hermes', 'hermes', 535000, 'importcars', 0, 0),
	('Hexer', 'hexer', 12000, 'importbikes', 0, 0),
	('Hotknife', 'hotknife', 125000, 'importcars', 0, 0),
	('Huntley S', 'huntley', 40000, 'importcars', 0, 0),
	('Hustler', 'hustler', 625000, 'importcars', 0, 0),
	('importcars Diamond', 'importcarsd', 130000, 'importcars', 0, 0),
	('Infernus', 'infernus', 180000, 'importcars', 0, 0),
	('Innovation', 'innovation', 23500, 'importbikes', 0, 0),
	('Intruder', 'intruder', 7500, 'importcars', 0, 0),
	('Issi', 'issi2', 10000, 'importcars', 0, 0),
	('Jackal', 'jackal', 38000, 'importcars', 0, 0),
	('Jester', 'jester', 65000, 'importcars', 0, 0),
	('Jester(Racecar)', 'jester2', 135000, 'importcars', 0, 0),
	('Journey', 'journey', 6500, 'importcars', 0, 0),
	('Kamacho', 'kamacho', 345000, 'importcars', 0, 0),
	('Khamelion', 'khamelion', 38000, 'importcars', 0, 0),
	('Kuruma', 'kuruma', 30000, 'importcars', 0, 0),
	('Landstalker', 'landstalker', 35000, 'importcars', 0, 0),
	('RE-7B', 'le7b', 325000, 'importcars', 0, 0),
	('Lynx', 'lynx', 40000, 'importcars', 0, 0),
	('Mamba', 'mamba', 70000, 'importcars', 0, 0),
	('Manana', 'manana', 12800, 'importcarsclassics', 0, 0),
	('Manchez', 'manchez', 5300, 'importbikes', 0, 0),
	('Massacro', 'massacro', 65000, 'importcars', 0, 0),
	('Massacro(Racecar)', 'massacro2', 130000, 'importcars', 0, 0),
	('Mesa', 'mesa', 16000, 'importcars', 0, 0),
	('Mesa Trail', 'mesa3', 40000, 'importcars', 0, 0),
	('Minivan', 'minivan', 13000, 'importcars', 0, 0),
	('Monroe', 'monroe', 55000, 'importcarsclassics', 0, 0),
	('The Liberator', 'monster', 210000, 'importcars', 0, 0),
	('Moonbeam', 'moonbeam', 18000, 'importcars', 0, 0),
	('Moonbeam Rider', 'moonbeam2', 35000, 'importcars', 0, 0),
	('Nemesis', 'nemesis', 5800, 'importbikes', 0, 0),
	('Neon', 'neon', 1500000, 'importcars', 0, 0),
	('Nightblade', 'nightblade', 35000, 'importbikes', 0, 0),
	('Nightshade', 'nightshade', 65000, 'importcars', 0, 0),
	('9F', 'ninef', 65000, 'importcars', 0, 0),
	('9F Cabrio', 'ninef2', 80000, 'importcars', 0, 0),
	('Omnis', 'omnis', 35000, 'importcars', 0, 0),
	('Oracle XS', 'oracle2', 35000, 'importcars', 0, 0),
	('Osiris', 'osiris', 160000, 'importcars', 0, 0),
	('Panto', 'panto', 10000, 'importcars', 0, 9),
	('Paradise', 'paradise', 19000, 'importcars', 0, 0),
	('Pariah', 'pariah', 1420000, 'importcars', 0, 0),
	('Patriot', 'patriot', 55000, 'importcars', 0, 0),
	('PCJ-600', 'pcj', 6200, 'importbikes', 0, 0),
	('Penumbra', 'penumbra', 28000, 'importcars', 0, 0),
	('Pfister', 'pfister811', 85000, 'importcars', 0, 0),
	('Phoenix', 'phoenix', 12500, 'importcars', 0, 0),
	('Picador', 'picador', 18000, 'importcars', 0, 0),
	('Pigalle', 'pigalle', 20000, 'importcarsclassics', 0, 0),
	('Prairie', 'prairie', 12000, 'importcars', 0, 0),
	('Premier', 'premier', 8000, 'importcars', 0, 0),
	('Primo Custom', 'primo2', 14000, 'importcars', 0, 0),
	('X80 Proto', 'prototipo', 2500000, 'importcars', 0, 0),
	('Radius', 'radi', 29000, 'importcars', 0, 0),
	('raiden', 'raiden', 1375000, 'importcars', 0, 0),
	('Rapid GT', 'rapidgt', 35000, 'importcars', 0, 0),
	('Rapid GT Convertible', 'rapidgt2', 45000, 'importcars', 0, 0),
	('Rapid GT3', 'rapidgt3', 885000, 'importcarsclassics', 0, 0),
	('Reaper', 'reaper', 150000, 'importcars', 0, 0),
	('Rebel', 'rebel2', 35000, 'importcars', 0, 0),
	('Regina', 'regina', 5000, 'importcars', 0, 0),
	('Retinue', 'retinue', 615000, 'importcarsclassics', 0, 0),
	('Revolter', 'revolter', 1610000, 'importcars', 0, 0),
	('riata', 'riata', 380000, 'importcars', 0, 0),
	('Rocoto', 'rocoto', 45000, 'importcars', 0, 0),
	('Ruffian', 'ruffian', 6800, 'importbikes', 0, 0),
	('Rumpo', 'rumpo', 15000, 'importcars', 0, 0),
	('Rumpo Trail', 'rumpo3', 19500, 'importcars', 0, 0),
	('Sabre Turbo', 'sabregt', 20000, 'importcars', 0, 0),
	('Sabre GT', 'sabregt2', 25000, 'importcars', 0, 0),
	('Sanchez', 'sanchez', 5300, 'importbikes', 0, 0),
	('Sanchez Sport', 'sanchez2', 5300, 'importbikes', 0, 0),
	('Sanctus', 'sanctus', 25000, 'importbikes', 0, 0),
	('Sandking', 'sandking', 55000, 'importcars', 0, 0),
	('Savestra', 'savestra', 990000, 'importcarsclassics', 0, 0),
	('SC 1', 'sc1', 1603000, 'importcars', 0, 0),
	('Schafter', 'schafter2', 25000, 'importcars', 0, 0),
	('Schafter V12', 'schafter3', 50000, 'importcars', 0, 0),
	('Scorcher (velo)', 'scorcher', 280, 'importbikes', 0, 0),
	('Seminole', 'seminole', 25000, 'importcars', 0, 0),
	('Sentinel', 'sentinel', 32000, 'importcars', 0, 0),
	('Sentinel XS', 'sentinel2', 40000, 'importcars', 0, 0),
	('Sentinel3', 'sentinel3', 650000, 'importcars', 0, 0),
	('Seven 70', 'seven70', 39500, 'importcars', 0, 0),
	('ETR1', 'sheava', 220000, 'importcars', 0, 0),
	('Shotaro Concept', 'shotaro', 320000, 'importbikes', 0, 0),
	('Slam Van', 'slamvan3', 11500, 'importcars', 0, 0),
	('Sovereign', 'sovereign', 22000, 'importbikes', 0, 0),
	('Stinger', 'stinger', 80000, 'importcarsclassics', 0, 0),
	('Stinger GT', 'stingergt', 75000, 'importcarsclassics', 0, 0),
	('Streiter', 'streiter', 500000, 'importcars', 0, 0),
	('Stretch', 'stretch', 90000, 'importcars', 0, 0),
	('Sultan', 'sultan', 15000, 'importcars', 0, 0),
	('Sultan RS', 'sultanrs', 65000, 'importcars', 0, 0),
	('Surano', 'surano', 50000, 'importcars', 0, 0),
	('Surfer', 'surfer', 12000, 'importcars', 0, 0),
	('T20', 't20', 300000, 'importcars', 0, 0),
	('Tailgater', 'tailgater', 30000, 'importcars', 0, 0),
	('Tampa', 'tampa', 16000, 'importcars', 0, 0),
	('Drift Tampa', 'tampa2', 80000, 'importcars', 0, 0),
	('Thrust', 'thrust', 24000, 'importbikes', 0, 0),
	('Tow Truck', 'towtruck', 15000, 'utility', 0, 0),
	('Tri bike (velo)', 'tribike3', 520, 'importbikes', 0, 0),
	('Trophy Truck', 'trophytruck', 60000, 'importcars', 0, 10),
	('Trophy Truck Limited', 'trophytruck2', 80000, 'importcars', 0, 10),
	('Tropos', 'tropos', 40000, 'importcars', 0, 0),
	('Turismo R', 'turismor', 350000, 'importcars', 0, 0),
	('Tyrus', 'tyrus', 600000, 'importcars', 0, 0),
	('Vacca', 'vacca', 120000, 'importcars', 0, 0),
	('Vader', 'vader', 7200, 'importbikes', 0, 0),
	('Verlierer', 'verlierer2', 70000, 'importcars', 0, 0),
	('Vigero', 'vigero', 12500, 'importcars', 0, 0),
	('Virgo', 'virgo', 14000, 'importcars', 0, 0),
	('Viseris', 'viseris', 875000, 'importcarsclassics', 0, 0),
	('Visione', 'visione', 2250000, 'importcars', 0, 0),
	('Voltic', 'voltic', 90000, 'importcars', 0, 0),
	('Voodoo', 'voodoo', 7200, 'importcars', 0, 0),
	('Vortex', 'vortex', 9800, 'importbikes', 0, 0),
	('Warrener', 'warrener', 4000, 'importcars', 0, 0),
	('Washington', 'washington', 9000, 'importcars', 0, 0),
	('Windsor', 'windsor', 95000, 'importcars', 0, 0),
	('Windsor Drop', 'windsor2', 125000, 'importcars', 0, 0),
	('Woflsbane', 'wolfsbane', 9000, 'importbikes', 0, 0),
	('XLS', 'xls', 32000, 'importcars', 0, 0),
	('Yosemite', 'yosemite', 85000, 'importcars', 0, 0),
	('Youga', 'youga', 10800, 'importcars', 0, 0),
	('Youga Luxuary', 'youga2', 14500, 'importcars', 0, 0),
	('Z190', 'z190', 900000, 'importcarsclassics', 0, 0),
	('Zentorno', 'zentorno', 1500000, 'importcars', 0, 10),
	('Zion', 'zion', 36000, 'importcars', 0, 0),
	('Zion Cabrio', 'zion2', 45000, 'importcars', 0, 0),
	('Zombie', 'zombiea', 9500, 'importbikes', 0, 0),
	('Zombie Luxuary', 'zombieb', 12000, 'importbikes', 0, 0),
	('Z-Type', 'ztype', 220000, 'importcarsclassics', 0, 0);
/*!40000 ALTER TABLE `vehicles` ENABLE KEYS */;

-- Dumping structure for table essentialmode.vehicles_display
DROP TABLE IF EXISTS `vehicles_display`;
CREATE TABLE IF NOT EXISTS `vehicles_display` (
  `ID` int(11) NOT NULL AUTO_INCREMENT,
  `name` varchar(50) NOT NULL,
  `model` varchar(50) NOT NULL,
  `profit` int(11) NOT NULL DEFAULT '10',
  `price` int(11) NOT NULL,
  PRIMARY KEY (`ID`)
) ENGINE=InnoDB DEFAULT CHARSET=latin1;

-- Dumping data for table essentialmode.vehicles_display: ~6 rows (approximately)
DELETE FROM `vehicles_display`;
/*!40000 ALTER TABLE `vehicles_display` DISABLE KEYS */;
INSERT INTO `vehicles_display` (`ID`, `name`, `model`, `profit`, `price`) VALUES
	(1, 'Voltic', 'voltic', 10, 90000),
	(2, 'Dominator', 'dominator', 17, 35000),
	(3, 'Alpha', 'alpha', 1000, 60000),
	(4, 'Double T', 'double', 16, 28000),
	(5, 'Hakuchou Sport', 'hakuchou2', 50, 55000),
	(6, 'Bati 801', 'bati', 100, 12000);
/*!40000 ALTER TABLE `vehicles_display` ENABLE KEYS */;

-- Dumping structure for table essentialmode.vehicles_for_sale
DROP TABLE IF EXISTS `vehicles_for_sale`;
CREATE TABLE IF NOT EXISTS `vehicles_for_sale` (
  `id` int(11) NOT NULL AUTO_INCREMENT,
  `seller` varchar(30) CHARACTER SET utf8mb4 COLLATE utf8mb4_bin DEFAULT NULL,
  `vehicleProps` longtext NOT NULL,
  `price` int(11) NOT NULL DEFAULT '0',
  PRIMARY KEY (`id`)
) ENGINE=InnoDB DEFAULT CHARSET=utf8;

-- Dumping data for table essentialmode.vehicles_for_sale: ~0 rows (approximately)
DELETE FROM `vehicles_for_sale`;
/*!40000 ALTER TABLE `vehicles_for_sale` DISABLE KEYS */;
/*!40000 ALTER TABLE `vehicles_for_sale` ENABLE KEYS */;

-- Dumping structure for table essentialmode.vehicle_categories
DROP TABLE IF EXISTS `vehicle_categories`;
CREATE TABLE IF NOT EXISTS `vehicle_categories` (
  `name` varchar(60) NOT NULL,
  `label` varchar(60) NOT NULL,
  PRIMARY KEY (`name`)
) ENGINE=InnoDB DEFAULT CHARSET=latin1;

-- Dumping data for table essentialmode.vehicle_categories: ~15 rows (approximately)
DELETE FROM `vehicle_categories`;
/*!40000 ALTER TABLE `vehicle_categories` DISABLE KEYS */;
INSERT INTO `vehicle_categories` (`name`, `label`) VALUES
	('compacts', 'Compacts'),
	('coupes', 'Coups'),
	('importbikes', 'Import Bikes'),
	('importcars', 'Import Cars'),
	('importcarsclassics', 'Import Carsclassics'),
	('motorcycles', 'Motos'),
	('muscle', 'Muscle'),
	('offroad', 'Off Road'),
	('sedans', 'Sedans'),
	('sports', 'Sports'),
	('sportsclassics', 'Sports Classics'),
	('super', 'Super'),
	('suvs', 'SUVs'),
	('utility', 'Utility'),
	('vans', 'Vans');
/*!40000 ALTER TABLE `vehicle_categories` ENABLE KEYS */;

-- Dumping structure for table essentialmode.vehicle_display
DROP TABLE IF EXISTS `vehicle_display`;
CREATE TABLE IF NOT EXISTS `vehicle_display` (
  `id` int(11) NOT NULL AUTO_INCREMENT,
  `model` varchar(60) NOT NULL,
  `name` varchar(60) NOT NULL,
  `commission` int(11) NOT NULL DEFAULT '10',
  `downpayment` int(11) NOT NULL DEFAULT '25',
  PRIMARY KEY (`id`)
) ENGINE=InnoDB DEFAULT CHARSET=latin1;

-- Dumping data for table essentialmode.vehicle_display: ~9 rows (approximately)
DELETE FROM `vehicle_display`;
/*!40000 ALTER TABLE `vehicle_display` DISABLE KEYS */;
INSERT INTO `vehicle_display` (`id`, `model`, `name`, `commission`, `downpayment`) VALUES
	(1, 'panto', 'Panto', 10, 25),
	(2, 'carbonrs', 'Carbon RS', 10, 25),
	(3, 'adder', 'Adder', 10, 25),
	(4, 'adder', 'Adder', 10, 25),
	(5, 'adder', 'Adder', 10, 25),
	(6, 'adder', 'Adder', 10, 25),
	(7, 'baller2', 'Baller', 10, 25),
	(8, 'fixter', 'Fixter (velo)', 10, 25),
	(9, 'bati2', 'Bati 801RR', 10, 25);
/*!40000 ALTER TABLE `vehicle_display` ENABLE KEYS */;

-- Dumping structure for table essentialmode.vehicle_sold
DROP TABLE IF EXISTS `vehicle_sold`;
CREATE TABLE IF NOT EXISTS `vehicle_sold` (
  `client` varchar(50) COLLATE utf8mb4_bin NOT NULL,
  `model` varchar(50) COLLATE utf8mb4_bin NOT NULL,
  `plate` varchar(50) COLLATE utf8mb4_bin NOT NULL,
  `soldby` varchar(50) COLLATE utf8mb4_bin NOT NULL,
  `date` varchar(50) COLLATE utf8mb4_bin NOT NULL,
  PRIMARY KEY (`plate`)
) ENGINE=InnoDB DEFAULT CHARSET=utf8mb4 COLLATE=utf8mb4_bin;

-- Dumping data for table essentialmode.vehicle_sold: ~0 rows (approximately)
DELETE FROM `vehicle_sold`;
/*!40000 ALTER TABLE `vehicle_sold` DISABLE KEYS */;
/*!40000 ALTER TABLE `vehicle_sold` ENABLE KEYS */;

-- Dumping structure for table essentialmode.warrants_list
DROP TABLE IF EXISTS `warrants_list`;
CREATE TABLE IF NOT EXISTS `warrants_list` (
  `id` int(11) NOT NULL AUTO_INCREMENT,
  `json_data` longtext NOT NULL,
  PRIMARY KEY (`id`)
) ENGINE=InnoDB DEFAULT CHARSET=utf8;

-- Dumping data for table essentialmode.warrants_list: ~0 rows (approximately)
DELETE FROM `warrants_list`;
/*!40000 ALTER TABLE `warrants_list` DISABLE KEYS */;
/*!40000 ALTER TABLE `warrants_list` ENABLE KEYS */;

-- Dumping structure for table essentialmode.weashops
DROP TABLE IF EXISTS `weashops`;
CREATE TABLE IF NOT EXISTS `weashops` (
  `id` int(11) NOT NULL AUTO_INCREMENT,
  `name` varchar(255) NOT NULL,
  `item` varchar(255) NOT NULL,
  `price` int(11) NOT NULL,
  PRIMARY KEY (`id`)
) ENGINE=InnoDB DEFAULT CHARSET=latin1;

-- Dumping data for table essentialmode.weashops: ~38 rows (approximately)
DELETE FROM `weashops`;
/*!40000 ALTER TABLE `weashops` DISABLE KEYS */;
INSERT INTO `weashops` (`id`, `name`, `item`, `price`) VALUES
	(1, 'GunShop', 'WEAPON_PISTOL', 300),
	(2, 'BlackWeashop', 'WEAPON_PISTOL', 500),
	(3, 'GunShop', 'WEAPON_FLASHLIGHT', 60),
	(4, 'BlackWeashop', 'WEAPON_FLASHLIGHT', 70),
	(5, 'GunShop', 'WEAPON_MACHETE', 90),
	(6, 'BlackWeashop', 'WEAPON_MACHETE', 110),
	(7, 'GunShop', 'WEAPON_NIGHTSTICK', 150),
	(8, 'BlackWeashop', 'WEAPON_NIGHTSTICK', 150),
	(9, 'GunShop', 'WEAPON_BAT', 100),
	(10, 'BlackWeashop', 'WEAPON_BAT', 100),
	(11, 'GunShop', 'WEAPON_STUNGUN', 50),
	(12, 'BlackWeashop', 'WEAPON_STUNGUN', 50),
	(13, 'GunShop', 'WEAPON_MICROSMG', 1400),
	(14, 'BlackWeashop', 'WEAPON_MICROSMG', 1700),
	(15, 'GunShop', 'WEAPON_PUMPSHOTGUN', 3400),
	(16, 'BlackWeashop', 'WEAPON_PUMPSHOTGUN', 3500),
	(17, 'GunShop', 'WEAPON_ASSAULTRIFLE', 10000),
	(18, 'BlackWeashop', 'WEAPON_ASSAULTRIFLE', 11000),
	(19, 'GunShop', 'WEAPON_SPECIALCARBINE', 15000),
	(20, 'BlackWeashop', 'WEAPON_SPECIALCARBINE', 16500),
	(21, 'GunShop', 'WEAPON_SNIPERRIFLE', 22000),
	(22, 'BlackWeashop', 'WEAPON_SNIPERRIFLE', 24000),
	(23, 'GunShop', 'WEAPON_FIREWORK', 18000),
	(24, 'BlackWeashop', 'WEAPON_FIREWORK', 20000),
	(25, 'GunShop', 'WEAPON_GRENADE', 500),
	(26, 'BlackWeashop', 'WEAPON_GRENADE', 650),
	(27, 'GunShop', 'WEAPON_BZGAS', 200),
	(28, 'BlackWeashop', 'WEAPON_BZGAS', 350),
	(29, 'GunShop', 'WEAPON_FIREEXTINGUISHER', 100),
	(30, 'BlackWeashop', 'WEAPON_FIREEXTINGUISHER', 100),
	(31, 'GunShop', 'WEAPON_BALL', 50),
	(32, 'BlackWeashop', 'WEAPON_BALL', 50),
	(33, 'GunShop', 'WEAPON_SMOKEGRENADE', 100),
	(34, 'BlackWeashop', 'WEAPON_SMOKEGRENADE', 100),
	(35, 'BlackWeashop', 'WEAPON_APPISTOL', 1100),
	(36, 'BlackWeashop', 'WEAPON_CARBINERIFLE', 12000),
	(37, 'BlackWeashop', 'WEAPON_HEAVYSNIPER', 30000),
	(38, 'BlackWeashop', 'WEAPON_STICKYBOMB', 500);
/*!40000 ALTER TABLE `weashops` ENABLE KEYS */;

-- Dumping structure for table essentialmode.world_furnishings
DROP TABLE IF EXISTS `world_furnishings`;
CREATE TABLE IF NOT EXISTS `world_furnishings` (
  `motelId` bigint(20) NOT NULL DEFAULT '0',
  `furnishingData` longtext,
  `ownedFurnishingData` longtext,
  PRIMARY KEY (`motelId`)
) ENGINE=InnoDB DEFAULT CHARSET=latin1;

-- Dumping data for table essentialmode.world_furnishings: ~0 rows (approximately)
DELETE FROM `world_furnishings`;
/*!40000 ALTER TABLE `world_furnishings` DISABLE KEYS */;
INSERT INTO `world_furnishings` (`motelId`, `furnishingData`, `ownedFurnishingData`) VALUES
	(445410, NULL, '[{"price":7500,"name":"big_black_doublebed","description":"A bed.","handle":722435,"label":"Black double bed.","model":-1729561268},{"price":2500,"name":"beige_rug","description":"A cool rug.","handle":719619,"label":"White/beige mat.","model":-1424152376},{"price":5000,"name":"large_drawer","func":{"__cfx_functionReference":"es_extended:20950:28875"},"description":"A big dresser where you can store items and such.","handle":664323,"label":"Big dresser","model":-699619545}]');
/*!40000 ALTER TABLE `world_furnishings` ENABLE KEYS */;

-- Dumping structure for table essentialmode.world_keys
DROP TABLE IF EXISTS `world_keys`;
CREATE TABLE IF NOT EXISTS `world_keys` (
  `uuid` bigint(20) NOT NULL DEFAULT '0',
  `owner` varchar(50) NOT NULL,
  `keyData` longtext NOT NULL,
  PRIMARY KEY (`uuid`)
) ENGINE=InnoDB DEFAULT CHARSET=latin1;

-- Dumping data for table essentialmode.world_keys: ~0 rows (approximately)
DELETE FROM `world_keys`;
/*!40000 ALTER TABLE `world_keys` DISABLE KEYS */;
/*!40000 ALTER TABLE `world_keys` ENABLE KEYS */;

-- Dumping structure for table essentialmode.world_motels
DROP TABLE IF EXISTS `world_motels`;
CREATE TABLE IF NOT EXISTS `world_motels` (
  `userIdentifier` varchar(50) NOT NULL,
  `motelData` longtext NOT NULL,
  `motelCreated` timestamp NOT NULL DEFAULT CURRENT_TIMESTAMP
) ENGINE=InnoDB DEFAULT CHARSET=latin1;

-- Dumping data for table essentialmode.world_motels: ~0 rows (approximately)
DELETE FROM `world_motels`;
/*!40000 ALTER TABLE `world_motels` DISABLE KEYS */;
/*!40000 ALTER TABLE `world_motels` ENABLE KEYS */;

-- Dumping structure for table essentialmode.world_storages
DROP TABLE IF EXISTS `world_storages`;
CREATE TABLE IF NOT EXISTS `world_storages` (
  `storageId` varchar(255) NOT NULL,
  `storageData` longtext NOT NULL,
  PRIMARY KEY (`storageId`)
) ENGINE=InnoDB DEFAULT CHARSET=latin1;

-- Dumping data for table essentialmode.world_storages: ~0 rows (approximately)
DELETE FROM `world_storages`;
/*!40000 ALTER TABLE `world_storages` DISABLE KEYS */;
/*!40000 ALTER TABLE `world_storages` ENABLE KEYS */;

/*!40101 SET SQL_MODE=IFNULL(@OLD_SQL_MODE, '') */;
/*!40014 SET FOREIGN_KEY_CHECKS=IF(@OLD_FOREIGN_KEY_CHECKS IS NULL, 1, @OLD_FOREIGN_KEY_CHECKS) */;
/*!40101 SET CHARACTER_SET_CLIENT=@OLD_CHARACTER_SET_CLIENT */;
